{"type":"FeatureCollection","metadata":{"source":"NJOGIS NG911 Road Centerlines (Tran_road)","url":"https://services2.arcgis.com/XVOqAjTOJ5P6ngMu/arcgis/rest/services/Tran_road/FeatureServer/0","query_url":"https://services2.arcgis.com/XVOqAjTOJ5P6ngMu/arcgis/rest/services/Tran_road/FeatureServer/0/query","retrieved_at_utc":"2026-09-04T20:05:49.482565+00:00","source_last_edit_date":1785341586960,"out_sr":4326,"query_envelope_wgs84":[-74.8190324,38.9875662,-74.7806391,39.0263239],"spatial_relationship":"esriSpatialRelIntersects","boundary_file":"north_wildwood_boundary.geojson","boundary_sha256":"35e87485c745da6a44640a97c7f44c593fb2028bb8f94c1e819dc137ff4d3f9f","fields":["OBJECTID","PRIMENAME","ELEVTYP_F","ELEVTYP_T"],"feature_count":603,"complete_objectid_inventory_verified":true,"municipal_clipping":"Clipped to the Floodmapper North Wildwood municipal boundary","source_feature_count":820,"clipping_boundary_file":"Boundaries/North Wildwood.geojson","clipping_boundary_sha256":"35e87485c745da6a44640a97c7f44c593fb2028bb8f94c1e819dc137ff4d3f9f"},"features":[{"type":"Feature","id":"0:0:0","properties":{"OBJECTID":1322,"name":"Virginia Avenue","source":"NJOGIS NG911 Road Centerlines"},"geometry":{"type":"LineString","coordinates":[[-74.7970781013737,39.0142996184715],[-74.7977267897278,39.0137594527253]]}},{"type":"Feature","id":"1:0:0","properties":{"OBJECTID":1968,"name":"West 1st Avenue","source":"NJOGIS NG911 Road Centerlines"},"geometry":{"type":"LineString","coordinates":[[-74.7967576070654,39.0099965377129],[-74.7956993706186,39.009213450022],[-74.7953009257737,39.0089215882099]]}},{"type":"Feature","id":"2:0:0","properties":{"OBJECTID":2147,"name":"Anglesea Drive","source":"NJOGIS NG911 Road Centerlines"},"geometry":{"type":"LineString","coordinates":[[-74.7945416584997,39.0131549703433],[-74.7945537543102,39.0133729859997],[-74.794573233579,39.0138009025165],[-74.7945808188444,39.0140087975525]]}},{"type":"Feature","id":"3:0:0","properties":{"OBJECTID":2160,"name":"West Cherry Avenue","source":"NJOGIS NG911 Road Centerlines"},"geometry":{"type":"LineString","coordinates":[[-74.7951859167515,39.0158675841962],[-74.7951903202543,39.0158657434061],[-74.7952674085726,39.015808380611],[-74.7954072847924,39.0156918037757]]}},{"type":"Feature","id":"4:0:0","properties":{"OBJECTID":2769,"name":"Illinois Avenue","source":"NJOGIS NG911 Road Centerlines"},"geometry":{"type":"LineString","coordinates":[[-74.7986372748906,39.019860469023],[-74.7984673857468,39.0199982507067],[-74.7981499375393,39.0202606298275],[-74.7978955134306,39.0204691937459]]}},{"type":"Feature","id":"5:0:0","properties":{"OBJECTID":3034,"name":"West 12th Avenue","source":"NJOGIS NG911 Road Centerlines"},"geometry":{"type":"LineString","coordinates":[[-74.8041771772122,39.0042531100798],[-74.8044316011526,39.0044178880256]]}},{"type":"Feature","id":"6:0:0","properties":{"OBJECTID":3245,"name":"New Jersey Avenue","source":"NJOGIS NG911 Road Centerlines"},"geometry":{"type":"LineString","coordinates":[[-74.7983988359384,39.0040723907315],[-74.7978197145951,39.004554995796],[-74.7977451881094,39.0046158140433]]}},{"type":"Feature","id":"7:0:0","properties":{"OBJECTID":3611,"name":"Delaware Avenue","source":"NJOGIS NG911 Road Centerlines"},"geometry":{"type":"LineString","coordinates":[[-74.8097829120583,38.9991996166923],[-74.8096272362207,38.9993286722406],[-74.8091321250265,38.9997398011187]]}},{"type":"Feature","id":"8:0:0","properties":{"OBJECTID":4571,"name":"Ocean Avenue","source":"NJOGIS NG911 Road Centerlines"},"geometry":{"type":"LineString","coordinates":[[-74.7890029249809,39.0022573503322],[-74.7890671097644,39.0022048007503],[-74.7896511255714,39.0017214312704]]}},{"type":"Feature","id":"9:0:0","properties":{"OBJECTID":4666,"name":"West 7th Avenue","source":"NJOGIS NG911 Road Centerlines"},"geometry":{"type":"LineString","coordinates":[[-74.799207282951,39.0056851724985],[-74.7995207180314,39.0059141673535],[-74.8001407061663,39.0063749450599],[-74.8002765720446,39.0064802818763],[-74.8002935698476,39.0064886954189],[-74.8003104828233,39.0064934300573],[-74.8003298442524,39.0064947801581],[-74.8003373155335,39.00649420149]]}},{"type":"Feature","id":"12:0:0","properties":{"OBJECTID":5760,"name":"East 21st Avenue","source":"NJOGIS NG911 Road Centerlines"},"geometry":{"type":"LineString","coordinates":[[-74.8053016577298,38.9959131576665],[-74.8053603257301,38.995956662687],[-74.8054138401248,38.9959963371832]]}},{"type":"Feature","id":"14:0:0","properties":{"OBJECTID":6285,"name":"Walnut Avenue","source":"NJOGIS NG911 Road Centerlines"},"geometry":{"type":"LineString","coordinates":[[-74.7939362784993,39.0100733959326],[-74.7938678906334,39.0099554274343],[-74.7938444709966,39.0099150287325],[-74.7938035292509,39.0098611756442],[-74.7936729539535,39.0097662518075],[-74.7925318758565,39.0089324090827]]}},{"type":"Feature","id":"15:0:0","properties":{"OBJECTID":6720,"name":"West 1st Avenue","source":"NJOGIS NG911 Road Centerlines"},"geometry":{"type":"LineString","coordinates":[[-74.7942472727659,39.0081498714602],[-74.7940052193869,39.0079725786015],[-74.7938417070782,39.0078519822758]]}},{"type":"Feature","id":"17:0:0","properties":{"OBJECTID":8419,"name":"East Walnut Avenue","source":"NJOGIS NG911 Road Centerlines"},"geometry":{"type":"LineString","coordinates":[[-74.7910874164032,39.0078731924457],[-74.7920076459803,39.0085417547207],[-74.7925318758565,39.0089324090827]]}},{"type":"Feature","id":"21:0:0","properties":{"OBJECTID":9975,"name":"Beach Creek Bridge","source":"NJOGIS NG911 Road Centerlines"},"geometry":{"type":"LineString","coordinates":[[-74.7991192000977,39.0200397450256],[-74.7991254402555,39.0200588128405],[-74.7991971066867,39.0202595135948],[-74.7993076122761,39.0205053107902],[-74.7993619392059,39.0206220525421]]}},{"type":"Feature","id":"22:0:0","properties":{"OBJECTID":10067,"name":"Beach Drive","source":"NJOGIS NG911 Road Centerlines"},"geometry":{"type":"LineString","coordinates":[[-74.7917179671863,38.9981470514598],[-74.7911765308344,38.9985945474842],[-74.7910643440563,38.9986873073282]]}},{"type":"Feature","id":"23:0:0","properties":{"OBJECTID":10259,"name":"Central Avenue","source":"NJOGIS NG911 Road Centerlines"},"geometry":{"type":"LineString","coordinates":[[-74.8084266898729,38.9934976898022],[-74.808024246042,38.9938330589532]]}},{"type":"Feature","id":"24:0:0","properties":{"OBJECTID":10268,"name":"Seabreeze Court","source":"NJOGIS NG911 Road Centerlines"},"geometry":{"type":"LineString","coordinates":[[-74.7950426515262,39.0200838491747],[-74.7950565993665,39.0203388905789],[-74.7950856008844,39.0204778919707],[-74.795128599274,39.0205938896197],[-74.7951545998294,39.0206498906525]]}},{"type":"Feature","id":"25:0:0","properties":{"OBJECTID":10710,"name":"Maryland Avenue","source":"NJOGIS NG911 Road Centerlines"},"geometry":{"type":"LineString","coordinates":[[-74.808949973076,39.0021719947249],[-74.8090889999898,39.0020567413108]]}},{"type":"Feature","id":"26:0:0","properties":{"OBJECTID":11153,"name":"Central Avenue","source":"NJOGIS NG911 Road Centerlines"},"geometry":{"type":"LineString","coordinates":[[-74.7975993391676,39.0024701516602],[-74.7969527864949,39.0030086104401]]}},{"type":"Feature","id":"27:0:0","properties":{"OBJECTID":12309,"name":"Delaware Avenue","source":"NJOGIS NG911 Road Centerlines"},"geometry":{"type":"LineString","coordinates":[[-74.8032696316362,39.0045990858116],[-74.8030715036193,39.0047637746722],[-74.802765238302,39.0050210849351]]}},{"type":"Feature","id":"28:0:0","properties":{"OBJECTID":12451,"name":"New York Avenue","source":"NJOGIS NG911 Road Centerlines"},"geometry":{"type":"LineString","coordinates":[[-74.7985597963278,39.0062230099006],[-74.7985651269692,39.006218584738],[-74.79898862731,39.0058670405501],[-74.799207282951,39.0056851724985]]}},{"type":"Feature","id":"30:0:0","properties":{"OBJECTID":13414,"name":"Weeks Avenue","source":"NJOGIS NG911 Road Centerlines"},"geometry":{"type":"LineString","coordinates":[[-74.7938518635839,39.0111912172443],[-74.7936671481659,39.0113156012312],[-74.793364371326,39.0115718076065]]}},{"type":"Feature","id":"33:0:0","properties":{"OBJECTID":16769,"name":"Delaware Avenue","source":"NJOGIS NG911 Road Centerlines"},"geometry":{"type":"LineString","coordinates":[[-74.8071758490084,39.0013633912277],[-74.8066087792262,39.0018309602926],[-74.8065267646071,39.0018992999188]]}},{"type":"Feature","id":"34:0:0","properties":{"OBJECTID":16909,"name":"West Pine Avenue","source":"NJOGIS NG911 Road Centerlines"},"geometry":{"type":"LineString","coordinates":[[-74.7978955134306,39.0204691937459],[-74.7978757542491,39.0204157826749],[-74.7978650821153,39.0203722065074],[-74.7978578141081,39.0203095648578],[-74.7978640073153,39.020116050653],[-74.7979237843887,39.0193802359702],[-74.7980028682659,39.0182465565193],[-74.7980408880022,39.0177111061018]]}},{"type":"Feature","id":"38:0:0","properties":{"OBJECTID":28305,"name":"East 17th Avenue","source":"NJOGIS NG911 Road Centerlines"},"geometry":{"type":"LineString","coordinates":[[-74.8028171181631,38.9981546058058],[-74.8034108963835,38.9985863288465],[-74.8042546906247,38.9992136420227]]}},{"type":"Feature","id":"40:0:0","properties":{"OBJECTID":34143,"name":"Beach Creek","source":"NJOGIS NG911 Road Centerlines"},"geometry":{"type":"LineString","coordinates":[[-74.800975177314,39.0059744566907],[-74.8010825507897,39.0058837322009],[-74.8014073530835,39.0056219570615],[-74.8015887592371,39.0054794466487],[-74.8016033305238,39.0054632358047],[-74.8016098043129,39.0054463873621],[-74.8016088443024,39.0054356533697]]}},{"type":"Feature","id":"41:0:0","properties":{"OBJECTID":41161,"name":"West 11th Avenue","source":"NJOGIS NG911 Road Centerlines"},"geometry":{"type":"LineString","coordinates":[[-74.8035269480689,39.0047795323034],[-74.8032696316362,39.0045990858116]]}},{"type":"Feature","id":"42:0:0","properties":{"OBJECTID":41886,"name":"Central Avenue","source":"NJOGIS NG911 Road Centerlines"},"geometry":{"type":"LineString","coordinates":[[-74.7963017344664,39.0035507831755],[-74.7956553024051,39.0040890956529]]}},{"type":"Feature","id":"43:0:0","properties":{"OBJECTID":43255,"name":"New Jersey Avenue","source":"NJOGIS NG911 Road Centerlines"},"geometry":{"type":"LineString","coordinates":[[-74.7990457368262,39.0035333204684],[-74.7983988359384,39.0040723907315]]}},{"type":"Feature","id":"44:0:0","properties":{"OBJECTID":44457,"name":"East 3rd Avenue","source":"NJOGIS NG911 Road Centerlines"},"geometry":{"type":"LineString","coordinates":[[-74.7904982773081,39.003362459922],[-74.7908124256563,39.0035945511827],[-74.7921465836384,39.0045705753661]]}},{"type":"Feature","id":"45:0:0","properties":{"OBJECTID":45464,"name":"Anglesea Drive","source":"NJOGIS NG911 Road Centerlines"},"geometry":{"type":"LineString","coordinates":[[-74.7961158635662,39.0176207711058],[-74.7961330634268,39.0176278235228],[-74.7962038881966,39.0176379955028],[-74.7963631706303,39.0176410232469],[-74.7969118241036,39.0176637910274],[-74.7971060431591,39.0176714520446]]}},{"type":"Feature","id":"46:0:0","properties":{"OBJECTID":45826,"name":"North New York Avenue","source":"NJOGIS NG911 Road Centerlines"},"geometry":{"type":"LineString","coordinates":[[-74.7926813615527,39.0110888840308],[-74.7929779139897,39.0108421955219],[-74.7933435759416,39.0105421465457]]}},{"type":"Feature","id":"47:0:0","properties":{"OBJECTID":46001,"name":"Pine Avenue","source":"NJOGIS NG911 Road Centerlines"},"geometry":{"type":"LineString","coordinates":[[-74.7956127133586,39.0132268381982],[-74.7957862602079,39.0133528990182],[-74.7968353141609,39.0141217300011],[-74.7970781013737,39.0142996184715]]}},{"type":"Feature","id":"48:0:0","properties":{"OBJECTID":46059,"name":"Surf Avenue","source":"NJOGIS NG911 Road Centerlines"},"geometry":{"type":"LineString","coordinates":[[-74.7950600082726,38.9995815026528],[-74.7953872590918,38.9993093031094],[-74.7957085895491,38.9990440380747]]}},{"type":"Feature","id":"49:0:0","properties":{"OBJECTID":46325,"name":"Central Avenue","source":"NJOGIS NG911 Road Centerlines"},"geometry":{"type":"LineString","coordinates":[[-74.7969527864949,39.0030086104401],[-74.7963017344664,39.0035507831755]]}},{"type":"Feature","id":"50:0:0","properties":{"OBJECTID":46713,"name":"Atlantic Avenue","source":"NJOGIS NG911 Road Centerlines"},"geometry":{"type":"LineString","coordinates":[[-74.8045154814568,38.9943138946228],[-74.8038658189423,38.9948528112009]]}},{"type":"Feature","id":"51:0:0","properties":{"OBJECTID":46874,"name":"North Delaware Avenue","source":"NJOGIS NG911 Road Centerlines"},"geometry":{"type":"LineString","coordinates":[[-74.7954545411218,39.0110776932031],[-74.79480556733,39.0116149915445]]}},{"type":"Feature","id":"52:0:0","properties":{"OBJECTID":46899,"name":"Ocean Avenue","source":"NJOGIS NG911 Road Centerlines"},"geometry":{"type":"LineString","coordinates":[[-74.7903022241125,39.0011825627457],[-74.7904556593474,39.0010555699941],[-74.7909559781806,39.0006413497926]]}},{"type":"Feature","id":"53:0:0","properties":{"OBJECTID":46901,"name":"New Jersey Avenue","source":"NJOGIS NG911 Road Centerlines"},"geometry":{"type":"LineString","coordinates":[[-74.7970953597218,39.0051497774888],[-74.7964391616141,39.0056941331973]]}},{"type":"Feature","id":"54:0:0","properties":{"OBJECTID":47044,"name":"East 13th Avenue","source":"NJOGIS NG911 Road Centerlines"},"geometry":{"type":"LineString","coordinates":[[-74.8002078847664,39.0003124095275],[-74.8008480133278,39.000786201872],[-74.8016526959171,39.0013759342663]]}},{"type":"Feature","id":"55:0:0","properties":{"OBJECTID":47310,"name":"East 15th Avenue","source":"NJOGIS NG911 Road Centerlines"},"geometry":{"type":"LineString","coordinates":[[-74.7983111750538,38.9968823974882],[-74.7983983563042,38.9969461529789],[-74.7995868623528,38.9978250147488],[-74.7999550780549,38.9980937376239]]}},{"type":"Feature","id":"56:0:0","properties":{"OBJECTID":47795,"name":"East 9th Avenue","source":"NJOGIS NG911 Road Centerlines"},"geometry":{"type":"LineString","coordinates":[[-74.7944041666514,39.0001269716635],[-74.7951814137424,39.0007002881305],[-74.7960489736195,39.0013336685721]]}},{"type":"Feature","id":"57:0:0","properties":{"OBJECTID":48320,"name":"New York Avenue","source":"NJOGIS NG911 Road Centerlines"},"geometry":{"type":"LineString","coordinates":[[-74.799207282951,39.0056851724985],[-74.7998536354615,39.0051476640971]]}},{"type":"Feature","id":"58:0:0","properties":{"OBJECTID":48366,"name":"2nd Avenue","source":"NJOGIS NG911 Road Centerlines"},"geometry":{"type":"LineString","coordinates":[[-74.7945089539479,39.0073228803413],[-74.7946347608533,39.0074147677131]]}},{"type":"Feature","id":"61:0:0","properties":{"OBJECTID":48935,"name":"East 15th Avenue","source":"NJOGIS NG911 Road Centerlines"},"geometry":{"type":"LineString","coordinates":[[-74.7968136448711,38.995782774085],[-74.7971806982655,38.9960560392383],[-74.7983111750538,38.9968823974882]]}},{"type":"Feature","id":"62:0:0","properties":{"OBJECTID":48972,"name":"Allen Drive","source":"NJOGIS NG911 Road Centerlines"},"geometry":{"type":"LineString","coordinates":[[-74.7969598834767,39.0189797713529],[-74.7965963462748,39.0192560746912],[-74.7961745216893,39.019609601563],[-74.7961016180503,39.0196923261235],[-74.7960653215347,39.0197749577383],[-74.796061934894,39.0199337293856],[-74.7960717849751,39.0200673442539]]}},{"type":"Feature","id":"65:0:0","properties":{"OBJECTID":49519,"name":"New York Avenue","source":"NJOGIS NG911 Road Centerlines"},"geometry":{"type":"LineString","coordinates":[[-74.8031127556953,39.0024484071679],[-74.8032074679865,39.0023694382972],[-74.8037655502411,39.0019086908636]]}},{"type":"Feature","id":"66:0:0","properties":{"OBJECTID":49694,"name":"Atlantic Avenue","source":"NJOGIS NG911 Road Centerlines"},"geometry":{"type":"LineString","coordinates":[[-74.8012580113101,38.9970119536674],[-74.8006089062493,38.9975523882641]]}},{"type":"Feature","id":"67:0:0","properties":{"OBJECTID":49943,"name":"East 3rd Avenue","source":"NJOGIS NG911 Road Centerlines"},"geometry":{"type":"LineString","coordinates":[[-74.7890029249809,39.0022573503322],[-74.7904982773081,39.003362459922]]}},{"type":"Feature","id":"68:0:0","properties":{"OBJECTID":49961,"name":"West 26th Avenue","source":"NJOGIS NG911 Road Centerlines"},"geometry":{"type":"LineString","coordinates":[[-74.81644443666879,38.99897244045956],[-74.816367876514,38.9989161233362],[-74.8161738489815,38.9987816621954],[-74.8157200582261,38.99846718059651]]}},{"type":"Feature","id":"69:0:0","properties":{"OBJECTID":50398,"name":"Anglesea Drive","source":"NJOGIS NG911 Road Centerlines"},"geometry":{"type":"LineString","coordinates":[[-74.7938518635839,39.0111912172443],[-74.7943030400477,39.0119711311763],[-74.7943536385301,39.0120585960581],[-74.7943883292882,39.012123584034]]}},{"type":"Feature","id":"72:0:0","properties":{"OBJECTID":50744,"name":"East 8th Avenue","source":"NJOGIS NG911 Road Centerlines"},"geometry":{"type":"LineString","coordinates":[[-74.796844595319,39.0029293107672],[-74.7966419109622,39.002780618209],[-74.7954027944399,39.0018690144495]]}},{"type":"Feature","id":"73:0:0","properties":{"OBJECTID":51355,"name":"East 3rd Avenue","source":"NJOGIS NG911 Road Centerlines"},"geometry":{"type":"LineString","coordinates":[[-74.7921465836384,39.0045705753661],[-74.7923196481711,39.0046971913994],[-74.7935892929881,39.005627558832]]}},{"type":"Feature","id":"74:0:0","properties":{"OBJECTID":51834,"name":"Surf Avenue","source":"NJOGIS NG911 Road Centerlines"},"geometry":{"type":"LineString","coordinates":[[-74.796361762627,38.9985048834867],[-74.7970140855691,38.9979663309483]]}},{"type":"Feature","id":"75:0:0","properties":{"OBJECTID":52016,"name":"Atlantic Avenue","source":"NJOGIS NG911 Road Centerlines"},"geometry":{"type":"LineString","coordinates":[[-74.7967046126883,39.0007903872492],[-74.7966302324211,39.0008520557631],[-74.7960489736195,39.0013336685721]]}},{"type":"Feature","id":"76:0:0","properties":{"OBJECTID":52184,"name":"East 13th Avenue","source":"NJOGIS NG911 Road Centerlines"},"geometry":{"type":"LineString","coordinates":[[-74.7986552488737,38.9991700352035],[-74.7997098449416,38.9999437703978],[-74.8000968325388,39.0002302104075]]}},{"type":"Feature","id":"77:0:0","properties":{"OBJECTID":52349,"name":"Delaware Avenue","source":"NJOGIS NG911 Road Centerlines"},"geometry":{"type":"LineString","coordinates":[[-74.8052279881184,39.0029759690042],[-74.8045703568918,39.0035198806128]]}},{"type":"Feature","id":"78:0:0","properties":{"OBJECTID":52426,"name":"Central Avenue","source":"NJOGIS NG911 Road Centerlines"},"geometry":{"type":"LineString","coordinates":[[-74.7982519907138,39.0019284071423],[-74.7979804198438,39.002152777136],[-74.7975993391676,39.0024701516602]]}},{"type":"Feature","id":"80:0:0","properties":{"OBJECTID":52946,"name":"Anglesea Drive","source":"NJOGIS NG911 Road Centerlines"},"geometry":{"type":"LineString","coordinates":[[-74.7989364203917,39.0177348451231],[-74.7990448473308,39.0177306683092]]}},{"type":"Feature","id":"81:0:0","properties":{"OBJECTID":53093,"name":"East 5th Avenue","source":"NJOGIS NG911 Road Centerlines"},"geometry":{"type":"LineString","coordinates":[[-74.794886019512,39.004553853381],[-74.7949438755736,39.0045965422379],[-74.7949980243319,39.0046364396586]]}},{"type":"Feature","id":"82:0:0","properties":{"OBJECTID":53159,"name":"East 10th Avenue","source":"NJOGIS NG911 Road Centerlines"},"geometry":{"type":"LineString","coordinates":[[-74.7950600082726,38.9995815026528],[-74.7943906484079,38.9990896844344],[-74.7935605003263,38.9984818430145]]}},{"type":"Feature","id":"83:0:0","properties":{"OBJECTID":53198,"name":"Northwest 18th Avenue","source":"NJOGIS NG911 Road Centerlines"},"geometry":{"type":"LineString","coordinates":[[-74.808949973076,39.0021719947249],[-74.8093495145622,39.0024692440323],[-74.8097027288081,39.0027230483308],[-74.8097956115884,39.0027897898637]]}},{"type":"Feature","id":"84:0:0","properties":{"OBJECTID":54002,"name":"Ohio Avenue","source":"NJOGIS NG911 Road Centerlines"},"geometry":{"type":"LineString","coordinates":[[-74.7972466393091,39.0164562566771],[-74.7968917767929,39.0167452527765],[-74.7966461299153,39.0169453038394]]}},{"type":"Feature","id":"85:0:0","properties":{"OBJECTID":54284,"name":"Old New Jersey Avenue","source":"NJOGIS NG911 Road Centerlines"},"geometry":{"type":"LineString","coordinates":[[-74.7938417070782,39.0078519822758],[-74.7935034267657,39.0081316180854],[-74.79318832407,39.0083913693959]]}},{"type":"Feature","id":"86:0:0","properties":{"OBJECTID":54668,"name":"East 4th Avenue","source":"NJOGIS NG911 Road Centerlines"},"geometry":{"type":"LineString","coordinates":[[-74.7911505768771,39.0028224307086],[-74.7902648641268,39.0021757416794],[-74.7896511255714,39.0017214312704]]}},{"type":"Feature","id":"89:0:0","properties":{"OBJECTID":55901,"name":"East 24th Avenue","source":"NJOGIS NG911 Road Centerlines"},"geometry":{"type":"LineString","coordinates":[[-74.8073709633895,38.9943736252599],[-74.807316427822,38.9943337615549],[-74.8072595979962,38.9942921751082]]}},{"type":"Feature","id":"90:0:0","properties":{"OBJECTID":56068,"name":"Ocean Avenue","source":"NJOGIS NG911 Road Centerlines"},"geometry":{"type":"LineString","coordinates":[[-74.7955143897397,38.9968629895368],[-74.7961646192108,38.996322498342]]}},{"type":"Feature","id":"92:0:0","properties":{"OBJECTID":57049,"name":"New Jersey Avenue","source":"NJOGIS NG911 Road Centerlines"},"geometry":{"type":"LineString","coordinates":[[-74.8010043468986,39.0019127166574],[-74.8005829455858,39.0022615630619],[-74.8003511480712,39.0024532698967]]}},{"type":"Feature","id":"93:0:0","properties":{"OBJECTID":57586,"name":"Atlantic Avenue","source":"NJOGIS NG911 Road Centerlines"},"geometry":{"type":"LineString","coordinates":[[-74.7980038590647,38.9997121636406],[-74.7979406692019,38.9997647426348],[-74.797356660355,39.0002492797351]]}},{"type":"Feature","id":"94:0:0","properties":{"OBJECTID":57882,"name":"Beach Drive","source":"NJOGIS NG911 Road Centerlines"},"geometry":{"type":"LineString","coordinates":[[-74.7881485043542,39.0006170148588],[-74.7879427738881,39.0007873525663],[-74.7875029237408,39.0011570658917]]}},{"type":"Feature","id":"96:0:0","properties":{"OBJECTID":58803,"name":"East 25th Avenue","source":"NJOGIS NG911 Road Centerlines"},"geometry":{"type":"LineString","coordinates":[[-74.803506505839,38.9905056550744],[-74.8048281946777,38.9914874173761]]}},{"type":"Feature","id":"97:0:0","properties":{"OBJECTID":58814,"name":"Central Avenue","source":"NJOGIS NG911 Road Centerlines"},"geometry":{"type":"LineString","coordinates":[[-74.7937053202662,39.005712580252],[-74.7930503420566,39.006253179745]]}},{"type":"Feature","id":"98:0:0","properties":{"OBJECTID":58983,"name":"Virginia Avenue","source":"NJOGIS NG911 Road Centerlines"},"geometry":{"type":"LineString","coordinates":[[-74.7954072847924,39.0156918037757],[-74.7954075195456,39.0156916076945],[-74.7957757874927,39.0153846738617]]}},{"type":"Feature","id":"99:0:0","properties":{"OBJECTID":59089,"name":"East 17th Avenue","source":"NJOGIS NG911 Road Centerlines"},"geometry":{"type":"LineString","coordinates":[[-74.7971425353501,38.9939816012363],[-74.798115759635,38.994705667214]]}},{"type":"Feature","id":"100:0:0","properties":{"OBJECTID":59284,"name":"East 11th Avenue","source":"NJOGIS NG911 Road Centerlines"},"geometry":{"type":"LineString","coordinates":[[-74.7957085895491,38.9990440380747],[-74.7954743322768,38.9988731540484],[-74.7942115758961,38.9979430894421]]}},{"type":"Feature","id":"101:0:0","properties":{"OBJECTID":59696,"name":"East 11th Avenue","source":"NJOGIS NG911 Road Centerlines"},"geometry":{"type":"LineString","coordinates":[[-74.7987949097735,39.0013110170963],[-74.7986033793915,39.001170481875],[-74.797356660355,39.0002492797351]]}},{"type":"Feature","id":"102:0:0","properties":{"OBJECTID":59708,"name":"East 24th Avenue","source":"NJOGIS NG911 Road Centerlines"},"geometry":{"type":"LineString","coordinates":[[-74.8088201152859,38.9954354302555],[-74.808439231037,38.9951547431249],[-74.8073709633895,38.9943736252599]]}},{"type":"Feature","id":"104:0:0","properties":{"OBJECTID":60411,"name":"East 11th Avenue","source":"NJOGIS NG911 Road Centerlines"},"geometry":{"type":"LineString","coordinates":[[-74.7989030999428,39.0013904239899],[-74.798849798668,39.0013512955251],[-74.7987949097735,39.0013110170963]]}},{"type":"Feature","id":"105:0:0","properties":{"OBJECTID":61693,"name":"Ocean Avenue","source":"NJOGIS NG911 Road Centerlines"},"geometry":{"type":"LineString","coordinates":[[-74.7942115758961,38.9979430894421],[-74.7948625716336,38.997404443208]]}},{"type":"Feature","id":"107:0:0","properties":{"OBJECTID":62419,"name":"Surf Avenue","source":"NJOGIS NG911 Road Centerlines"},"geometry":{"type":"LineString","coordinates":[[-74.7911505768771,39.0028224307086],[-74.7918059535916,39.0022801109326]]}},{"type":"Feature","id":"108:0:0","properties":{"OBJECTID":62488,"name":"East 13th Avenue","source":"NJOGIS NG911 Road Centerlines"},"geometry":{"type":"LineString","coordinates":[[-74.794333860224,38.9960334359577],[-74.7943500116919,38.9960333952127],[-74.7943793685478,38.9960447441],[-74.794441744971,38.9960759989218],[-74.7945665080127,38.9961584706762],[-74.7952457204484,38.996665146404],[-74.7955143897397,38.9968629895368]]}},{"type":"Feature","id":"109:0:0","properties":{"OBJECTID":62908,"name":"Ocean Avenue","source":"NJOGIS NG911 Road Centerlines"},"geometry":{"type":"LineString","coordinates":[[-74.7883446269848,39.0027960095151],[-74.7890029249809,39.0022573503322]]}},{"type":"Feature","id":"110:0:0","properties":{"OBJECTID":62970,"name":"East 5th Avenue","source":"NJOGIS NG911 Road Centerlines"},"geometry":{"type":"LineString","coordinates":[[-74.7949980243319,39.0046364396586],[-74.79559748534,39.0050786763454],[-74.7964391616141,39.0056941331973]]}},{"type":"Feature","id":"112:0:0","properties":{"OBJECTID":63749,"name":"West 20th Avenue","source":"NJOGIS NG911 Road Centerlines"},"geometry":{"type":"LineString","coordinates":[[-74.8091321250265,38.9997398011187],[-74.8088394949911,38.9995214583094],[-74.8076681501262,38.9986731519172]]}},{"type":"Feature","id":"113:0:0","properties":{"OBJECTID":63834,"name":"West Chestnut Avenue","source":"NJOGIS NG911 Road Centerlines"},"geometry":{"type":"LineString","coordinates":[[-74.7961043803725,39.010539016106],[-74.7954116382869,39.0100285370521],[-74.7946446356444,39.009464067186]]}},{"type":"Feature","id":"114:0:0","properties":{"OBJECTID":64192,"name":"Central Avenue","source":"NJOGIS NG911 Road Centerlines"},"geometry":{"type":"LineString","coordinates":[[-74.8028171181631,38.9981546058058],[-74.8024368125047,38.9984706501897],[-74.8021661102039,38.9986943404131]]}},{"type":"Feature","id":"117:0:0","properties":{"OBJECTID":64998,"name":"Saint Demetrios Avenue","source":"NJOGIS NG911 Road Centerlines"},"geometry":{"type":"LineString","coordinates":[[-74.7934734271749,39.0121732275435],[-74.7934986521611,39.0125201001284]]}},{"type":"Feature","id":"118:0:0","properties":{"OBJECTID":65005,"name":"Delaware Avenue","source":"NJOGIS NG911 Road Centerlines"},"geometry":{"type":"LineString","coordinates":[[-74.8065267646071,39.0018992999188],[-74.8062420790345,39.0021364914868],[-74.8062129053391,39.0021606210869]]}},{"type":"Feature","id":"119:0:0","properties":{"OBJECTID":65274,"name":"Delaware Avenue","source":"NJOGIS NG911 Road Centerlines"},"geometry":{"type":"LineString","coordinates":[[-74.8075042289511,39.0010925827279],[-74.8075032119926,39.0010934214087],[-74.8071758490084,39.0013633912277]]}},{"type":"Feature","id":"123:0:0","properties":{"OBJECTID":66181,"name":"West Spruce Avenue","source":"NJOGIS NG911 Road Centerlines"},"geometry":{"type":"LineString","coordinates":[[-74.7962646855199,39.0126890612434],[-74.7959390831145,39.0124502865286],[-74.7954766316069,39.0121067748216],[-74.79511054176,39.0118379502764],[-74.79480556733,39.0116149915445]]}},{"type":"Feature","id":"124:0:0","properties":{"OBJECTID":66533,"name":"East 2nd Avenue","source":"NJOGIS NG911 Road Centerlines"},"geometry":{"type":"LineString","coordinates":[[-74.7883446269848,39.0027960095151],[-74.7889445580215,39.0032380875552],[-74.7898474075332,39.0039016305845]]}},{"type":"Feature","id":"125:0:0","properties":{"OBJECTID":66627,"name":"New Jersey Avenue","source":"NJOGIS NG911 Road Centerlines"},"geometry":{"type":"LineString","coordinates":[[-74.8068595814688,38.9970579292202],[-74.8063372965673,38.9974915781841],[-74.8062088246743,38.9975974650575]]}},{"type":"Feature","id":"126:0:0","properties":{"OBJECTID":67128,"name":"West Oak Avenue","source":"NJOGIS NG911 Road Centerlines"},"geometry":{"type":"LineString","coordinates":[[-74.7974730735368,39.0205917193361],[-74.797444109924,39.0205174632458],[-74.7973733178434,39.02029748349],[-74.7970540331404,39.0193738047571],[-74.7970010185397,39.0192295372843],[-74.7969690858452,39.0191097357274],[-74.7969547469149,39.0190225644708],[-74.7969598834767,39.0189797713529]]}},{"type":"Feature","id":"127:0:0","properties":{"OBJECTID":67255,"name":"West 5th Avenue","source":"NJOGIS NG911 Road Centerlines"},"geometry":{"type":"LineString","coordinates":[[-74.7979033908789,39.0067679787516],[-74.7983276773619,39.0070797819599],[-74.7985229798224,39.0072180016125]]}},{"type":"Feature","id":"130:0:0","properties":{"OBJECTID":69385,"name":"East 19th Avenue","source":"NJOGIS NG911 Road Centerlines"},"geometry":{"type":"LineString","coordinates":[[-74.8040017784817,38.9969905304497],[-74.804061502446,38.9970341991227],[-74.8041166381548,38.9970745014865]]}},{"type":"Feature","id":"131:0:0","properties":{"OBJECTID":69797,"name":"New Jersey Avenue","source":"NJOGIS NG911 Road Centerlines"},"geometry":{"type":"LineString","coordinates":[[-74.8036060404724,38.9997528838425],[-74.8034445327722,38.9998871641195],[-74.8029532341281,39.0002938903951]]}},{"type":"Feature","id":"132:0:0","properties":{"OBJECTID":69976,"name":"New York Avenue","source":"NJOGIS NG911 Road Centerlines"},"geometry":{"type":"LineString","coordinates":[[-74.8050673394922,39.0008282959038],[-74.8051504067872,39.0007593230329],[-74.8057159988705,39.0002912423404]]}},{"type":"Feature","id":"134:0:0","properties":{"OBJECTID":70387,"name":"Atlantic Avenue","source":"NJOGIS NG911 Road Centerlines"},"geometry":{"type":"LineString","coordinates":[[-74.797356660355,39.0002492797351],[-74.7967046126883,39.0007903872492]]}},{"type":"Feature","id":"137:0:0","properties":{"OBJECTID":71990,"name":"Pine Avenue","source":"NJOGIS NG911 Road Centerlines"},"geometry":{"type":"LineString","coordinates":[[-74.7970781013737,39.0142996184715],[-74.7981783745626,39.0151056771765],[-74.7984600506574,39.0153145186959],[-74.7984764316278,39.015343033167],[-74.7984846955322,39.0153747538468],[-74.7984767253908,39.0154129139735],[-74.7984513597247,39.0154413586795]]}},{"type":"Feature","id":"138:0:0","properties":{"OBJECTID":72377,"name":"South West 15th Avenue","source":"NJOGIS NG911 Road Centerlines"},"geometry":{"type":"LineString","coordinates":[[-74.807465883382,39.0034204925744],[-74.8076743558082,39.0032421497176]]}},{"type":"Feature","id":"139:0:0","properties":{"OBJECTID":73155,"name":"New Jersey Avenue","source":"NJOGIS NG911 Road Centerlines"},"geometry":{"type":"LineString","coordinates":[[-74.8062088246743,38.9975974650575],[-74.8055600446022,38.9981323805339]]}},{"type":"Feature","id":"140:0:0","properties":{"OBJECTID":73269,"name":"East 19th Avenue","source":"NJOGIS NG911 Road Centerlines"},"geometry":{"type":"LineString","coordinates":[[-74.8025649843417,38.9959295400597],[-74.8034103289445,38.9965581727239],[-74.8040017784817,38.9969905304497]]}},{"type":"Feature","id":"141:0:0","properties":{"OBJECTID":73561,"name":"Surf Avenue","source":"NJOGIS NG911 Road Centerlines"},"geometry":{"type":"LineString","coordinates":[[-74.7924553233393,39.0017427455295],[-74.7931087825228,39.0012013564616]]}},{"type":"Feature","id":"142:0:0","properties":{"OBJECTID":73638,"name":"East 20th Avenue","source":"NJOGIS NG911 Road Centerlines"},"geometry":{"type":"LineString","coordinates":[[-74.8046539494741,38.9964499869841],[-74.8042574072736,38.9961585627009],[-74.8032148115152,38.9953918654529]]}},{"type":"Feature","id":"143:0:0","properties":{"OBJECTID":75958,"name":"Central Avenue","source":"NJOGIS NG911 Road Centerlines"},"geometry":{"type":"LineString","coordinates":[[-74.8047675406255,38.996533493152],[-74.8041166381548,38.9970745014865]]}},{"type":"Feature","id":"144:0:0","properties":{"OBJECTID":76102,"name":"Hoffman Canal Avenue","source":"NJOGIS NG911 Road Centerlines"},"geometry":{"type":"LineString","coordinates":[[-74.8048337109201,39.0037134872099],[-74.8048455485932,39.0037038071444],[-74.8050793607118,39.0035126194751],[-74.8054177703885,39.0032215816508],[-74.8054868865366,39.0031644797138]]}},{"type":"Feature","id":"145:0:0","properties":{"OBJECTID":76748,"name":"West Chestnut Avenue","source":"NJOGIS NG911 Road Centerlines"},"geometry":{"type":"LineString","coordinates":[[-74.7975140203743,39.0116233549614],[-74.7975098389989,39.0115915967545],[-74.797493411306,39.0115598968016],[-74.7974158095751,39.0114934255243],[-74.7968158064133,39.01106317168],[-74.7961043803725,39.010539016106]]}},{"type":"Feature","id":"146:0:0","properties":{"OBJECTID":76915,"name":"West 4th Avenue","source":"NJOGIS NG911 Road Centerlines"},"geometry":{"type":"LineString","coordinates":[[-74.7972555977332,39.0073048763323],[-74.7967396361532,39.0069253152898],[-74.79579158228,39.0062316816374]]}},{"type":"Feature","id":"147:0:0","properties":{"OBJECTID":77248,"name":"North Delaware Avenue","source":"NJOGIS NG911 Road Centerlines"},"geometry":{"type":"LineString","coordinates":[[-74.7961043803725,39.010539016106],[-74.7955505034922,39.0109982599252],[-74.7954545411218,39.0110776932031]]}},{"type":"Feature","id":"149:0:0","properties":{"OBJECTID":77418,"name":"North New York Avenue","source":"NJOGIS NG911 Road Centerlines"},"geometry":{"type":"LineString","coordinates":[[-74.7933435759416,39.0105421465457],[-74.7934340005998,39.0104679187859],[-74.7939362784993,39.0100733959326]]}},{"type":"Feature","id":"151:0:0","properties":{"OBJECTID":78859,"name":"West 22nd Avenue","source":"NJOGIS NG911 Road Centerlines"},"geometry":{"type":"LineString","coordinates":[[-74.8104339015874,38.9986599496606],[-74.8091185105742,38.9976944638243],[-74.8089719076534,38.9975870512482]]}},{"type":"Feature","id":"152:0:0","properties":{"OBJECTID":78881,"name":"Beach Creek Bridge","source":"NJOGIS NG911 Road Centerlines"},"geometry":{"type":"LineString","coordinates":[[-74.7990834565718,39.0199310389215],[-74.7991192000977,39.0200397450256]]}},{"type":"Feature","id":"153:0:0","properties":{"OBJECTID":79248,"name":"West 12th Avenue","source":"NJOGIS NG911 Road Centerlines"},"geometry":{"type":"LineString","coordinates":[[-74.8010043468986,39.0019127166574],[-74.8014438025934,39.0022365790726],[-74.8024616755183,39.002987978408]]}},{"type":"Feature","id":"154:0:0","properties":{"OBJECTID":79993,"name":"Anglesea Drive","source":"NJOGIS NG911 Road Centerlines"},"geometry":{"type":"LineString","coordinates":[[-74.7946443268531,39.0156323548897],[-74.7946719202088,39.0162682747421],[-74.794676871152,39.0163924827935],[-74.7946993753863,39.0164890792698],[-74.7947484252752,39.016578689165],[-74.794792926454,39.0166407144738],[-74.7948691715894,39.0167173192359]]}},{"type":"Feature","id":"155:0:0","properties":{"OBJECTID":80405,"name":"Central Avenue","source":"NJOGIS NG911 Road Centerlines"},"geometry":{"type":"LineString","coordinates":[[-74.8021661102039,38.9986943404131],[-74.8015135074792,38.999233580899]]}},{"type":"Feature","id":"156:0:0","properties":{"OBJECTID":80624,"name":"East 6th Avenue","source":"NJOGIS NG911 Road Centerlines"},"geometry":{"type":"LineString","coordinates":[[-74.7970953597218,39.0051497774888],[-74.7969306520182,39.0050290506445],[-74.7956553024051,39.0040890956529]]}},{"type":"Feature","id":"158:0:0","properties":{"OBJECTID":81168,"name":"East 1st Avenue","source":"NJOGIS NG911 Road Centerlines"},"geometry":{"type":"LineString","coordinates":[[-74.7908416813493,39.0056431726521],[-74.7909285292069,39.0057105036706],[-74.7922868773992,39.0067050818312]]}},{"type":"Feature","id":"159:0:0","properties":{"OBJECTID":81318,"name":"East 6th Avenue","source":"NJOGIS NG911 Road Centerlines"},"geometry":{"type":"LineString","coordinates":[[-74.7909559781806,39.0006413497926],[-74.789551481706,38.9996096908363]]}},{"type":"Feature","id":"162:0:0","properties":{"OBJECTID":82379,"name":"East 25th Avenue","source":"NJOGIS NG911 Road Centerlines"},"geometry":{"type":"LineString","coordinates":[[-74.8048281946777,38.9914874173761],[-74.8049925401967,38.9916094802142],[-74.8063942856308,38.9926410438256],[-74.8064684791608,38.992695271069]]}},{"type":"Feature","id":"163:0:0","properties":{"OBJECTID":82482,"name":"Atlantic Avenue","source":"NJOGIS NG911 Road Centerlines"},"geometry":{"type":"LineString","coordinates":[[-74.7947518024523,39.0024090362402],[-74.7940982769692,39.0029513408313]]}},{"type":"Feature","id":"164:0:0","properties":{"OBJECTID":82611,"name":"Seaspray Court","source":"NJOGIS NG911 Road Centerlines"},"geometry":{"type":"LineString","coordinates":[[-74.7970587150435,39.0184095941871],[-74.796699600201,39.0183978906314],[-74.794921601428,39.0185678906941]]}},{"type":"Feature","id":"165:0:0","properties":{"OBJECTID":83324,"name":"Atlantic Avenue","source":"NJOGIS NG911 Road Centerlines"},"geometry":{"type":"LineString","coordinates":[[-74.8051662136166,38.9937728563653],[-74.8049069771767,38.9939891378214],[-74.8045154814568,38.9943138946228]]}},{"type":"Feature","id":"166:0:0","properties":{"OBJECTID":83555,"name":"Delaware Avenue","source":"NJOGIS NG911 Road Centerlines"},"geometry":{"type":"LineString","coordinates":[[-74.8058750875728,39.0024402646978],[-74.8052790785054,39.0029336866857],[-74.8052279881184,39.0029759690042]]}},{"type":"Feature","id":"167:0:0","properties":{"OBJECTID":83575,"name":"East 12th Avenue","source":"NJOGIS NG911 Road Centerlines"},"geometry":{"type":"LineString","coordinates":[[-74.7994474010637,39.0007693481995],[-74.7995037019793,39.0008104740159],[-74.7995574968696,39.0008497657762]]}},{"type":"Feature","id":"168:0:0","properties":{"OBJECTID":83637,"name":"New Jersey Avenue","source":"NJOGIS NG911 Road Centerlines"},"geometry":{"type":"LineString","coordinates":[[-74.7939170055459,39.0089285701348],[-74.7938790611456,39.0090885830792],[-74.7938617730936,39.0092569463157],[-74.7938535158365,39.0094217716371],[-74.7938679616506,39.0096636985623],[-74.793891154856,39.0098424755692],[-74.7939098992999,39.0099383953251],[-74.7939362784993,39.0100733959326]]}},{"type":"Feature","id":"169:0:0","properties":{"OBJECTID":83749,"name":"Delaware Avenue","source":"NJOGIS NG911 Road Centerlines"},"geometry":{"type":"LineString","coordinates":[[-74.811741749149,38.9975774593148],[-74.8111715992319,38.998051320003],[-74.8110841204924,38.9981231917039]]}},{"type":"Feature","id":"173:0:0","properties":{"OBJECTID":84519,"name":"West 3rd Avenue","source":"NJOGIS NG911 Road Centerlines"},"geometry":{"type":"LineString","coordinates":[[-74.7951453875075,39.0067746866719],[-74.7955677997216,39.0070868064633],[-74.7965273661526,39.0077878536785],[-74.7966051667156,39.0078442201233]]}},{"type":"Feature","id":"174:0:0","properties":{"OBJECTID":84642,"name":"East 26th Avenue","source":"NJOGIS NG911 Road Centerlines"},"geometry":{"type":"LineString","coordinates":[[-74.80975307286232,38.99409529704077],[-74.8094498046502,38.9938729184338],[-74.8090303517148,38.9935575719996]]}},{"type":"Feature","id":"175:0:0","properties":{"OBJECTID":84695,"name":"Delaware Avenue","source":"NJOGIS NG911 Road Centerlines"},"geometry":{"type":"LineString","coordinates":[[-74.8084806652207,39.0002809998311],[-74.8081660127777,39.000542740998]]}},{"type":"Feature","id":"176:0:0","properties":{"OBJECTID":84720,"name":"East 26th Avenue","source":"NJOGIS NG911 Road Centerlines"},"geometry":{"type":"LineString","coordinates":[[-74.80878324310189,38.99337945138222],[-74.8090303517148,38.9935575719996]]}},{"type":"Feature","id":"178:0:0","properties":{"OBJECTID":84799,"name":"Beach Drive","source":"NJOGIS NG911 Road Centerlines"},"geometry":{"type":"LineString","coordinates":[[-74.7930187001601,38.9970642658003],[-74.7923699502111,38.9976039681924]]}},{"type":"Feature","id":"179:0:0","properties":{"OBJECTID":85286,"name":"Central Avenue","source":"NJOGIS NG911 Road Centerlines"},"geometry":{"type":"LineString","coordinates":[[-74.8060644063322,38.9954555422323],[-74.8054138401248,38.9959963371832]]}},{"type":"Feature","id":"180:0:0","properties":{"OBJECTID":85456,"name":"New York Avenue","source":"NJOGIS NG911 Road Centerlines"},"geometry":{"type":"LineString","coordinates":[[-74.8057159988705,39.0002912423404],[-74.8063709607121,38.9997492534778]]}},{"type":"Feature","id":"181:0:0","properties":{"OBJECTID":85960,"name":"Allen Drive","source":"NJOGIS NG911 Road Centerlines"},"geometry":{"type":"LineString","coordinates":[[-74.7960717849751,39.0200673442539],[-74.7961021003543,39.0204776999731],[-74.7961050611252,39.0205177951348],[-74.7961258040133,39.020612994897],[-74.7961627774418,39.0206922550757],[-74.7962118359624,39.0207492990817],[-74.7962813023535,39.0208126062642],[-74.7964368495395,39.0209307840735]]}},{"type":"Feature","id":"182:0:0","properties":{"OBJECTID":85997,"name":"East 9th Avenue","source":"NJOGIS NG911 Road Centerlines"},"geometry":{"type":"LineString","coordinates":[[-74.7975993391676,39.0024701516602],[-74.7984633641858,39.0031062417174],[-74.7990457368262,39.0035333204684]]}},{"type":"Feature","id":"183:0:0","properties":{"OBJECTID":86124,"name":"Allen Drive","source":"NJOGIS NG911 Road Centerlines"},"geometry":{"type":"LineString","coordinates":[[-74.7969598834767,39.0189797713529],[-74.7969648825869,39.0189380767329],[-74.7969839678977,39.0188673799981],[-74.7969958002564,39.0188235518597],[-74.7970372669807,39.0187062822217],[-74.7970474025117,39.0186217944726],[-74.7970504076423,39.0185073406491],[-74.7970587150435,39.0184095941871]]}},{"type":"Feature","id":"184:0:0","properties":{"OBJECTID":86160,"name":"Central Avenue","source":"NJOGIS NG911 Road Centerlines"},"geometry":{"type":"LineString","coordinates":[[-74.7943495738614,39.0051763976081],[-74.7937428479603,39.0056816222355],[-74.7937053202662,39.005712580252]]}},{"type":"Feature","id":"185:0:0","properties":{"OBJECTID":86202,"name":"East 7th Avenue","source":"NJOGIS NG911 Road Centerlines"},"geometry":{"type":"LineString","coordinates":[[-74.7947518024523,39.0024090362402],[-74.7949351051284,39.0025438060125],[-74.7961924481489,39.0034702506041]]}},{"type":"Feature","id":"186:0:0","properties":{"OBJECTID":86565,"name":"Saint Demetrios Avenue","source":"NJOGIS NG911 Road Centerlines"},"geometry":{"type":"LineString","coordinates":[[-74.7934986521611,39.0125201001284],[-74.7935242083492,39.0128713320212],[-74.7935272358814,39.0129129288704],[-74.7935445641153,39.0131541610822],[-74.7935496345931,39.0131804534657],[-74.7935618220345,39.0131940149899]]}},{"type":"Feature","id":"187:0:0","properties":{"OBJECTID":86582,"name":"East 11th Avenue","source":"NJOGIS NG911 Road Centerlines"},"geometry":{"type":"LineString","coordinates":[[-74.797356660355,39.0002492797351],[-74.7970620966131,39.0000316545979],[-74.7957085895491,38.9990440380747]]}},{"type":"Feature","id":"188:0:0","properties":{"OBJECTID":86951,"name":"Mulberry Avenue","source":"NJOGIS NG911 Road Centerlines"},"geometry":{"type":"LineString","coordinates":[[-74.797890725066,39.0159139876016],[-74.7978358087246,39.0158738620529],[-74.7971630906293,39.0153823293686],[-74.7966761368164,39.0150266108062],[-74.796426387739,39.0148424512052]]}},{"type":"Feature","id":"189:0:0","properties":{"OBJECTID":87032,"name":"Southwest 18th Avenue","source":"NJOGIS NG911 Road Centerlines"},"geometry":{"type":"LineString","coordinates":[[-74.8081660127777,39.000542740998],[-74.8089839217501,39.0011423270553],[-74.8096336240241,39.0016177762405]]}},{"type":"Feature","id":"194:0:0","properties":{"OBJECTID":87898,"name":"West 11th Avenue","source":"NJOGIS NG911 Road Centerlines"},"geometry":{"type":"LineString","coordinates":[[-74.8032696316362,39.0045990858116],[-74.8030362125394,39.0044354092877],[-74.8019619498946,39.0036454997376],[-74.8018057382231,39.0035298926774]]}},{"type":"Feature","id":"195:0:0","properties":{"OBJECTID":88156,"name":"West Spruce Avenue","source":"NJOGIS NG911 Road Centerlines"},"geometry":{"type":"LineString","coordinates":[[-74.7977267897278,39.0137594527253],[-74.7974998267073,39.0135952813821],[-74.7970405484406,39.0132567658466],[-74.7965331683479,39.0128858866044],[-74.7962646855199,39.0126890612434]]}},{"type":"Feature","id":"196:0:0","properties":{"OBJECTID":89673,"name":"West 8th Avenue","source":"NJOGIS NG911 Road Centerlines"},"geometry":{"type":"LineString","coordinates":[[-74.800975177314,39.0059744566907],[-74.8009747882149,39.0059741838324],[-74.8007350424298,39.0057954440377],[-74.7998536354615,39.0051476640971]]}},{"type":"Feature","id":"197:0:0","properties":{"OBJECTID":89798,"name":"West Walnut Avenue","source":"NJOGIS NG911 Road Centerlines"},"geometry":{"type":"LineString","coordinates":[[-74.7954545411218,39.0110776932031],[-74.7962362941334,39.0116456631901],[-74.7969163295882,39.0121508418235]]}},{"type":"Feature","id":"198:0:0","properties":{"OBJECTID":89902,"name":"Beach Drive","source":"NJOGIS NG911 Road Centerlines"},"geometry":{"type":"LineString","coordinates":[[-74.794333860224,38.9960334359577],[-74.7943207714281,38.996033468975],[-74.7942841999046,38.9960392447698],[-74.7942513482853,38.9960593177876],[-74.7941893628897,38.9961051920219],[-74.7940251379392,38.9962312557371],[-74.793747966205,38.9964604345066],[-74.7936628213102,38.9965306954851]]}},{"type":"Feature","id":"200:0:0","properties":{"OBJECTID":90874,"name":"Surf Avenue","source":"NJOGIS NG911 Road Centerlines"},"geometry":{"type":"LineString","coordinates":[[-74.7970140855691,38.9979663309483],[-74.7972052347972,38.9978085624713],[-74.7976638151503,38.9974245139111]]}},{"type":"Feature","id":"201:0:0","properties":{"OBJECTID":90876,"name":"East 6th Avenue","source":"NJOGIS NG911 Road Centerlines"},"geometry":{"type":"LineString","coordinates":[[-74.7940982769692,39.0029513408313],[-74.7925872272675,39.0018396440425],[-74.7924553233393,39.0017427455295]]}},{"type":"Feature","id":"202:0:0","properties":{"OBJECTID":90979,"name":"East 11th Avenue","source":"NJOGIS NG911 Road Centerlines"},"geometry":{"type":"LineString","coordinates":[[-74.7942115758961,38.9979430894421],[-74.7937761341251,38.9976223748139],[-74.7930187001601,38.9970642658003]]}},{"type":"Feature","id":"204:0:0","properties":{"OBJECTID":91481,"name":"West 6th Avenue","source":"NJOGIS NG911 Road Centerlines"},"geometry":{"type":"LineString","coordinates":[[-74.7985597963278,39.0062230099006],[-74.7970953597218,39.0051497774888]]}},{"type":"Feature","id":"205:0:0","properties":{"OBJECTID":91610,"name":"Seaboard Circle","source":"NJOGIS NG911 Road Centerlines"},"geometry":{"type":"LineString","coordinates":[[-74.7976145993739,39.0224678913748],[-74.7975546007533,39.0224898911734],[-74.7974865993021,39.0225028910434],[-74.7974136021703,39.0225098921747],[-74.7973426003388,39.0225228906016],[-74.7972785998416,39.0225398907788],[-74.7972186004837,39.0225658911235],[-74.7971666003792,39.0226008913666],[-74.7971245991625,39.0226408902127],[-74.7970896011383,39.0226858907976],[-74.7970615989374,39.0227368903976],[-74.7970405998049,39.0227878910768],[-74.797024601648,39.0228378916765],[-74.7970175987227,39.0228878909918],[-74.7970196006844,39.0229608915447],[-74.7970376010677,39.0230258913673],[-74.7970806003917,39.0230868916703],[-74.7971186005108,39.0231208915192],[-74.797167600672,39.0231498914912],[-74.7972166005833,39.0231768915353],[-74.7973356004407,39.0232368900106],[-74.7973836026996,39.0232718921582],[-74.7974716004231,39.0233018925294],[-74.7976466012179,39.0233278917717],[-74.7977166019624,39.0233188901259],[-74.797817600667,39.0233098903825],[-74.797884600794,39.0233068915156],[-74.797940602338,39.0232918915263],[-74.7980406015024,39.0232538909748],[-74.798095601383,39.0232258913666],[-74.7981476013832,39.023193891476],[-74.7981936009456,39.0231638923948],[-74.7982666002085,39.0230978916859],[-74.7983086024495,39.023037890648],[-74.7983426011975,39.0229838908692],[-74.798346600652,39.0229058914382],[-74.798341600433,39.0228578911207],[-74.7982996027532,39.0227438911582],[-74.7982636016126,39.0226898920055],[-74.7982126018014,39.0226398922631],[-74.798150599797,39.0225978914228],[-74.7980805998227,39.0225628917461],[-74.7980066018826,39.0225358919634],[-74.7979316014699,39.0225118927541],[-74.7978645999695,39.0224898909978],[-74.7978136009225,39.0224608919137],[-74.7976145993739,39.0224678913748]]}},{"type":"Feature","id":"208:0:0","properties":{"OBJECTID":91811,"name":"Atlantic Avenue","source":"NJOGIS NG911 Road Centerlines"},"geometry":{"type":"LineString","coordinates":[[-74.7999550780549,38.9980937376239],[-74.7993060702228,38.9986287828927]]}},{"type":"Feature","id":"209:0:0","properties":{"OBJECTID":91895,"name":"West 12th Avenue","source":"NJOGIS NG911 Road Centerlines"},"geometry":{"type":"LineString","coordinates":[[-74.8039168215483,39.0040611680106],[-74.8041771772122,39.0042531100798]]}},{"type":"Feature","id":"211:0:0","properties":{"OBJECTID":92105,"name":"East 9th Avenue","source":"NJOGIS NG911 Road Centerlines"},"geometry":{"type":"LineString","coordinates":[[-74.7974927701925,39.0023916736333],[-74.7975462132805,39.0024310221598],[-74.7975993391676,39.0024701516602]]}},{"type":"Feature","id":"212:0:0","properties":{"OBJECTID":92661,"name":"East 19th Avenue","source":"NJOGIS NG911 Road Centerlines"},"geometry":{"type":"LineString","coordinates":[[-74.8009228196207,38.9947200163672],[-74.8016140427517,38.9952223125944],[-74.8025649843417,38.9959295400597]]}},{"type":"Feature","id":"213:0:0","properties":{"OBJECTID":92961,"name":"Surf Avenue","source":"NJOGIS NG911 Road Centerlines"},"geometry":{"type":"LineString","coordinates":[[-74.7976638151503,38.9974245139111],[-74.7983111750538,38.9968823974882]]}},{"type":"Feature","id":"215:0:0","properties":{"OBJECTID":94194,"name":"East 24th Avenue","source":"NJOGIS NG911 Road Centerlines"},"geometry":{"type":"LineString","coordinates":[[-74.8058141008021,38.9932347884436],[-74.8052896968872,38.9928510027378],[-74.8041745137536,38.9920259626249]]}},{"type":"Feature","id":"216:0:0","properties":{"OBJECTID":94355,"name":"Atlantic Avenue","source":"NJOGIS NG911 Road Centerlines"},"geometry":{"type":"LineString","coordinates":[[-74.8006089062493,38.9975523882641],[-74.8003272326925,38.9977868939667],[-74.7999550780549,38.9980937376239]]}},{"type":"Feature","id":"217:0:0","properties":{"OBJECTID":94586,"name":"West 19th Avenue","source":"NJOGIS NG911 Road Centerlines"},"geometry":{"type":"LineString","coordinates":[[-74.8070224008633,38.9992089178474],[-74.8084060004156,39.0002259788341],[-74.8084806652207,39.0002809998311]]}},{"type":"Feature","id":"218:0:0","properties":{"OBJECTID":94749,"name":"East 18th Avenue","source":"NJOGIS NG911 Road Centerlines"},"geometry":{"type":"LineString","coordinates":[[-74.8019127969985,38.9964688638968],[-74.8015900370129,38.9962316895853],[-74.8002662847854,38.9952635169292]]}},{"type":"Feature","id":"219:0:0","properties":{"OBJECTID":95650,"name":"East 3rd Avenue","source":"NJOGIS NG911 Road Centerlines"},"geometry":{"type":"LineString","coordinates":[[-74.7875029237408,39.0011570658917],[-74.7889104496145,39.0021890155945],[-74.7890029249809,39.0022573503322]]}},{"type":"Feature","id":"223:0:0","properties":{"OBJECTID":98658,"name":"West 25th Avenue","source":"NJOGIS NG911 Road Centerlines"},"geometry":{"type":"LineString","coordinates":[[-74.8109223610608,38.9959683337788],[-74.8123121543234,38.9969871711753],[-74.8123880154912,38.9970426270227]]}},{"type":"Feature","id":"224:0:0","properties":{"OBJECTID":100727,"name":"East 12th Avenue","source":"NJOGIS NG911 Road Centerlines"},"geometry":{"type":"LineString","coordinates":[[-74.7948625716336,38.997404443208],[-74.7951389629588,38.997605727879],[-74.796361762627,38.9985048834867]]}},{"type":"Feature","id":"225:0:0","properties":{"OBJECTID":103135,"name":"Central Avenue","source":"NJOGIS NG911 Road Centerlines"},"geometry":{"type":"LineString","coordinates":[[-74.8008657325733,38.9997688243357],[-74.8002078847664,39.0003124095275]]}},{"type":"Feature","id":"226:0:0","properties":{"OBJECTID":106370,"name":"East 9th Avenue","source":"NJOGIS NG911 Road Centerlines"},"geometry":{"type":"LineString","coordinates":[[-74.7917179671863,38.9981470514598],[-74.7929072082691,38.9990230145966]]}},{"type":"Feature","id":"227:0:0","properties":{"OBJECTID":107166,"name":"East 23rd Avenue","source":"NJOGIS NG911 Road Centerlines"},"geometry":{"type":"LineString","coordinates":[[-74.8067169966251,38.9949131185441],[-74.8077516111536,38.9956741760733],[-74.8081639778648,38.9959769426173]]}},{"type":"Feature","id":"228:0:0","properties":{"OBJECTID":107580,"name":"New Jersey Avenue","source":"NJOGIS NG911 Road Centerlines"},"geometry":{"type":"LineString","coordinates":[[-74.8094678726545,38.994894843564],[-74.8089970680857,38.9952893777235],[-74.8088201152859,38.9954354302555]]}},{"type":"Feature","id":"229:0:0","properties":{"OBJECTID":108210,"name":"East 17th Avenue","source":"NJOGIS NG911 Road Centerlines"},"geometry":{"type":"LineString","coordinates":[[-74.8012580113101,38.9970119536674],[-74.8021053131588,38.997637103373],[-74.8027000007866,38.9980694322063]]}},{"type":"Feature","id":"230:0:0","properties":{"OBJECTID":108667,"name":"East 24th Avenue","source":"NJOGIS NG911 Road Centerlines"},"geometry":{"type":"LineString","coordinates":[[-74.8041745137536,38.9920259626249],[-74.8036351096628,38.9916268316304],[-74.8024373891172,38.9907361984182]]}},{"type":"Feature","id":"231:0:0","properties":{"OBJECTID":109294,"name":"New York Avenue","source":"NJOGIS NG911 Road Centerlines"},"geometry":{"type":"LineString","coordinates":[[-74.8024616755183,39.002987978408],[-74.8027350618934,39.0027630726212],[-74.8031127556953,39.0024484071679]]}},{"type":"Feature","id":"232:0:0","properties":{"OBJECTID":109564,"name":"East 10th Avenue","source":"NJOGIS NG911 Road Centerlines"},"geometry":{"type":"LineString","coordinates":[[-74.7967046126883,39.0007903872492],[-74.7960310980462,39.0002949640677],[-74.7950600082726,38.9995815026528]]}},{"type":"Feature","id":"233:0:0","properties":{"OBJECTID":111353,"name":"West 14th Avenue","source":"NJOGIS NG911 Road Centerlines"},"geometry":{"type":"LineString","coordinates":[[-74.8057356004449,39.0033418872763],[-74.8054868865366,39.0031644797138]]}},{"type":"Feature","id":"234:0:0","properties":{"OBJECTID":112928,"name":"Maryland Avenue","source":"NJOGIS NG911 Road Centerlines"},"geometry":{"type":"LineString","coordinates":[[-74.7956127133586,39.0132268381982],[-74.7962646855199,39.0126890612434]]}},{"type":"Feature","id":"236:0:0","properties":{"OBJECTID":113593,"name":"Hoffman Avenue","source":"NJOGIS NG911 Road Centerlines"},"geometry":{"type":"LineString","coordinates":[[-74.792927400056,39.0125207395013],[-74.7929069401483,39.0124922335736],[-74.7928986659413,39.0124573279609],[-74.7928228553162,39.0118600256875]]}},{"type":"Feature","id":"237:0:0","properties":{"OBJECTID":113927,"name":"West 13th Avenue","source":"NJOGIS NG911 Road Centerlines"},"geometry":{"type":"LineString","coordinates":[[-74.8031127556953,39.0024484071679],[-74.8037705600529,39.0029319954657],[-74.8045703568918,39.0035198806128]]}},{"type":"Feature","id":"239:0:0","properties":{"OBJECTID":114032,"name":"Atlantic Avenue","source":"NJOGIS NG911 Road Centerlines"},"geometry":{"type":"LineString","coordinates":[[-74.8032148115152,38.9953918654529],[-74.8027342357587,38.9957896122321],[-74.8025649843417,38.9959295400597]]}},{"type":"Feature","id":"240:0:0","properties":{"OBJECTID":114172,"name":"Mace Avenue","source":"NJOGIS NG911 Road Centerlines"},"geometry":{"type":"LineString","coordinates":[[-74.7928228553162,39.0118600256875],[-74.7934557664335,39.0118430306658]]}},{"type":"Feature","id":"241:0:0","properties":{"OBJECTID":114617,"name":"Atlantic Avenue","source":"NJOGIS NG911 Road Centerlines"},"geometry":{"type":"LineString","coordinates":[[-74.7993060702228,38.9986287828927],[-74.7992510166802,38.9986742303176],[-74.7986552488737,38.9991700352035]]}},{"type":"Feature","id":"242:0:0","properties":{"OBJECTID":114871,"name":"Surf Avenue","source":"NJOGIS NG911 Road Centerlines"},"geometry":{"type":"LineString","coordinates":[[-74.8035222659911,38.9925645274734],[-74.8037465865005,38.9923785170856],[-74.8041745137536,38.9920259626249]]}},{"type":"Feature","id":"243:0:0","properties":{"OBJECTID":115646,"name":"Atlantic Avenue","source":"NJOGIS NG911 Road Centerlines"},"geometry":{"type":"LineString","coordinates":[[-74.7927944229208,39.0040331012885],[-74.7923865099623,39.004371971993],[-74.7921465836384,39.0045705753661]]}},{"type":"Feature","id":"244:0:0","properties":{"OBJECTID":116150,"name":"New York Avenue","source":"NJOGIS NG911 Road Centerlines"},"geometry":{"type":"LineString","coordinates":[[-74.7972555977332,39.0073048763323],[-74.7976205819402,39.0070027273464],[-74.7979033908789,39.0067679787516]]}},{"type":"Feature","id":"245:0:0","properties":{"OBJECTID":117388,"name":"East 5th Avenue","source":"NJOGIS NG911 Road Centerlines"},"geometry":{"type":"LineString","coordinates":[[-74.7934451957764,39.0034926514602],[-74.7941072138159,39.0039793312507],[-74.794886019512,39.004553853381]]}},{"type":"Feature","id":"246:0:0","properties":{"OBJECTID":117990,"name":"West 8th Avenue","source":"NJOGIS NG911 Road Centerlines"},"geometry":{"type":"LineString","coordinates":[[-74.7998536354615,39.0051476640971],[-74.799342371102,39.0047718643507],[-74.7983988359384,39.0040723907315]]}},{"type":"Feature","id":"247:0:0","properties":{"OBJECTID":118250,"name":"New York Avenue","source":"NJOGIS NG911 Road Centerlines"},"geometry":{"type":"LineString","coordinates":[[-74.8115702650504,38.9954318808633],[-74.8115702692834,38.995431877276104]]}},{"type":"Feature","id":"249:0:0","properties":{"OBJECTID":120250,"name":"Central Avenue","source":"NJOGIS NG911 Road Centerlines"},"geometry":{"type":"LineString","coordinates":[[-74.808024246042,38.9938330589532],[-74.8077628775089,38.9940508622166],[-74.8073709633895,38.9943736252599]]}},{"type":"Feature","id":"250:0:0","properties":{"OBJECTID":120591,"name":"Delaware Avenue","source":"NJOGIS NG911 Road Centerlines"},"geometry":{"type":"LineString","coordinates":[[-74.802765238302,39.0050210849351],[-74.8027529295153,39.0050314137303],[-74.8027084910746,39.0050663743838],[-74.8026825943691,39.0050838219043],[-74.8026491665469,39.0051013177829],[-74.8026157596484,39.0051071978817],[-74.8025859979921,39.0051014816285]]}},{"type":"Feature","id":"251:0:0","properties":{"OBJECTID":120979,"name":"West Spruce Avenue","source":"NJOGIS NG911 Road Centerlines"},"geometry":{"type":"LineString","coordinates":[[-74.7989364203917,39.0177348451231],[-74.7989125196644,39.0180354099061],[-74.7988845187033,39.0185242937658],[-74.7988897718975,39.0187519636846],[-74.7988987379594,39.0189670489762],[-74.7989221949301,39.0191879734386],[-74.7989553420872,39.0194113711401],[-74.7989684021439,39.0194701259901]]}},{"type":"Feature","id":"253:0:0","properties":{"OBJECTID":121097,"name":"Surf Avenue","source":"NJOGIS NG911 Road Centerlines"},"geometry":{"type":"LineString","coordinates":[[-74.8048281946777,38.9914874173761],[-74.8051340664235,38.9912354281307],[-74.8054789902194,38.9909510173377]]}},{"type":"Feature","id":"258:0:0","properties":{"OBJECTID":122161,"name":"West 11th Avenue","source":"NJOGIS NG911 Road Centerlines"},"geometry":{"type":"LineString","coordinates":[[-74.8037706011437,39.0049628857443],[-74.8035269480689,39.0047795323034]]}},{"type":"Feature","id":"259:0:0","properties":{"OBJECTID":122211,"name":"Central Avenue","source":"NJOGIS NG911 Road Centerlines"},"geometry":{"type":"LineString","coordinates":[[-74.7924011061319,39.0067890099864],[-74.7917465281494,39.0073292713678]]}},{"type":"Feature","id":"261:0:0","properties":{"OBJECTID":125472,"name":"West 13th Avenue","source":"NJOGIS NG911 Road Centerlines"},"geometry":{"type":"LineString","coordinates":[[-74.8045703568918,39.0035198806128],[-74.8048337109201,39.0037134872099]]}},{"type":"Feature","id":"263:0:0","properties":{"OBJECTID":126588,"name":"Saint Demetrios Avenue","source":"NJOGIS NG911 Road Centerlines"},"geometry":{"type":"LineString","coordinates":[[-74.793364371326,39.0115718076065],[-74.793371148655,39.0115766786374],[-74.7934160870458,39.0116178629066],[-74.7934406561467,39.0116527284037],[-74.7934530694515,39.0117098379089],[-74.7934557664335,39.0118430306658]]}},{"type":"Feature","id":"264:0:0","properties":{"OBJECTID":126809,"name":"East 25th Avenue","source":"NJOGIS NG911 Road Centerlines"},"geometry":{"type":"LineString","coordinates":[[-74.8064684791608,38.992695271069],[-74.8078714381095,38.9937207182508],[-74.8079144317533,38.9937522917823]]}},{"type":"Feature","id":"265:0:0","properties":{"OBJECTID":128862,"name":"New Jersey Avenue","source":"NJOGIS NG911 Road Centerlines"},"geometry":{"type":"LineString","coordinates":[[-74.8042546906247,38.9992136420227],[-74.8036060404724,38.9997528838425]]}},{"type":"Feature","id":"266:0:0","properties":{"OBJECTID":129116,"name":"New York Avenue","source":"NJOGIS NG911 Road Centerlines"},"geometry":{"type":"LineString","coordinates":[[-74.8089719076534,38.9975870512482],[-74.8090605761982,38.9975131456234],[-74.8096257497434,38.9970498521027]]}},{"type":"Feature","id":"267:0:0","properties":{"OBJECTID":129556,"name":"Surf Avenue","source":"NJOGIS NG911 Road Centerlines"},"geometry":{"type":"LineString","coordinates":[[-74.7918059535916,39.0022801109326],[-74.7923375211238,39.0018402699762],[-74.7924553233393,39.0017427455295]]}},{"type":"Feature","id":"268:0:0","properties":{"OBJECTID":130319,"name":"West 4th Avenue","source":"NJOGIS NG911 Road Centerlines"},"geometry":{"type":"LineString","coordinates":[[-74.7981536382737,39.0079653731366],[-74.7972555977332,39.0073048763323]]}},{"type":"Feature","id":"269:0:0","properties":{"OBJECTID":130422,"name":"West 17th Avenue","source":"NJOGIS NG911 Road Centerlines"},"geometry":{"type":"LineString","coordinates":[[-74.8057159988705,39.0002912423404],[-74.8062494305649,39.0006827447802],[-74.8071758490084,39.0013633912277]]}},{"type":"Feature","id":"271:0:0","properties":{"OBJECTID":131041,"name":"Atlantic Avenue","source":"NJOGIS NG911 Road Centerlines"},"geometry":{"type":"LineString","coordinates":[[-74.8025649843417,38.9959295400597],[-74.8019127969985,38.9964688638968]]}},{"type":"Feature","id":"272:0:0","properties":{"OBJECTID":131691,"name":"Maryland Avenue","source":"NJOGIS NG911 Road Centerlines"},"geometry":{"type":"LineString","coordinates":[[-74.7949634855297,39.0137668837125],[-74.7954255859561,39.0133812161976],[-74.7956127133586,39.0132268381982]]}},{"type":"Feature","id":"275:0:0","properties":{"OBJECTID":133179,"name":"West 15th Avenue","source":"NJOGIS NG911 Road Centerlines"},"geometry":{"type":"LineString","coordinates":[[-74.8061296193871,39.002628263847],[-74.8063159826623,39.0027659174583]]}},{"type":"Feature","id":"276:0:0","properties":{"OBJECTID":133241,"name":"East 13th Avenue","source":"NJOGIS NG911 Road Centerlines"},"geometry":{"type":"LineString","coordinates":[[-74.7955143897397,38.9968629895368],[-74.7967067617677,38.9977409655481],[-74.7970140855691,38.9979663309483]]}},{"type":"Feature","id":"277:0:0","properties":{"OBJECTID":133284,"name":"Anglesea Drive","source":"NJOGIS NG911 Road Centerlines"},"geometry":{"type":"LineString","coordinates":[[-74.7945054260539,39.0125146243748],[-74.7945250352898,39.0128554147601],[-74.7945416584997,39.0131549703433]]}},{"type":"Feature","id":"278:0:0","properties":{"OBJECTID":133742,"name":"West 24th Avenue","source":"NJOGIS NG911 Road Centerlines"},"geometry":{"type":"LineString","coordinates":[[-74.8102752679765,38.9965076636671],[-74.8088201152859,38.9954354302555]]}},{"type":"Feature","id":"279:0:0","properties":{"OBJECTID":134311,"name":"Virginia Avenue","source":"NJOGIS NG911 Road Centerlines"},"geometry":{"type":"LineString","coordinates":[[-74.7957757874927,39.0153846738617],[-74.796426387739,39.0148424512052]]}},{"type":"Feature","id":"281:0:0","properties":{"OBJECTID":135705,"name":"New Jersey Avenue","source":"NJOGIS NG911 Road Centerlines"},"geometry":{"type":"LineString","coordinates":[[-74.81011087221137,38.994357679621956],[-74.8099375149933,38.9945012997211],[-74.8094678726545,38.994894843564]]}},{"type":"Feature","id":"282:0:0","properties":{"OBJECTID":137473,"name":"East 12th Avenue","source":"NJOGIS NG911 Road Centerlines"},"geometry":{"type":"LineString","coordinates":[[-74.7995574968696,39.0008497657762],[-74.8000638516083,39.0012195642374],[-74.8010043468986,39.0019127166574]]}},{"type":"Feature","id":"284:0:0","properties":{"OBJECTID":141771,"name":"Hoffman Canal Avenue","source":"NJOGIS NG911 Road Centerlines"},"geometry":{"type":"LineString","coordinates":[[-74.8035269480689,39.0047795323034],[-74.8036058308331,39.0047182323884],[-74.8039443316946,39.004445486147],[-74.8041771772122,39.0042531100798]]}},{"type":"Feature","id":"285:0:0","properties":{"OBJECTID":143377,"name":"Central Avenue","source":"NJOGIS NG911 Road Centerlines"},"geometry":{"type":"LineString","coordinates":[[-74.8041166381548,38.9970745014865],[-74.8034686006388,38.9976131366382]]}},{"type":"Feature","id":"287:0:0","properties":{"OBJECTID":146780,"name":"Atlantic Avenue","source":"NJOGIS NG911 Road Centerlines"},"geometry":{"type":"LineString","coordinates":[[-74.8038658189423,38.9948528112009],[-74.803732267695,38.9949635967079],[-74.8032148115152,38.9953918654529]]}},{"type":"Feature","id":"288:0:0","properties":{"OBJECTID":146783,"name":"East 12th Avenue","source":"NJOGIS NG911 Road Centerlines"},"geometry":{"type":"LineString","coordinates":[[-74.796361762627,38.9985048834867],[-74.7968668597912,38.9988762360835],[-74.7980038590647,38.9997121636406]]}},{"type":"Feature","id":"289:0:0","properties":{"OBJECTID":146798,"name":"Illinois Avenue","source":"NJOGIS NG911 Road Centerlines"},"geometry":{"type":"LineString","coordinates":[[-74.7989684021439,39.0194701259901],[-74.7988738501071,39.0196353643694],[-74.7987959691509,39.0197140395817],[-74.7987291101141,39.0197686885103],[-74.7986372748906,39.019860469023]]}},{"type":"Feature","id":"291:0:0","properties":{"OBJECTID":147437,"name":"Ent Avenue","source":"NJOGIS NG911 Road Centerlines"},"geometry":{"type":"LineString","coordinates":[[-74.7934986521611,39.0125201001284],[-74.7929925629748,39.0125332888202],[-74.7929518775876,39.0125333909913],[-74.792927400056,39.0125207395013]]}},{"type":"Feature","id":"292:0:0","properties":{"OBJECTID":147536,"name":"East 18th Avenue","source":"NJOGIS NG911 Road Centerlines"},"geometry":{"type":"LineString","coordinates":[[-74.7987723261927,38.9941670117389],[-74.7984681172567,38.9939435103314],[-74.7977342586055,38.9933934168832]]}},{"type":"Feature","id":"293:0:0","properties":{"OBJECTID":148190,"name":"East 10th Avenue","source":"NJOGIS NG911 Road Centerlines"},"geometry":{"type":"LineString","coordinates":[[-74.7996994459476,39.0029921688211],[-74.7989393382026,39.0024338310029],[-74.7982519907138,39.0019284071423]]}},{"type":"Feature","id":"294:0:0","properties":{"OBJECTID":148530,"name":"Ocean Avenue","source":"NJOGIS NG911 Road Centerlines"},"geometry":{"type":"LineString","coordinates":[[-74.7916073730601,39.0001021434559],[-74.7916766704301,39.0000447474165],[-74.7922613808964,38.9995592477755]]}},{"type":"Feature","id":"295:0:0","properties":{"OBJECTID":148640,"name":"West 17th Avenue","source":"NJOGIS NG911 Road Centerlines"},"geometry":{"type":"LineString","coordinates":[[-74.8071758490084,39.0013633912277],[-74.8078877178993,39.0018864627859],[-74.8086325058789,39.0024352543732]]}},{"type":"Feature","id":"296:0:0","properties":{"OBJECTID":148834,"name":"East 4th Avenue","source":"NJOGIS NG911 Road Centerlines"},"geometry":{"type":"LineString","coordinates":[[-74.79579158228,39.0062316816374],[-74.795151672522,39.0057634621195],[-74.7943495738614,39.0051763976081]]}},{"type":"Feature","id":"298:0:0","properties":{"OBJECTID":149759,"name":"East 14th Avenue","source":"NJOGIS NG911 Road Centerlines"},"geometry":{"type":"LineString","coordinates":[[-74.8007527057951,38.9996856967291],[-74.8005731770691,38.9995536730448],[-74.7993060702228,38.9986287828927]]}},{"type":"Feature","id":"299:0:0","properties":{"OBJECTID":150118,"name":"New York Avenue","source":"NJOGIS NG911 Road Centerlines"},"geometry":{"type":"LineString","coordinates":[[-74.8083210339508,38.9981295107009],[-74.8089719076534,38.9975870512482]]}},{"type":"Feature","id":"300:0:0","properties":{"OBJECTID":150309,"name":"Seaspray Court","source":"NJOGIS NG911 Road Centerlines"},"geometry":{"type":"LineString","coordinates":[[-74.7948725989814,39.0182698893001],[-74.794921601428,39.0185678906941]]}},{"type":"Feature","id":"301:0:0","properties":{"OBJECTID":150712,"name":"East 10th Avenue","source":"NJOGIS NG911 Road Centerlines"},"geometry":{"type":"LineString","coordinates":[[-74.7982519907138,39.0019284071423],[-74.7981994302375,39.0018897431372],[-74.7981454941061,39.0018500934762]]}},{"type":"Feature","id":"302:0:0","properties":{"OBJECTID":150749,"name":"Ohio Avenue","source":"NJOGIS NG911 Road Centerlines"},"geometry":{"type":"LineString","coordinates":[[-74.7984513597247,39.0154413586795],[-74.7984200094859,39.0154765156861],[-74.7979820176084,39.0158364047665],[-74.797890725066,39.0159139876016]]}},{"type":"Feature","id":"303:0:0","properties":{"OBJECTID":150827,"name":"Taylor Avenue","source":"NJOGIS NG911 Road Centerlines"},"geometry":{"type":"LineString","coordinates":[[-74.7934734271749,39.0121732275435],[-74.7943883292882,39.012123584034]]}},{"type":"Feature","id":"304:0:0","properties":{"OBJECTID":150896,"name":"East 4th Avenue","source":"NJOGIS NG911 Road Centerlines"},"geometry":{"type":"LineString","coordinates":[[-74.7943495738614,39.0051763976081],[-74.7942918952238,39.0051342025868],[-74.7942354882339,39.0050929376228]]}},{"type":"Feature","id":"306:0:0","properties":{"OBJECTID":151775,"name":"East 22nd Avenue","source":"NJOGIS NG911 Road Centerlines"},"geometry":{"type":"LineString","coordinates":[[-74.8060644063322,38.9954555422323],[-74.8060102232307,38.9954157878059],[-74.8059526875389,38.9953735701756]]}},{"type":"Feature","id":"307:0:0","properties":{"OBJECTID":151826,"name":"Mulberry Avenue","source":"NJOGIS NG911 Road Centerlines"},"geometry":{"type":"LineString","coordinates":[[-74.796426387739,39.0148424512052],[-74.7955235381206,39.0141767093499],[-74.7949634855297,39.0137668837125]]}},{"type":"Feature","id":"308:0:0","properties":{"OBJECTID":152651,"name":"Anglesea Drive","source":"NJOGIS NG911 Road Centerlines"},"geometry":{"type":"LineString","coordinates":[[-74.7943883292882,39.012123584034],[-74.7944695566272,39.012275745289],[-74.7944919947113,39.0123481512186],[-74.7944952017252,39.0123805507014],[-74.7945012145401,39.0124413211273],[-74.7945054260539,39.0125146243748]]}},{"type":"Feature","id":"309:0:0","properties":{"OBJECTID":152881,"name":"Seaview Court","source":"NJOGIS NG911 Road Centerlines"},"geometry":{"type":"LineString","coordinates":[[-74.7948691715894,39.0167173192359],[-74.794631598131,39.0167348889892],[-74.794747599984,39.017720890331]]}},{"type":"Feature","id":"310:0:0","properties":{"OBJECTID":154661,"name":"Delaware Avenue","source":"NJOGIS NG911 Road Centerlines"},"geometry":{"type":"LineString","coordinates":[[-74.8045703568918,39.0035198806128],[-74.8040901186088,39.0039171091072],[-74.8039168215483,39.0040611680106]]}},{"type":"Feature","id":"311:0:0","properties":{"OBJECTID":155755,"name":"West 9th Avenue","source":"NJOGIS NG911 Road Centerlines"},"geometry":{"type":"LineString","coordinates":[[-74.7990457368262,39.0035333204684],[-74.8003528002782,39.0044918559995],[-74.8005064660862,39.0046047806683]]}},{"type":"Feature","id":"313:0:0","properties":{"OBJECTID":155920,"name":"FR RT 147 EB to ANGLESEA DR","source":"NJOGIS NG911 Road Centerlines"},"geometry":{"type":"LineString","coordinates":[[-74.799376674333,39.0203971132808],[-74.7991718627771,39.0196148581449],[-74.7991176928632,39.0193561484585],[-74.7990948261446,39.0191836590691],[-74.7990900630272,39.0190974247459],[-74.7991029690407,39.019011063142],[-74.7991378628132,39.0188971040632],[-74.7991722234927,39.0188125936524],[-74.7992867573636,39.0185308955095],[-74.7994575299818,39.0181197362216],[-74.799483768967,39.0180403147958],[-74.7994915209159,39.0180087999226],[-74.7994923129561,39.0179712626492],[-74.79949123725,39.017941555943],[-74.7994840171529,39.0179154612442],[-74.7994768016972,39.0178904655824],[-74.7994588650409,39.0178604994689],[-74.7994394989472,39.017833859394],[-74.7994144642068,39.0178067131677],[-74.7993873084685,39.0177856675991],[-74.7993594393935,39.0177707190749],[-74.7993194856229,39.0177530557289],[-74.7992780770328,39.017740915672],[-74.7992374897557,39.0177315742679],[-74.7991860457238,39.0177270109296],[-74.7990448473308,39.0177306683092]]}},{"type":"Feature","id":"314:0:0","properties":{"OBJECTID":157431,"name":"East 6th Avenue","source":"NJOGIS NG911 Road Centerlines"},"geometry":{"type":"LineString","coordinates":[[-74.7924553233393,39.0017427455295],[-74.791050393617,39.0007106663343],[-74.7909559781806,39.0006413497926]]}},{"type":"Feature","id":"315:0:0","properties":{"OBJECTID":158432,"name":"Central Avenue","source":"NJOGIS NG911 Road Centerlines"},"geometry":{"type":"LineString","coordinates":[[-74.8034686006388,38.9976131366382],[-74.8028171181631,38.9981546058058]]}},{"type":"Feature","id":"316:0:0","properties":{"OBJECTID":158867,"name":"Atlantic Avenue","source":"NJOGIS NG911 Road Centerlines"},"geometry":{"type":"LineString","coordinates":[[-74.7934451957764,39.0034926514602],[-74.7933807004882,39.0035461104848],[-74.7927944229208,39.0040331012885]]}},{"type":"Feature","id":"318:0:0","properties":{"OBJECTID":159666,"name":"West 14th Avenue","source":"NJOGIS NG911 Road Centerlines"},"geometry":{"type":"LineString","coordinates":[[-74.8054868865366,39.0031644797138],[-74.8053975544322,39.0030994343918],[-74.8052279881184,39.0029759690042]]}},{"type":"Feature","id":"319:0:0","properties":{"OBJECTID":159764,"name":"Ocean Avenue","source":"NJOGIS NG911 Road Centerlines"},"geometry":{"type":"LineString","coordinates":[[-74.7935605003263,38.9984818430145],[-74.7942115758961,38.9979430894421]]}},{"type":"Feature","id":"322:0:0","properties":{"OBJECTID":160242,"name":"East 7th Avenue","source":"NJOGIS NG911 Road Centerlines"},"geometry":{"type":"LineString","coordinates":[[-74.7916073730601,39.0001021434559],[-74.7918273668335,39.000262856909],[-74.7931087825228,39.0012013564616]]}},{"type":"Feature","id":"323:0:0","properties":{"OBJECTID":160316,"name":"Beach Drive","source":"NJOGIS NG911 Road Centerlines"},"geometry":{"type":"LineString","coordinates":[[-74.7875029237408,39.0011570658917],[-74.7871147280774,39.0014833756869],[-74.7869323084897,39.0016323470175],[-74.7869177500366,39.001652372067]]}},{"type":"Feature","id":"327:0:0","properties":{"OBJECTID":160806,"name":"Atlantic Avenue","source":"NJOGIS NG911 Road Centerlines"},"geometry":{"type":"LineString","coordinates":[[-74.8071219066748,38.9921589316402],[-74.8066525130191,38.992543546903],[-74.8064684791608,38.992695271069]]}},{"type":"Feature","id":"328:0:0","properties":{"OBJECTID":161050,"name":"Surf Avenue","source":"NJOGIS NG911 Road Centerlines"},"geometry":{"type":"LineString","coordinates":[[-74.8028701914319,38.9931051475652],[-74.8035222659911,38.9925645274734]]}},{"type":"Feature","id":"330:0:0","properties":{"OBJECTID":161317,"name":"West Walnut Avenue","source":"NJOGIS NG911 Road Centerlines"},"geometry":{"type":"LineString","coordinates":[[-74.7939362784993,39.0100733959326],[-74.7940405182707,39.010089169493],[-74.7941301701721,39.0101174999117],[-74.7942688491746,39.0102060607248],[-74.7949342390403,39.0106996452815],[-74.7954545411218,39.0110776932031]]}},{"type":"Feature","id":"331:0:0","properties":{"OBJECTID":162288,"name":"North New York Avenue","source":"NJOGIS NG911 Road Centerlines"},"geometry":{"type":"LineString","coordinates":[[-74.7939362784993,39.0100733959326],[-74.7940096311178,39.0100029835414],[-74.7941201761636,39.0098968698935],[-74.7944612025405,39.0096161552178],[-74.7946446356444,39.009464067186]]}},{"type":"Feature","id":"332:0:0","properties":{"OBJECTID":162318,"name":"East 16th Avenue","source":"NJOGIS NG911 Road Centerlines"},"geometry":{"type":"LineString","coordinates":[[-74.8036060404724,38.9997528838425],[-74.802851644941,38.9991965067014],[-74.8021661102039,38.9986943404131]]}},{"type":"Feature","id":"335:0:0","properties":{"OBJECTID":163321,"name":"East 7th Avenue","source":"NJOGIS NG911 Road Centerlines"},"geometry":{"type":"LineString","coordinates":[[-74.7963017344664,39.0035507831755],[-74.7964763605906,39.0036794205373],[-74.7977451881094,39.0046158140433]]}},{"type":"Feature","id":"336:0:0","properties":{"OBJECTID":163460,"name":"West Cherry Avenue","source":"NJOGIS NG911 Road Centerlines"},"geometry":{"type":"LineString","coordinates":[[-74.7946443268531,39.0156323548897],[-74.7947458934982,39.0156636761922],[-74.7948437885953,39.0157173561362],[-74.7949458226703,39.0157933227336],[-74.7949971637256,39.0158329803294],[-74.7950560446949,39.0158660830892],[-74.7950942197465,39.0158797156469],[-74.7951190840251,39.0158833597914],[-74.7951415685231,39.0158817651409],[-74.7951638981017,39.0158767935518],[-74.7951859167515,39.0158675841962]]}},{"type":"Feature","id":"337:0:0","properties":{"OBJECTID":164093,"name":"East 18th Avenue","source":"NJOGIS NG911 Road Centerlines"},"geometry":{"type":"LineString","coordinates":[[-74.8002662847854,38.9952635169292],[-74.7999398708604,38.9950247816908],[-74.7987723261927,38.9941670117389]]}},{"type":"Feature","id":"338:0:0","properties":{"OBJECTID":164348,"name":"Central Avenue","source":"NJOGIS NG911 Road Centerlines"},"geometry":{"type":"LineString","coordinates":[[-74.8073709633895,38.9943736252599],[-74.8068439520896,38.9948075638735],[-74.8067169966251,38.9949131185441]]}},{"type":"Feature","id":"339:0:0","properties":{"OBJECTID":164625,"name":"Surf Avenue","source":"NJOGIS NG911 Road Centerlines"},"geometry":{"type":"LineString","coordinates":[[-74.7904982773081,39.003362459922],[-74.7909201559995,39.0030130172376],[-74.7911505768771,39.0028224307086]]}},{"type":"Feature","id":"341:0:0","properties":{"OBJECTID":165496,"name":"West 16th Avenue","source":"NJOGIS NG911 Road Centerlines"},"geometry":{"type":"LineString","coordinates":[[-74.8050673394922,39.0008282959038],[-74.8045223007693,39.0004286078932],[-74.8036060404724,38.9997528838425]]}},{"type":"Feature","id":"343:0:0","properties":{"OBJECTID":166268,"name":"South West 15th Avenue","source":"NJOGIS NG911 Road Centerlines"},"geometry":{"type":"LineString","coordinates":[[-74.8062129053391,39.0021606210869],[-74.8067952480085,39.0025800831951],[-74.8071805098406,39.0028724065085],[-74.8074400596193,39.0030641236407],[-74.807606310629,39.0031803831437],[-74.8076743558082,39.0032421497176]]}},{"type":"Feature","id":"346:0:0","properties":{"OBJECTID":167334,"name":"Delaware Avenue","source":"NJOGIS NG911 Road Centerlines"},"geometry":{"type":"LineString","coordinates":[[-74.8081660127777,39.000542740998],[-74.8078313010292,39.0008210632622]]}},{"type":"Feature","id":"347:0:0","properties":{"OBJECTID":167664,"name":"New York Avenue","source":"NJOGIS NG911 Road Centerlines"},"geometry":{"type":"LineString","coordinates":[[-74.8044163978251,39.00136875614],[-74.8050673394922,39.0008282959038]]}},{"type":"Feature","id":"348:0:0","properties":{"OBJECTID":167994,"name":"East 17th Avenue","source":"NJOGIS NG911 Road Centerlines"},"geometry":{"type":"LineString","coordinates":[[-74.8027000007866,38.9980694322063],[-74.8027600770893,38.998113127649],[-74.8028171181631,38.9981546058058]]}},{"type":"Feature","id":"349:0:0","properties":{"OBJECTID":168037,"name":"East 20th Avenue","source":"NJOGIS NG911 Road Centerlines"},"geometry":{"type":"LineString","coordinates":[[-74.8062088246743,38.9975974650575],[-74.805664450565,38.9971925914188],[-74.8047675406255,38.996533493152]]}},{"type":"Feature","id":"350:0:0","properties":{"OBJECTID":168281,"name":"West 2nd Avenue","source":"NJOGIS NG911 Road Centerlines"},"geometry":{"type":"LineString","coordinates":[[-74.7959542672227,39.0083832326255],[-74.7965113650805,39.0087938848312],[-74.7972640826366,39.0093488792932],[-74.7973003144032,39.0093734516581],[-74.7973228119209,39.009388708972],[-74.7973485649128,39.0094200834058],[-74.7973560048701,39.0094486208531],[-74.7973525001104,39.0094857533886],[-74.7973343546589,39.0095229502634]]}},{"type":"Feature","id":"351:0:0","properties":{"OBJECTID":168478,"name":"West 26th Avenue","source":"NJOGIS NG911 Road Centerlines"},"geometry":{"type":"LineString","coordinates":[[-74.8115702650504,38.9954318808633],[-74.8109261619981,38.9949554396296],[-74.81028049877317,38.99448203360324]]}},{"type":"Feature","id":"352:0:0","properties":{"OBJECTID":168776,"name":"West 7th Avenue","source":"NJOGIS NG911 Road Centerlines"},"geometry":{"type":"LineString","coordinates":[[-74.7977451881094,39.0046158140433],[-74.7978945090671,39.0047260353418],[-74.799207282951,39.0056851724985]]}},{"type":"Feature","id":"353:0:0","properties":{"OBJECTID":169016,"name":"East 5th Avenue","source":"NJOGIS NG911 Road Centerlines"},"geometry":{"type":"LineString","coordinates":[[-74.7888027343819,39.0000776522907],[-74.7902012111749,39.0011091153421],[-74.7903022241125,39.0011825627457]]}},{"type":"Feature","id":"355:0:0","properties":{"OBJECTID":169362,"name":"Surf Avenue","source":"NJOGIS NG911 Road Centerlines"},"geometry":{"type":"LineString","coordinates":[[-74.7931087825228,39.0012013564616],[-74.7937584811603,39.0006631315905]]}},{"type":"Feature","id":"357:0:0","properties":{"OBJECTID":170585,"name":"Central Avenue","source":"NJOGIS NG911 Road Centerlines"},"geometry":{"type":"LineString","coordinates":[[-74.7917465281494,39.0073292713678],[-74.7910874164032,39.0078731924457]]}},{"type":"Feature","id":"358:0:0","properties":{"OBJECTID":170899,"name":"East 23rd Avenue","source":"NJOGIS NG911 Road Centerlines"},"geometry":{"type":"LineString","coordinates":[[-74.8016167827746,38.991159315329],[-74.8028455012781,38.9920671469198],[-74.8035222659911,38.9925645274734]]}},{"type":"Feature","id":"361:0:0","properties":{"OBJECTID":171742,"name":"Maryland Avenue","source":"NJOGIS NG911 Road Centerlines"},"geometry":{"type":"LineString","coordinates":[[-74.8076743558082,39.0032421497176],[-74.8079879029576,39.0029739609201]]}},{"type":"Feature","id":"364:0:0","properties":{"OBJECTID":172394,"name":"New York Avenue","source":"NJOGIS NG911 Road Centerlines"},"geometry":{"type":"LineString","coordinates":[[-74.7959542672227,39.0083832326255],[-74.7962278694358,39.0081578191913],[-74.7966051667156,39.0078442201233]]}},{"type":"Feature","id":"365:0:0","properties":{"OBJECTID":172487,"name":"West 14th Avenue","source":"NJOGIS NG911 Road Centerlines"},"geometry":{"type":"LineString","coordinates":[[-74.8037655502411,39.0019086908636],[-74.802556014581,39.0010116664878],[-74.8023077485965,39.0008291078678]]}},{"type":"Feature","id":"366:0:0","properties":{"OBJECTID":174261,"name":"West 5th Avenue","source":"NJOGIS NG911 Road Centerlines"},"geometry":{"type":"LineString","coordinates":[[-74.7964391616141,39.0056941331973],[-74.7970198796546,39.0061187270717],[-74.7979033908789,39.0067679787516]]}},{"type":"Feature","id":"367:0:0","properties":{"OBJECTID":175426,"name":"South West 15th Avenue","source":"NJOGIS NG911 Road Centerlines"},"geometry":{"type":"LineString","coordinates":[[-74.8076743558082,39.0032421497176],[-74.8077483716704,39.003309337206],[-74.8079875734735,39.0034821877637],[-74.8081254648368,39.0035827607908]]}},{"type":"Feature","id":"368:0:0","properties":{"OBJECTID":175436,"name":"New Jersey Avenue","source":"NJOGIS NG911 Road Centerlines"},"geometry":{"type":"LineString","coordinates":[[-74.8055600446022,38.9981323805339],[-74.804980471047,38.9986102445067],[-74.80490466412,38.9986732670234]]}},{"type":"Feature","id":"369:0:0","properties":{"OBJECTID":175498,"name":"East 17th Avenue","source":"NJOGIS NG911 Road Centerlines"},"geometry":{"type":"LineString","coordinates":[[-74.7996132037825,38.9958022267106],[-74.8005888715417,38.9965181379006],[-74.8012580113101,38.9970119536674]]}},{"type":"Feature","id":"371:0:0","properties":{"OBJECTID":177423,"name":"East 17th Avenue","source":"NJOGIS NG911 Road Centerlines"},"geometry":{"type":"LineString","coordinates":[[-74.798115759635,38.994705667214],[-74.798346741773,38.9948774877383],[-74.7995265523881,38.9957386626384],[-74.7996132037825,38.9958022267106]]}},{"type":"Feature","id":"375:0:0","properties":{"OBJECTID":178108,"name":"Seaboard Circle","source":"NJOGIS NG911 Road Centerlines"},"geometry":{"type":"LineString","coordinates":[[-74.797983599468,39.0220068903292],[-74.7979196016218,39.0220518913693],[-74.7978997129041,39.0220654154158],[-74.7978696017092,39.022085890469],[-74.797816601938,39.0221268905784],[-74.7977666016616,39.0221968924868],[-74.7977426012197,39.0222408904681],[-74.7977206001225,39.0222868913574],[-74.7977015996196,39.0223348916999],[-74.7976845993041,39.0223828914392],[-74.7976575994641,39.0224298915127],[-74.7976145993739,39.0224678913748]]}},{"type":"Feature","id":"376:0:0","properties":{"OBJECTID":178295,"name":"Atlantic Avenue","source":"NJOGIS NG911 Road Centerlines"},"geometry":{"type":"LineString","coordinates":[[-74.8019127969985,38.9964688638968],[-74.8015635919427,38.996757613559],[-74.8012580113101,38.9970119536674]]}},{"type":"Feature","id":"377:0:0","properties":{"OBJECTID":179135,"name":"East 7th Avenue","source":"NJOGIS NG911 Road Centerlines"},"geometry":{"type":"LineString","coordinates":[[-74.7903879109647,38.9992111412841],[-74.7916073730601,39.0001021434559]]}},{"type":"Feature","id":"378:0:0","properties":{"OBJECTID":180309,"name":"Delaware Avenue","source":"NJOGIS NG911 Road Centerlines"},"geometry":{"type":"LineString","coordinates":[[-74.8110841204924,38.9981231917039],[-74.8107678949929,38.9983830496368],[-74.8104339015874,38.9986599496606]]}},{"type":"Feature","id":"380:0:0","properties":{"OBJECTID":180393,"name":"West Spruce Avenue","source":"NJOGIS NG911 Road Centerlines"},"geometry":{"type":"LineString","coordinates":[[-74.7918779359292,39.0094695110071],[-74.7923883987299,39.0098401282892],[-74.7928241219601,39.0101602826877],[-74.7932609343277,39.0104812317624],[-74.7933435759416,39.0105421465457]]}},{"type":"Feature","id":"381:0:0","properties":{"OBJECTID":180767,"name":"Central Avenue","source":"NJOGIS NG911 Road Centerlines"},"geometry":{"type":"LineString","coordinates":[[-74.8054138401248,38.9959963371832],[-74.8047675406255,38.996533493152]]}},{"type":"Feature","id":"382:0:0","properties":{"OBJECTID":180833,"name":"West 3rd Avenue","source":"NJOGIS NG911 Road Centerlines"},"geometry":{"type":"LineString","coordinates":[[-74.7966051667156,39.0078442201233],[-74.7977672143923,39.0086863449154],[-74.7978521311522,39.0087521928414]]}},{"type":"Feature","id":"383:0:0","properties":{"OBJECTID":180958,"name":"New Jersey Avenue","source":"NJOGIS NG911 Road Centerlines"},"geometry":{"type":"LineString","coordinates":[[-74.7942472727659,39.0081498714602],[-74.7941500928654,39.0083339769991],[-74.7940520643998,39.0085341208303],[-74.793980782259,39.0086920755895],[-74.7939364793926,39.0088464759969],[-74.7939170055459,39.0089285701348]]}},{"type":"Feature","id":"384:0:0","properties":{"OBJECTID":182055,"name":"Central Avenue","source":"NJOGIS NG911 Road Centerlines"},"geometry":{"type":"LineString","coordinates":[[-74.7930503420566,39.006253179745],[-74.7924011061319,39.0067890099864]]}},{"type":"Feature","id":"385:0:0","properties":{"OBJECTID":182257,"name":"Seaview Court","source":"NJOGIS NG911 Road Centerlines"},"geometry":{"type":"LineString","coordinates":[[-74.794747599984,39.017720890331],[-74.7947926008693,39.0181088888482]]}},{"type":"Feature","id":"386:0:0","properties":{"OBJECTID":182508,"name":"East Marina Court","source":"NJOGIS NG911 Road Centerlines"},"geometry":{"type":"LineString","coordinates":[[-74.7964368495395,39.0209307840735],[-74.7958014278033,39.0214442754289]]}},{"type":"Feature","id":"387:0:0","properties":{"OBJECTID":183033,"name":"West 9th Avenue","source":"NJOGIS NG911 Road Centerlines"},"geometry":{"type":"LineString","coordinates":[[-74.8005064660862,39.0046047806683],[-74.8015799490999,39.0053936343828],[-74.8016006771996,39.0054101926978],[-74.8016079955398,39.0054263748827],[-74.8016088443024,39.0054356533697]]}},{"type":"Feature","id":"388:0:0","properties":{"OBJECTID":183212,"name":"Ocean Avenue","source":"NJOGIS NG911 Road Centerlines"},"geometry":{"type":"LineString","coordinates":[[-74.7909559781806,39.0006413497926],[-74.7916073730601,39.0001021434559]]}},{"type":"Feature","id":"389:0:0","properties":{"OBJECTID":184857,"name":"East Spruce Avenue","source":"NJOGIS NG911 Road Centerlines"},"geometry":{"type":"LineString","coordinates":[[-74.7908137669431,39.0085523832939],[-74.7908331994566,39.0085991931787],[-74.7908788570466,39.0086795046876],[-74.7909327588892,39.0087533427464],[-74.7910155460253,39.0088335616036],[-74.7911147766271,39.0089073144254],[-74.7914579892538,39.009157288942],[-74.7918011953565,39.0094137982024],[-74.7918779359292,39.0094695110071]]}},{"type":"Feature","id":"391:0:0","properties":{"OBJECTID":185912,"name":"Pacific Avenue","source":"NJOGIS NG911 Road Centerlines"},"geometry":{"type":"LineString","coordinates":[[-74.8090303517148,38.9935575719996],[-74.80903035604635,38.99355756831858]]}},{"type":"Feature","id":"392:0:0","properties":{"OBJECTID":187530,"name":"West 21st Avenue","source":"NJOGIS NG911 Road Centerlines"},"geometry":{"type":"LineString","coordinates":[[-74.8068595814688,38.9970579292202],[-74.8072698681167,38.9973586989955],[-74.8083210339508,38.9981295107009]]}},{"type":"Feature","id":"393:0:0","properties":{"OBJECTID":187565,"name":"West Spruce Avenue","source":"NJOGIS NG911 Road Centerlines"},"geometry":{"type":"LineString","coordinates":[[-74.7990382564532,39.0170432117021],[-74.7989532683115,39.01752304394],[-74.7989364203917,39.0177348451231]]}},{"type":"Feature","id":"394:0:0","properties":{"OBJECTID":188019,"name":"Central Avenue","source":"NJOGIS NG911 Road Centerlines"},"geometry":{"type":"LineString","coordinates":[[-74.7910874164032,39.0078731924457],[-74.790996678902,39.007948077729],[-74.7908269256378,39.0080813448019]]}},{"type":"Feature","id":"395:0:0","properties":{"OBJECTID":188107,"name":"Ocean Avenue","source":"NJOGIS NG911 Road Centerlines"},"geometry":{"type":"LineString","coordinates":[[-74.7974667990557,38.9952394123818],[-74.797582792348,38.9951428746302],[-74.798115759635,38.994705667214]]}},{"type":"Feature","id":"398:0:0","properties":{"OBJECTID":189260,"name":"East 16th Avenue","source":"NJOGIS NG911 Road Centerlines"},"geometry":{"type":"LineString","coordinates":[[-74.8006089062493,38.9975523882641],[-74.799843061827,38.996990034655],[-74.7989590258765,38.9963418689054]]}},{"type":"Feature","id":"399:0:0","properties":{"OBJECTID":189652,"name":"Surf Avenue","source":"NJOGIS NG911 Road Centerlines"},"geometry":{"type":"LineString","coordinates":[[-74.8015671029664,38.9941857154341],[-74.8021482299885,38.9937037453001],[-74.802216671312,38.9936469487531]]}},{"type":"Feature","id":"400:0:0","properties":{"OBJECTID":190066,"name":"Hudson Avenue","source":"NJOGIS NG911 Road Centerlines"},"geometry":{"type":"LineString","coordinates":[[-74.8143624758891,38.9974909355561],[-74.81436250954124,38.997490906937415]]}},{"type":"Feature","id":"402:0:0","properties":{"OBJECTID":190739,"name":"East 19th Avenue","source":"NJOGIS NG911 Road Centerlines"},"geometry":{"type":"LineString","coordinates":[[-74.8041166381548,38.9970745014865],[-74.8050484447163,38.9977556449697],[-74.8055600446022,38.9981323805339]]}},{"type":"Feature","id":"404:0:0","properties":{"OBJECTID":191671,"name":"West Spruce Avenue","source":"NJOGIS NG911 Road Centerlines"},"geometry":{"type":"LineString","coordinates":[[-74.7990382564532,39.0170432117021],[-74.7990744819286,39.0165185838806],[-74.7991077153166,39.0160439371066],[-74.7991319910179,39.0157241783881],[-74.7991378501995,39.0155942574727],[-74.799140652476,39.0154993545369],[-74.7991370610085,39.0154069390547],[-74.7991271052096,39.0153245349379],[-74.7991073515718,39.0151972065991],[-74.7990716674061,39.0150899362175],[-74.7990424841356,39.0150050553651],[-74.7989875872402,39.0148902831867],[-74.7989263157946,39.0147830504015],[-74.7988264635816,39.0146409350897],[-74.7987235043457,39.0145213158306],[-74.7985628140339,39.0143743310494],[-74.7983155357827,39.0141926411143],[-74.7979333480338,39.0139088745888],[-74.7977267897278,39.0137594527253]]}},{"type":"Feature","id":"405:0:0","properties":{"OBJECTID":192708,"name":"Hoffman Canal Avenue","source":"NJOGIS NG911 Road Centerlines"},"geometry":{"type":"LineString","coordinates":[[-74.802765238302,39.0050210849351],[-74.8029253700116,39.0051472521132],[-74.8029576671358,39.0051700141144],[-74.8029749751824,39.0051767238333],[-74.8029895178794,39.0051788003906],[-74.8030103820925,39.0051776750799],[-74.8030313005859,39.0051730353615],[-74.8030572296683,39.0051629179947],[-74.8030834745853,39.0051445632195],[-74.8031447741089,39.005094127748],[-74.8033227056568,39.0049383053152],[-74.8035269480689,39.0047795323034]]}},{"type":"Feature","id":"406:0:0","properties":{"OBJECTID":193134,"name":"Seaview Court","source":"NJOGIS NG911 Road Centerlines"},"geometry":{"type":"LineString","coordinates":[[-74.7961158635662,39.0176207711058],[-74.794747599984,39.017720890331]]}},{"type":"Feature","id":"407:0:0","properties":{"OBJECTID":193142,"name":"Atlantic Avenue","source":"NJOGIS NG911 Road Centerlines"},"geometry":{"type":"LineString","coordinates":[[-74.7960489736195,39.0013336685721],[-74.7954027944399,39.0018690144495]]}},{"type":"Feature","id":"408:0:0","properties":{"OBJECTID":193438,"name":"East 24th Avenue","source":"NJOGIS NG911 Road Centerlines"},"geometry":{"type":"LineString","coordinates":[[-74.8072595979962,38.9942921751082],[-74.8066382186188,38.9938378078589],[-74.8058141008021,38.9932347884436]]}},{"type":"Feature","id":"409:0:0","properties":{"OBJECTID":193924,"name":"New York Avenue","source":"NJOGIS NG911 Road Centerlines"},"geometry":{"type":"LineString","coordinates":[[-74.7953009257737,39.0089215882099],[-74.7959542672227,39.0083832326255]]}},{"type":"Feature","id":"410:0:0","properties":{"OBJECTID":194223,"name":"West 15th Avenue","source":"NJOGIS NG911 Road Centerlines"},"geometry":{"type":"LineString","coordinates":[[-74.8058750875728,39.0024402646978],[-74.8061296193871,39.002628263847]]}},{"type":"Feature","id":"412:0:0","properties":{"OBJECTID":194994,"name":"Anglesea Drive","source":"NJOGIS NG911 Road Centerlines"},"geometry":{"type":"LineString","coordinates":[[-74.7959481716061,39.017518733686],[-74.7960577167587,39.0175969314776],[-74.7961158635662,39.0176207711058]]}},{"type":"Feature","id":"413:0:0","properties":{"OBJECTID":195023,"name":"Ocean Avenue","source":"NJOGIS NG911 Road Centerlines"},"geometry":{"type":"LineString","coordinates":[[-74.80582884252775,38.991208168628134],[-74.8058288115744,38.9912081949628]]}},{"type":"Feature","id":"415:0:0","properties":{"OBJECTID":196061,"name":"Atlantic Avenue","source":"NJOGIS NG911 Road Centerlines"},"geometry":{"type":"LineString","coordinates":[[-74.7914952215185,39.0051095365302],[-74.7913922488448,39.0051946946231],[-74.7908416813493,39.0056431726521]]}},{"type":"Feature","id":"416:0:0","properties":{"OBJECTID":196207,"name":"West 19th Avenue","source":"NJOGIS NG911 Road Centerlines"},"geometry":{"type":"LineString","coordinates":[[-74.8055600446022,38.9981323805339],[-74.8068326237807,38.9990694067582],[-74.8070224008633,38.9992089178474]]}},{"type":"Feature","id":"417:0:0","properties":{"OBJECTID":196613,"name":"Beach Drive","source":"NJOGIS NG911 Road Centerlines"},"geometry":{"type":"LineString","coordinates":[[-74.7888027343819,39.0000776522907],[-74.7885482491174,39.0002860867323],[-74.7881485043542,39.0006170148588]]}},{"type":"Feature","id":"418:0:0","properties":{"OBJECTID":196711,"name":"Saint Demetrios Avenue","source":"NJOGIS NG911 Road Centerlines"},"geometry":{"type":"LineString","coordinates":[[-74.7934557664335,39.0118430306658],[-74.7934582018781,39.0119637867876],[-74.7934734271749,39.0121732275435]]}},{"type":"Feature","id":"419:0:0","properties":{"OBJECTID":197126,"name":"Ohio Avenue","source":"NJOGIS NG911 Road Centerlines"},"geometry":{"type":"LineString","coordinates":[[-74.7966461299153,39.0169453038394],[-74.7961893511049,39.0173172919091],[-74.7959481716061,39.017518733686]]}},{"type":"Feature","id":"420:0:0","properties":{"OBJECTID":197538,"name":"Beach Drive","source":"NJOGIS NG911 Road Centerlines"},"geometry":{"type":"LineString","coordinates":[[-74.7936628213102,38.9965306954851],[-74.7933175783847,38.9968156485317],[-74.7930187001601,38.9970642658003]]}},{"type":"Feature","id":"421:0:0","properties":{"OBJECTID":198069,"name":"West 25th Avenue","source":"NJOGIS NG911 Road Centerlines"},"geometry":{"type":"LineString","coordinates":[[-74.8094678726545,38.994894843564],[-74.8107550025864,38.995845655932],[-74.8109223610608,38.9959683337788]]}},{"type":"Feature","id":"423:0:0","properties":{"OBJECTID":198369,"name":"East 16th Avenue","source":"NJOGIS NG911 Road Centerlines"},"geometry":{"type":"LineString","coordinates":[[-74.7974667990557,38.9952394123818],[-74.7968994823311,38.9948180531564],[-74.7965954318467,38.9945980337278]]}},{"type":"Feature","id":"424:0:0","properties":{"OBJECTID":198631,"name":"East 6th Avenue","source":"NJOGIS NG911 Road Centerlines"},"geometry":{"type":"LineString","coordinates":[[-74.7956553024051,39.0040890956529],[-74.7956025653223,39.0040502111295],[-74.7955446746776,39.0040075226829]]}},{"type":"Feature","id":"425:0:0","properties":{"OBJECTID":199060,"name":"Surf Avenue","source":"NJOGIS NG911 Road Centerlines"},"geometry":{"type":"LineString","coordinates":[[-74.802216671312,38.9936469487531],[-74.8028701914319,38.9931051475652]]}},{"type":"Feature","id":"426:0:0","properties":{"OBJECTID":199925,"name":"Beach Drive","source":"NJOGIS NG911 Road Centerlines"},"geometry":{"type":"LineString","coordinates":[[-74.7910643440563,38.9986873073282],[-74.7905528141231,38.9991101781954],[-74.7904724794194,38.9991618076038],[-74.7903994621773,38.9992047965822],[-74.7903879109647,38.9992111412841]]}},{"type":"Feature","id":"428:0:0","properties":{"OBJECTID":200756,"name":"West 6th Avenue","source":"NJOGIS NG911 Road Centerlines"},"geometry":{"type":"LineString","coordinates":[[-74.7990336028777,39.0065912156272],[-74.7985597963278,39.0062230099006]]}},{"type":"Feature","id":"430:0:0","properties":{"OBJECTID":201031,"name":"East 2nd Avenue","source":"NJOGIS NG911 Road Centerlines"},"geometry":{"type":"LineString","coordinates":[[-74.7914952215185,39.0051095365302],[-74.7926268602,39.0059420957531],[-74.792935266933,39.0061686498643]]}},{"type":"Feature","id":"431:0:0","properties":{"OBJECTID":201969,"name":"East 13th Avenue","source":"NJOGIS NG911 Road Centerlines"},"geometry":{"type":"LineString","coordinates":[[-74.8000968325388,39.0002302104075],[-74.800154088874,39.0002725955654],[-74.8002078847664,39.0003124095275]]}},{"type":"Feature","id":"432:0:0","properties":{"OBJECTID":202066,"name":"New Jersey Avenue","source":"NJOGIS NG911 Road Centerlines"},"geometry":{"type":"LineString","coordinates":[[-74.8003511480712,39.0024532698967],[-74.7996994459476,39.0029921688211]]}},{"type":"Feature","id":"433:0:0","properties":{"OBJECTID":202465,"name":"East 15th Avenue","source":"NJOGIS NG911 Road Centerlines"},"geometry":{"type":"LineString","coordinates":[[-74.8015135074792,38.999233580899],[-74.8025087678802,38.9999652692657],[-74.8029532341281,39.0002938903951]]}},{"type":"Feature","id":"434:0:0","properties":{"OBJECTID":203453,"name":"Surf Avenue","source":"NJOGIS NG911 Road Centerlines"},"geometry":{"type":"LineString","coordinates":[[-74.7898474075332,39.0039016305845],[-74.7895111536121,39.0041856705017],[-74.7893298058859,39.0043479603043],[-74.789291854791,39.0043960244368],[-74.7892814833959,39.0044416851416],[-74.7892826128622,39.0044769114676],[-74.7892999750413,39.0045060572608],[-74.78932633707,39.0045329285774],[-74.7893795066493,39.0045718851331]]}},{"type":"Feature","id":"435:0:0","properties":{"OBJECTID":203727,"name":"West 16th Avenue","source":"NJOGIS NG911 Road Centerlines"},"geometry":{"type":"LineString","coordinates":[[-74.8065267646071,39.0018992999188],[-74.8061037423092,39.0015883463296],[-74.8050673394922,39.0008282959038]]}},{"type":"Feature","id":"436:0:0","properties":{"OBJECTID":204053,"name":"East 3rd Avenue","source":"NJOGIS NG911 Road Centerlines"},"geometry":{"type":"LineString","coordinates":[[-74.7935892929881,39.005627558832],[-74.7936447473205,39.0056682229247],[-74.7937053202662,39.005712580252]]}},{"type":"Feature","id":"437:0:0","properties":{"OBJECTID":204266,"name":"Old New Jersey Avenue","source":"NJOGIS NG911 Road Centerlines"},"geometry":{"type":"LineString","coordinates":[[-74.7948513552892,39.0070885643475],[-74.7945089539479,39.0073228803413]]}},{"type":"Feature","id":"439:0:0","properties":{"OBJECTID":205337,"name":"Cherry Avenue","source":"NJOGIS NG911 Road Centerlines"},"geometry":{"type":"LineString","coordinates":[[-74.7966461299153,39.0169453038394],[-74.7951859167515,39.0158675841962]]}},{"type":"Feature","id":"440:0:0","properties":{"OBJECTID":206142,"name":"West Oak Avenue","source":"NJOGIS NG911 Road Centerlines"},"geometry":{"type":"LineString","coordinates":[[-74.7975432346636,39.0206888476778],[-74.797525796083,39.0206829113468],[-74.7975069341979,39.0206671980082],[-74.7974977295581,39.0206546454794],[-74.7974730735368,39.0205917193361]]}},{"type":"Feature","id":"441:0:0","properties":{"OBJECTID":206445,"name":"East 25th Avenue","source":"NJOGIS NG911 Road Centerlines"},"geometry":{"type":"LineString","coordinates":[[-74.808024246042,38.9938330589532],[-74.8092421997436,38.9947281659449],[-74.8094678726545,38.994894843564]]}},{"type":"Feature","id":"442:0:0","properties":{"OBJECTID":206951,"name":"New York Avenue","source":"NJOGIS NG911 Road Centerlines"},"geometry":{"type":"LineString","coordinates":[[-74.7998536354615,39.0051476640971],[-74.8005064660862,39.0046047806683]]}},{"type":"Feature","id":"443:0:0","properties":{"OBJECTID":207321,"name":"East 22nd Avenue","source":"NJOGIS NG911 Road Centerlines"},"geometry":{"type":"LineString","coordinates":[[-74.8028701914319,38.9931051475652],[-74.8025457860073,38.9928669088879],[-74.8010375105058,38.9917510845558],[-74.8009686431371,38.9917070811293]]}},{"type":"Feature","id":"445:0:0","properties":{"OBJECTID":209614,"name":"East 7th Avenue","source":"NJOGIS NG911 Road Centerlines"},"geometry":{"type":"LineString","coordinates":[[-74.7961924481489,39.0034702506041],[-74.7962500919072,39.0035127195498],[-74.7963017344664,39.0035507831755]]}},{"type":"Feature","id":"446:0:0","properties":{"OBJECTID":209835,"name":"New Jersey Avenue","source":"NJOGIS NG911 Road Centerlines"},"geometry":{"type":"LineString","coordinates":[[-74.8016526959171,39.0013759342663],[-74.8010043468986,39.0019127166574]]}},{"type":"Feature","id":"447:0:0","properties":{"OBJECTID":210144,"name":"Delaware Avenue","source":"NJOGIS NG911 Road Centerlines"},"geometry":{"type":"LineString","coordinates":[[-74.8062129053391,39.0021606210869],[-74.8058750875728,39.0024402646978]]}},{"type":"Feature","id":"448:0:0","properties":{"OBJECTID":210668,"name":"Virginia Avenue","source":"NJOGIS NG911 Road Centerlines"},"geometry":{"type":"LineString","coordinates":[[-74.796426387739,39.0148424512052],[-74.7966544057537,39.0146523818647],[-74.7970781013737,39.0142996184715]]}},{"type":"Feature","id":"449:0:0","properties":{"OBJECTID":210752,"name":"Central Avenue","source":"NJOGIS NG911 Road Centerlines"},"geometry":{"type":"LineString","coordinates":[[-74.7989030999428,39.0013904239899],[-74.7982519907138,39.0019284071423]]}},{"type":"Feature","id":"450:0:0","properties":{"OBJECTID":212419,"name":"New York Avenue","source":"NJOGIS NG911 Road Centerlines"},"geometry":{"type":"LineString","coordinates":[[-74.801159405419,39.0040651057439],[-74.8012357145138,39.0040021114358],[-74.8018057382231,39.0035298926774]]}},{"type":"Feature","id":"453:0:0","properties":{"OBJECTID":215674,"name":"West 16th Avenue","source":"NJOGIS NG911 Road Centerlines"},"geometry":{"type":"LineString","coordinates":[[-74.8079879029576,39.0029739609201],[-74.8077541944327,39.0028015075499],[-74.8065267646071,39.0018992999188]]}},{"type":"Feature","id":"455:0:0","properties":{"OBJECTID":216401,"name":"Anglesea Drive","source":"NJOGIS NG911 Road Centerlines"},"geometry":{"type":"LineString","coordinates":[[-74.7980408880022,39.0177111061018],[-74.7987525417594,39.0177419329796],[-74.7989364203917,39.0177348451231]]}},{"type":"Feature","id":"457:0:0","properties":{"OBJECTID":216722,"name":"Delaware Avenue","source":"NJOGIS NG911 Road Centerlines"},"geometry":{"type":"LineString","coordinates":[[-74.8104339015874,38.9986599496606],[-74.8097829120583,38.9991996166923]]}},{"type":"Feature","id":"458:0:0","properties":{"OBJECTID":217431,"name":"East 4th Avenue","source":"NJOGIS NG911 Road Centerlines"},"geometry":{"type":"LineString","coordinates":[[-74.7896511255714,39.0017214312704],[-74.7889530021574,39.0012046932079],[-74.7881485043542,39.0006170148588]]}},{"type":"Feature","id":"459:0:0","properties":{"OBJECTID":218361,"name":"East Chestnut Avenue","source":"NJOGIS NG911 Road Centerlines"},"geometry":{"type":"LineString","coordinates":[[-74.79318832407,39.0083913693959],[-74.7919339976799,39.0074656550621],[-74.7917465281494,39.0073292713678]]}},{"type":"Feature","id":"463:0:0","properties":{"OBJECTID":219399,"name":"Atlantic Avenue","source":"NJOGIS NG911 Road Centerlines"},"geometry":{"type":"LineString","coordinates":[[-74.80712192453817,38.992158918067055],[-74.8071219066748,38.9921589316402]]}},{"type":"Feature","id":"464:0:0","properties":{"OBJECTID":221119,"name":"Seaspray Court","source":"NJOGIS NG911 Road Centerlines"},"geometry":{"type":"LineString","coordinates":[[-74.794921601428,39.0185678906941],[-74.7949566009278,39.0187768900461]]}},{"type":"Feature","id":"465:0:0","properties":{"OBJECTID":221377,"name":"East 14th Avenue","source":"NJOGIS NG911 Road Centerlines"},"geometry":{"type":"LineString","coordinates":[[-74.7976638151503,38.9974245139111],[-74.7973720208156,38.9972103416867],[-74.7963149096411,38.9964335698001],[-74.7961646192108,38.996322498342]]}},{"type":"Feature","id":"466:0:0","properties":{"OBJECTID":222111,"name":"Surf Avenue","source":"NJOGIS NG911 Road Centerlines"},"geometry":{"type":"LineString","coordinates":[[-74.7989590258765,38.9963418689054],[-74.7996132037825,38.9958022267106]]}},{"type":"Feature","id":"467:0:0","properties":{"OBJECTID":222513,"name":"Hereford Avenue","source":"NJOGIS NG911 Road Centerlines"},"geometry":{"type":"LineString","coordinates":[[-74.7920063004865,39.0121601871436],[-74.7920043601105,39.0120463429622],[-74.79200087348,39.0118417661023],[-74.7920033743896,39.0118066307581],[-74.7920086588999,39.0117323802572],[-74.7920290047479,39.0116647818512],[-74.7920368155996,39.0116514421643],[-74.7920460517028,39.0116356665837],[-74.7920535391795,39.0116228745279],[-74.7920905113968,39.0115842305096],[-74.792143878125,39.0115358521589],[-74.7921556433458,39.0115260681706]]}},{"type":"Feature","id":"470:0:0","properties":{"OBJECTID":225312,"name":"New Jersey Avenue","source":"NJOGIS NG911 Road Centerlines"},"geometry":{"type":"LineString","coordinates":[[-74.7946347608533,39.0074147677131],[-74.7945201707467,39.0076176716896],[-74.7944087313502,39.0078423972805],[-74.7942927724254,39.0080635919692],[-74.7942472727659,39.0081498714602]]}},{"type":"Feature","id":"472:0:0","properties":{"OBJECTID":225938,"name":"Central Avenue","source":"NJOGIS NG911 Road Centerlines"},"geometry":{"type":"LineString","coordinates":[[-74.8015135074792,38.999233580899],[-74.8008657325733,38.9997688243357]]}},{"type":"Feature","id":"473:0:0","properties":{"OBJECTID":226369,"name":"New York Avenue","source":"NJOGIS NG911 Road Centerlines"},"geometry":{"type":"LineString","coordinates":[[-74.8063709607121,38.9997492534778],[-74.8064565858977,38.9996783505095],[-74.8070224008633,38.9992089178474]]}},{"type":"Feature","id":"475:0:0","properties":{"OBJECTID":227498,"name":"West 18th Avenue","source":"NJOGIS NG911 Road Centerlines"},"geometry":{"type":"LineString","coordinates":[[-74.8063709607121,38.9997492534778],[-74.8050204137699,38.9987587446617],[-74.80490466412,38.9986732670234]]}},{"type":"Feature","id":"476:0:0","properties":{"OBJECTID":227616,"name":"Atlantic Avenue","source":"NJOGIS NG911 Road Centerlines"},"geometry":{"type":"LineString","coordinates":[[-74.7940982769692,39.0029513408313],[-74.7940503723244,39.0029911391676],[-74.7934451957764,39.0034926514602]]}},{"type":"Feature","id":"477:0:0","properties":{"OBJECTID":228150,"name":"Anglesea Drive","source":"NJOGIS NG911 Road Centerlines"},"geometry":{"type":"LineString","coordinates":[[-74.7971060431591,39.0176714520446],[-74.7973233201037,39.0176800142915],[-74.7980408880022,39.0177111061018]]}},{"type":"Feature","id":"478:0:0","properties":{"OBJECTID":229702,"name":"Beach Creek","source":"NJOGIS NG911 Road Centerlines"},"geometry":{"type":"LineString","coordinates":[[-74.8003373155335,39.00649420149],[-74.8003485599734,39.0064933320391],[-74.800364092632,39.0064881021858],[-74.8003781353389,39.0064800204341],[-74.8004095862002,39.0064523442532],[-74.800975177314,39.0059744566907]]}},{"type":"Feature","id":"479:0:0","properties":{"OBJECTID":230296,"name":"West 10th Avenue","source":"NJOGIS NG911 Road Centerlines"},"geometry":{"type":"LineString","coordinates":[[-74.801159405419,39.0040651057439],[-74.800576198526,39.0036361731682],[-74.7996994459476,39.0029921688211]]}},{"type":"Feature","id":"480:0:0","properties":{"OBJECTID":230379,"name":"Delaware Avenue","source":"NJOGIS NG911 Road Centerlines"},"geometry":{"type":"LineString","coordinates":[[-74.8039168215483,39.0040611680106],[-74.8032696316362,39.0045990858116]]}},{"type":"Feature","id":"481:0:0","properties":{"OBJECTID":232182,"name":"East 2nd Avenue","source":"NJOGIS NG911 Road Centerlines"},"geometry":{"type":"LineString","coordinates":[[-74.792935266933,39.0061686498643],[-74.792991780115,39.0062101620187],[-74.7930503420566,39.006253179745]]}},{"type":"Feature","id":"482:0:0","properties":{"OBJECTID":232839,"name":"New York Avenue","source":"NJOGIS NG911 Road Centerlines"},"geometry":{"type":"LineString","coordinates":[[-74.8037655502411,39.0019086908636],[-74.8038524092055,39.0018370181776],[-74.8044163978251,39.00136875614]]}},{"type":"Feature","id":"483:0:0","properties":{"OBJECTID":233181,"name":"Maryland Avenue","source":"NJOGIS NG911 Road Centerlines"},"geometry":{"type":"LineString","coordinates":[[-74.8086325058789,39.0024352543732],[-74.808949973076,39.0021719947249]]}},{"type":"Feature","id":"484:0:0","properties":{"OBJECTID":233438,"name":"Ocean Avenue","source":"NJOGIS NG911 Road Centerlines"},"geometry":{"type":"LineString","coordinates":[[-74.7961646192108,38.996322498342],[-74.7963884429573,38.9961364205595],[-74.7968136448711,38.995782774085]]}},{"type":"Feature","id":"485:0:0","properties":{"OBJECTID":234234,"name":"New York Avenue","source":"NJOGIS NG911 Road Centerlines"},"geometry":{"type":"LineString","coordinates":[[-74.7979033908789,39.0067679787516],[-74.7985597963278,39.0062230099006]]}},{"type":"Feature","id":"486:0:0","properties":{"OBJECTID":234834,"name":"East 23rd Avenue","source":"NJOGIS NG911 Road Centerlines"},"geometry":{"type":"LineString","coordinates":[[-74.8066063356639,38.9948317479035],[-74.8066638728093,38.9948740471902],[-74.8067169966251,38.9949131185441]]}},{"type":"Feature","id":"487:0:0","properties":{"OBJECTID":235058,"name":"Ash Avenue","source":"NJOGIS NG911 Road Centerlines"},"geometry":{"type":"LineString","coordinates":[[-74.797983599468,39.0220068903292],[-74.7980326002498,39.0220498911019],[-74.7982631150379,39.0223696061692],[-74.7986735995801,39.0226268918007],[-74.7989592385613,39.0228437519179],[-74.7996786019062,39.0233898916991]]}},{"type":"Feature","id":"488:0:0","properties":{"OBJECTID":235115,"name":"East 20th Avenue","source":"NJOGIS NG911 Road Centerlines"},"geometry":{"type":"LineString","coordinates":[[-74.8032148115152,38.9953918654529],[-74.8027572166707,38.9950553433619],[-74.8015671029664,38.9941857154341]]}},{"type":"Feature","id":"489:0:0","properties":{"OBJECTID":236155,"name":"Central Avenue","source":"NJOGIS NG911 Road Centerlines"},"geometry":{"type":"LineString","coordinates":[[-74.80861095943827,38.993255270135066],[-74.8084266898729,38.9934976898022]]}},{"type":"Feature","id":"490:0:0","properties":{"OBJECTID":236246,"name":"Surf Avenue","source":"NJOGIS NG911 Road Centerlines"},"geometry":{"type":"LineString","coordinates":[[-74.7996132037825,38.9958022267106],[-74.8002662847854,38.9952635169292]]}},{"type":"Feature","id":"491:0:0","properties":{"OBJECTID":236916,"name":"New Jersey Avenue","source":"NJOGIS NG911 Road Centerlines"},"geometry":{"type":"LineString","coordinates":[[-74.8088201152859,38.9954354302555],[-74.8081639778648,38.9959769426173]]}},{"type":"Feature","id":"492:0:0","properties":{"OBJECTID":237098,"name":"Hoffman Canal Avenue","source":"NJOGIS NG911 Road Centerlines"},"geometry":{"type":"LineString","coordinates":[[-74.8041771772122,39.0042531100798],[-74.8045074733683,39.0039802187215],[-74.8048337109201,39.0037134872099]]}},{"type":"Feature","id":"494:0:0","properties":{"OBJECTID":239356,"name":"Maryland Avenue","source":"NJOGIS NG911 Road Centerlines"},"geometry":{"type":"LineString","coordinates":[[-74.7945808188444,39.0140087975525],[-74.7946671098015,39.0139895228196],[-74.7946987763544,39.0139788171778],[-74.7947321029589,39.0139607752269],[-74.7948456358307,39.0138652628472],[-74.7949634855297,39.0137668837125]]}},{"type":"Feature","id":"495:0:0","properties":{"OBJECTID":240505,"name":"West Pine Avenue","source":"NJOGIS NG911 Road Centerlines"},"geometry":{"type":"LineString","coordinates":[[-74.7980408880022,39.0177111061018],[-74.7980852857984,39.0170856298667],[-74.7981412425174,39.016270800078],[-74.7981409565693,39.0162027038651],[-74.7981302966195,39.0161536630389],[-74.7981090907904,39.0160992403937],[-74.7980564668929,39.0160394333984],[-74.7979583353,39.0159633775844],[-74.797890725066,39.0159139876016]]}},{"type":"Feature","id":"496:0:0","properties":{"OBJECTID":241193,"name":"Maryland Avenue","source":"NJOGIS NG911 Road Centerlines"},"geometry":{"type":"LineString","coordinates":[[-74.8079879029576,39.0029739609201],[-74.8081465167369,39.0028383100567],[-74.8086325058789,39.0024352543732]]}},{"type":"Feature","id":"497:0:0","properties":{"OBJECTID":241464,"name":"West 1st Avenue","source":"NJOGIS NG911 Road Centerlines"},"geometry":{"type":"LineString","coordinates":[[-74.7953009257737,39.0089215882099],[-74.7942472727659,39.0081498714602]]}},{"type":"Feature","id":"498:0:0","properties":{"OBJECTID":241839,"name":"West 26th Avenue","source":"NJOGIS NG911 Road Centerlines"},"geometry":{"type":"LineString","coordinates":[[-74.81511203430658,38.99803588499802],[-74.8143624758891,38.9974909355561]]}},{"type":"Feature","id":"499:0:0","properties":{"OBJECTID":241914,"name":"East 1st Avenue","source":"NJOGIS NG911 Road Centerlines"},"geometry":{"type":"LineString","coordinates":[[-74.7893795066493,39.0045718851331],[-74.7908416813493,39.0056431726521]]}},{"type":"Feature","id":"501:0:0","properties":{"OBJECTID":242597,"name":"West 24th Avenue","source":"NJOGIS NG911 Road Centerlines"},"geometry":{"type":"LineString","coordinates":[[-74.811741749149,38.9975774593148],[-74.8105997195996,38.9967467318383],[-74.8102752679765,38.9965076636671]]}},{"type":"Feature","id":"502:0:0","properties":{"OBJECTID":242847,"name":"Beach Drive","source":"NJOGIS NG911 Road Centerlines"},"geometry":{"type":"LineString","coordinates":[[-74.789551481706,38.9996096908363],[-74.7892744141661,38.9997416563898],[-74.7891246131069,38.9998105644668],[-74.7890407210984,38.9998793081912],[-74.7888874691453,39.0000082201949],[-74.7888027343819,39.0000776522907]]}},{"type":"Feature","id":"503:0:0","properties":{"OBJECTID":243053,"name":"Maryland Avenue","source":"NJOGIS NG911 Road Centerlines"},"geometry":{"type":"LineString","coordinates":[[-74.8096336240241,39.0016177762405],[-74.8099383119927,39.0013549045313]]}},{"type":"Feature","id":"504:0:0","properties":{"OBJECTID":244297,"name":"Surf Avenue","source":"NJOGIS NG911 Road Centerlines"},"geometry":{"type":"LineString","coordinates":[[-74.8041745137536,38.9920259626249],[-74.8048281946777,38.9914874173761]]}},{"type":"Feature","id":"505:0:0","properties":{"OBJECTID":245755,"name":"East 23rd Avenue","source":"NJOGIS NG911 Road Centerlines"},"geometry":{"type":"LineString","coordinates":[[-74.8035222659911,38.9925645274734],[-74.8044689895082,38.993260327784],[-74.8051662136166,38.9937728563653]]}},{"type":"Feature","id":"506:0:0","properties":{"OBJECTID":246710,"name":"East 3rd Avenue","source":"NJOGIS NG911 Road Centerlines"},"geometry":{"type":"LineString","coordinates":[[-74.7937053202662,39.005712580252],[-74.7940264711227,39.0059479674882],[-74.7951453875075,39.0067746866719]]}},{"type":"Feature","id":"507:0:0","properties":{"OBJECTID":247516,"name":"Maryland Avenue","source":"NJOGIS NG911 Road Centerlines"},"geometry":{"type":"LineString","coordinates":[[-74.7962646855199,39.0126890612434],[-74.7967923107272,39.0122538240285],[-74.7969163295882,39.0121508418235]]}},{"type":"Feature","id":"508:0:0","properties":{"OBJECTID":249486,"name":"New York Avenue","source":"NJOGIS NG911 Road Centerlines"},"geometry":{"type":"LineString","coordinates":[[-74.8096257497434,38.9970498521027],[-74.8097218556917,38.9969710660764],[-74.8102752679765,38.9965076636671]]}},{"type":"Feature","id":"509:0:0","properties":{"OBJECTID":250337,"name":"Beach Creek Bridge","source":"NJOGIS NG911 Road Centerlines"},"geometry":{"type":"LineString","coordinates":[[-74.7993619392059,39.0206220525421],[-74.7993823125803,39.0206658324917],[-74.7994861419964,39.0208639524158],[-74.7995607304528,39.020989299311],[-74.7996870986009,39.0211898601497],[-74.7997518702407,39.0212826120052],[-74.7998813609071,39.0214555406388],[-74.799997888059,39.0216009073294],[-74.8001110991232,39.0217362045142],[-74.800211367482,39.0218489377326],[-74.8003245514901,39.0219691877161],[-74.8004409527934,39.0220844052073],[-74.80046869217331,39.02211127456445]]}},{"type":"Feature","id":"510:0:0","properties":{"OBJECTID":250395,"name":"Central Avenue","source":"NJOGIS NG911 Road Centerlines"},"geometry":{"type":"LineString","coordinates":[[-74.7995574968696,39.0008497657762],[-74.7989030999428,39.0013904239899]]}},{"type":"Feature","id":"512:0:0","properties":{"OBJECTID":250674,"name":"East Walnut Avenue","source":"NJOGIS NG911 Road Centerlines"},"geometry":{"type":"LineString","coordinates":[[-74.790989145934,39.007801771324],[-74.7910874164032,39.0078731924457]]}},{"type":"Feature","id":"513:0:0","properties":{"OBJECTID":250948,"name":"West 20th Avenue","source":"NJOGIS NG911 Road Centerlines"},"geometry":{"type":"LineString","coordinates":[[-74.8103602457392,39.0006560936578],[-74.8091321250265,38.9997398011187]]}},{"type":"Feature","id":"514:0:0","properties":{"OBJECTID":251079,"name":"New Jersey Avenue","source":"NJOGIS NG911 Road Centerlines"},"geometry":{"type":"LineString","coordinates":[[-74.7964391616141,39.0056941331973],[-74.7960103181496,39.006049929278],[-74.79579158228,39.0062316816374]]}},{"type":"Feature","id":"515:0:0","properties":{"OBJECTID":251173,"name":"Old New Jersey Avenue","source":"NJOGIS NG911 Road Centerlines"},"geometry":{"type":"LineString","coordinates":[[-74.7925318758565,39.0089324090827],[-74.7921975451898,39.0092079944032],[-74.7918779359292,39.0094695110071]]}},{"type":"Feature","id":"516:0:0","properties":{"OBJECTID":251212,"name":"Surf Avenue","source":"NJOGIS NG911 Road Centerlines"},"geometry":{"type":"LineString","coordinates":[[-74.7937584811603,39.0006631315905],[-74.7940290399876,39.0004389657907],[-74.7944041666514,39.0001269716635]]}},{"type":"Feature","id":"517:0:0","properties":{"OBJECTID":251415,"name":"East Marina Court","source":"NJOGIS NG911 Road Centerlines"},"geometry":{"type":"LineString","coordinates":[[-74.7958014278033,39.0214442754289],[-74.7958835984624,39.0216218904395],[-74.7962611423739,39.0222423524108],[-74.7963133815195,39.0223282031737],[-74.7962089257224,39.0223990399876]]}},{"type":"Feature","id":"519:0:0","properties":{"OBJECTID":253007,"name":"East 20th Avenue","source":"NJOGIS NG911 Road Centerlines"},"geometry":{"type":"LineString","coordinates":[[-74.8047675406255,38.996533493152],[-74.8047139916904,38.9964941202426],[-74.8046539494741,38.9964499869841]]}},{"type":"Feature","id":"520:0:0","properties":{"OBJECTID":253052,"name":"FR ILLINOIS AVE SB TO NJ 147 WB","source":"NJOGIS NG911 Road Centerlines"},"geometry":{"type":"LineString","coordinates":[[-74.7986372748906,39.019860469023],[-74.7987318696426,39.0198220880227],[-74.7987693410578,39.01981026737],[-74.7987963445211,39.0198032237517],[-74.7988217830024,39.0198007965385],[-74.7988562472176,39.0198018613532],[-74.798896830317,39.019809940791],[-74.79893891643,39.0198239187972],[-74.7989840140188,39.0198507119097],[-74.7990216231458,39.0198880417389],[-74.7990759278365,39.0199616280024],[-74.7991192000977,39.0200397450256]]}},{"type":"Feature","id":"521:0:0","properties":{"OBJECTID":253059,"name":"New Jersey Avenue","source":"NJOGIS NG911 Road Centerlines"},"geometry":{"type":"LineString","coordinates":[[-74.7948513552892,39.0070885643475],[-74.7948192392866,39.0071259889382],[-74.7947432883154,39.0072348887494],[-74.7946807722999,39.0073332370135],[-74.7946347608533,39.0074147677131]]}},{"type":"Feature","id":"522:0:0","properties":{"OBJECTID":253495,"name":"West 21st Avenue","source":"NJOGIS NG911 Road Centerlines"},"geometry":{"type":"LineString","coordinates":[[-74.8083210339508,38.9981295107009],[-74.8089242877956,38.99857186123],[-74.8097829120583,38.9991996166923]]}},{"type":"Feature","id":"523:0:0","properties":{"OBJECTID":253897,"name":"West 19th Avenue","source":"NJOGIS NG911 Road Centerlines"},"geometry":{"type":"LineString","coordinates":[[-74.8084806652207,39.0002809998311],[-74.8098901951521,39.0013196933051],[-74.8099383119927,39.0013549045313]]}},{"type":"Feature","id":"524:0:0","properties":{"OBJECTID":253992,"name":"West 23rd Avenue","source":"NJOGIS NG911 Road Centerlines"},"geometry":{"type":"LineString","coordinates":[[-74.8081639778648,38.9959769426173],[-74.8094374593745,38.9969119889314],[-74.8096257497434,38.9970498521027]]}},{"type":"Feature","id":"525:0:0","properties":{"OBJECTID":254014,"name":"East 20th Avenue","source":"NJOGIS NG911 Road Centerlines"},"geometry":{"type":"LineString","coordinates":[[-74.8015671029664,38.9941857154341],[-74.8012732670121,38.993971008595],[-74.7997285402338,38.9928394722264],[-74.7991973875555,38.992440272524]]}},{"type":"Feature","id":"526:0:0","properties":{"OBJECTID":255054,"name":"Anglesea Drive","source":"NJOGIS NG911 Road Centerlines"},"geometry":{"type":"LineString","coordinates":[[-74.7946012678055,39.014568757042],[-74.7946181377146,39.0150294371494],[-74.7946443268531,39.0156323548897]]}},{"type":"Feature","id":"527:0:0","properties":{"OBJECTID":256308,"name":"New Jersey Avenue","source":"NJOGIS NG911 Road Centerlines"},"geometry":{"type":"LineString","coordinates":[[-74.8081639778648,38.9959769426173],[-74.8077567012872,38.9963130919249],[-74.8075112372993,38.9965168756991]]}},{"type":"Feature","id":"529:0:0","properties":{"OBJECTID":257058,"name":"Ocean Avenue","source":"NJOGIS NG911 Road Centerlines"},"geometry":{"type":"LineString","coordinates":[[-74.7929072082691,38.9990230145966],[-74.7931400633251,38.9988296991163],[-74.7935605003263,38.9984818430145]]}},{"type":"Feature","id":"531:0:0","properties":{"OBJECTID":258431,"name":"West 26th Avenue","source":"NJOGIS NG911 Road Centerlines"},"geometry":{"type":"LineString","coordinates":[[-74.8143624758891,38.9974909355561],[-74.814156809225,38.9973414291343],[-74.8132655778103,38.9966796081778],[-74.81317510785308,38.99662129173099]]}},{"type":"Feature","id":"533:0:0","properties":{"OBJECTID":259273,"name":"East 1st Avenue","source":"NJOGIS NG911 Road Centerlines"},"geometry":{"type":"LineString","coordinates":[[-74.7938417070782,39.0078519822758],[-74.7924011061319,39.0067890099864]]}},{"type":"Feature","id":"535:0:0","properties":{"OBJECTID":259610,"name":"Atlantic Avenue","source":"NJOGIS NG911 Road Centerlines"},"geometry":{"type":"LineString","coordinates":[[-74.8058141008021,38.9932347884436],[-74.8055723167823,38.9934341380552],[-74.8051662136166,38.9937728563653]]}},{"type":"Feature","id":"536:0:0","properties":{"OBJECTID":259890,"name":"Ocean Avenue","source":"NJOGIS NG911 Road Centerlines"},"geometry":{"type":"LineString","coordinates":[[-74.7948625716336,38.997404443208],[-74.7949516075979,38.9973307392386],[-74.7955143897397,38.9968629895368]]}},{"type":"Feature","id":"537:0:0","properties":{"OBJECTID":260034,"name":"East 2nd Avenue","source":"NJOGIS NG911 Road Centerlines"},"geometry":{"type":"LineString","coordinates":[[-74.7898474075332,39.0039016305845],[-74.7904240560988,39.004325416287],[-74.7914042942807,39.0050426557362],[-74.7914952215185,39.0051095365302]]}},{"type":"Feature","id":"538:0:0","properties":{"OBJECTID":260445,"name":"East 12th Avenue","source":"NJOGIS NG911 Road Centerlines"},"geometry":{"type":"LineString","coordinates":[[-74.7936628213102,38.9965306954851],[-74.7948625716336,38.997404443208]]}},{"type":"Feature","id":"539:0:0","properties":{"OBJECTID":260765,"name":"East 15th Avenue","source":"NJOGIS NG911 Road Centerlines"},"geometry":{"type":"LineString","coordinates":[[-74.7955698236841,38.9948498854906],[-74.7957544829952,38.9949904252747],[-74.7959812487798,38.9951630115869],[-74.7968136448711,38.995782774085]]}},{"type":"Feature","id":"540:0:0","properties":{"OBJECTID":261725,"name":"East 13th Avenue","source":"NJOGIS NG911 Road Centerlines"},"geometry":{"type":"LineString","coordinates":[[-74.7970140855691,38.9979663309483],[-74.79827068428,38.9988879227072],[-74.7986552488737,38.9991700352035]]}},{"type":"Feature","id":"544:0:0","properties":{"OBJECTID":263745,"name":"West Oak Avenue","source":"NJOGIS NG911 Road Centerlines"},"geometry":{"type":"LineString","coordinates":[[-74.7972466393091,39.0164562566771],[-74.795835596876,39.0154291418371],[-74.7957757874927,39.0153846738617]]}},{"type":"Feature","id":"546:0:0","properties":{"OBJECTID":265098,"name":"North New York Avenue","source":"NJOGIS NG911 Road Centerlines"},"geometry":{"type":"LineString","coordinates":[[-74.7921556433458,39.0115260681706],[-74.7925917816417,39.0111633784405],[-74.7926813615527,39.0110888840308]]}},{"type":"Feature","id":"547:0:0","properties":{"OBJECTID":265803,"name":"Atlantic Avenue","source":"NJOGIS NG911 Road Centerlines"},"geometry":{"type":"LineString","coordinates":[[-74.8064684791608,38.992695271069],[-74.8058141008021,38.9932347884436]]}},{"type":"Feature","id":"548:0:0","properties":{"OBJECTID":266097,"name":"New York Avenue","source":"NJOGIS NG911 Road Centerlines"},"geometry":{"type":"LineString","coordinates":[[-74.8109223610608,38.9959683337788],[-74.8115702650504,38.9954318808633]]}},{"type":"Feature","id":"549:0:0","properties":{"OBJECTID":266505,"name":"Ocean Avenue","source":"NJOGIS NG911 Road Centerlines"},"geometry":{"type":"LineString","coordinates":[[-74.7896511255714,39.0017214312704],[-74.7903022241125,39.0011825627457]]}},{"type":"Feature","id":"551:0:0","properties":{"OBJECTID":267185,"name":"East 22nd Avenue","source":"NJOGIS NG911 Road Centerlines"},"geometry":{"type":"LineString","coordinates":[[-74.8075112372993,38.9965168756991],[-74.80726544854,38.9963367649971],[-74.8060644063322,38.9954555422323]]}},{"type":"Feature","id":"552:0:0","properties":{"OBJECTID":267771,"name":"East 14th Avenue","source":"NJOGIS NG911 Road Centerlines"},"geometry":{"type":"LineString","coordinates":[[-74.7961646192108,38.996322498342],[-74.7955889103223,38.9958970624025],[-74.7951134702363,38.9955514937369]]}},{"type":"Feature","id":"554:0:0","properties":{"OBJECTID":268676,"name":"Saint Vincent Court","source":"NJOGIS NG911 Road Centerlines"},"geometry":{"type":"LineString","coordinates":[[-74.7974730735368,39.0205917193361],[-74.7973467967869,39.0206130466186],[-74.797273627653,39.0206322889836],[-74.7972208172923,39.0206546378484],[-74.7971762033724,39.0206928632826],[-74.7970749744743,39.020820115317],[-74.7969503302567,39.0210054584512],[-74.7968889065458,39.021096791705]]}},{"type":"Feature","id":"555:0:0","properties":{"OBJECTID":269421,"name":"West 16th Avenue","source":"NJOGIS NG911 Road Centerlines"},"geometry":{"type":"LineString","coordinates":[[-74.8092020060678,39.0038700921458],[-74.8087534148254,39.0035389899024],[-74.8079879029576,39.0029739609201]]}},{"type":"Feature","id":"556:0:0","properties":{"OBJECTID":269699,"name":"Delaware Avenue","source":"NJOGIS NG911 Road Centerlines"},"geometry":{"type":"LineString","coordinates":[[-74.8123880154912,38.9970426270227],[-74.8121344198361,38.9972511105267],[-74.811741749149,38.9975774593148]]}},{"type":"Feature","id":"559:0:0","properties":{"OBJECTID":273108,"name":"West 20th Avenue","source":"NJOGIS NG911 Road Centerlines"},"geometry":{"type":"LineString","coordinates":[[-74.8076681501262,38.9986731519172],[-74.807168881704,38.9983115231843],[-74.8062088246743,38.9975974650575]]}},{"type":"Feature","id":"560:0:0","properties":{"OBJECTID":273458,"name":"North New York Avenue","source":"NJOGIS NG911 Road Centerlines"},"geometry":{"type":"LineString","coordinates":[[-74.7946446356444,39.009464067186],[-74.7949747776437,39.0091902970992],[-74.7953009257737,39.0089215882099]]}},{"type":"Feature","id":"561:0:0","properties":{"OBJECTID":274589,"name":"New York Avenue","source":"NJOGIS NG911 Road Centerlines"},"geometry":{"type":"LineString","coordinates":[[-74.8102752679765,38.9965076636671],[-74.8106582519171,38.9961869471133],[-74.8109223610608,38.9959683337788]]}},{"type":"Feature","id":"563:0:0","properties":{"OBJECTID":275789,"name":"West 13th Avenue","source":"NJOGIS NG911 Road Centerlines"},"geometry":{"type":"LineString","coordinates":[[-74.8048337109201,39.0037134872099],[-74.8050846018597,39.0038788882672]]}},{"type":"Feature","id":"564:0:0","properties":{"OBJECTID":275989,"name":"Beach Drive","source":"NJOGIS NG911 Road Centerlines"},"geometry":{"type":"LineString","coordinates":[[-74.7923699502111,38.9976039681924],[-74.7919425144861,38.9979614479801],[-74.7917179671863,38.9981470514598]]}},{"type":"Feature","id":"565:0:0","properties":{"OBJECTID":276623,"name":"Anglesea Drive","source":"NJOGIS NG911 Road Centerlines"},"geometry":{"type":"LineString","coordinates":[[-74.7945808188444,39.0140087975525],[-74.7946012678055,39.014568757042]]}},{"type":"Feature","id":"566:0:0","properties":{"OBJECTID":276814,"name":"East 18th Avenue","source":"NJOGIS NG911 Road Centerlines"},"geometry":{"type":"LineString","coordinates":[[-74.80490466412,38.9986732670234],[-74.8034686006388,38.9976131366382]]}},{"type":"Feature","id":"567:0:0","properties":{"OBJECTID":277356,"name":"New Jersey Avenue","source":"NJOGIS NG911 Road Centerlines"},"geometry":{"type":"LineString","coordinates":[[-74.8075112372993,38.9965168756991],[-74.8068595814688,38.9970579292202]]}},{"type":"Feature","id":"569:0:0","properties":{"OBJECTID":278796,"name":"Hoffman Canal Avenue","source":"NJOGIS NG911 Road Centerlines"},"geometry":{"type":"LineString","coordinates":[[-74.8054868865366,39.0031644797138],[-74.8054897684256,39.0031620965939],[-74.8058087553865,39.0028984163186],[-74.8061296193871,39.002628263847]]}},{"type":"Feature","id":"570:0:0","properties":{"OBJECTID":279116,"name":"East 10th Avenue","source":"NJOGIS NG911 Road Centerlines"},"geometry":{"type":"LineString","coordinates":[[-74.7981454941061,39.0018500934762],[-74.7974888681524,39.0013672945926],[-74.7967046126883,39.0007903872492]]}},{"type":"Feature","id":"572:0:0","properties":{"OBJECTID":279954,"name":"West Marina Court","source":"NJOGIS NG911 Road Centerlines"},"geometry":{"type":"LineString","coordinates":[[-74.7958014278033,39.0214442754289],[-74.7955174773176,39.0210079474862]]}},{"type":"Feature","id":"573:0:0","properties":{"OBJECTID":280500,"name":"East 4th Avenue","source":"NJOGIS NG911 Road Centerlines"},"geometry":{"type":"LineString","coordinates":[[-74.7942354882339,39.0050929376228],[-74.7934787974659,39.0045390591958],[-74.7927944229208,39.0040331012885]]}},{"type":"Feature","id":"575:0:0","properties":{"OBJECTID":281059,"name":"East 8th Avenue","source":"NJOGIS NG911 Road Centerlines"},"geometry":{"type":"LineString","coordinates":[[-74.7922613808964,38.9995592477755],[-74.7921797419024,38.9994990439664],[-74.7910643440563,38.9986873073282]]}},{"type":"Feature","id":"576:0:0","properties":{"OBJECTID":281607,"name":"West 17th Avenue","source":"NJOGIS NG911 Road Centerlines"},"geometry":{"type":"LineString","coordinates":[[-74.8042546906247,38.9992136420227],[-74.8048017899913,38.9996204103845],[-74.8057159988705,39.0002912423404]]}},{"type":"Feature","id":"577:0:0","properties":{"OBJECTID":281612,"name":"Seabreeze Court","source":"NJOGIS NG911 Road Centerlines"},"geometry":{"type":"LineString","coordinates":[[-74.7950065997453,39.0192088908933],[-74.7950426001992,39.0200828916904],[-74.7950426515262,39.0200838491747]]}},{"type":"Feature","id":"578:0:0","properties":{"OBJECTID":281854,"name":"East 19th Avenue","source":"NJOGIS NG911 Road Centerlines"},"geometry":{"type":"LineString","coordinates":[[-74.7984597787412,38.9929215852508],[-74.7993915840884,38.9936047123068],[-74.799801755358,38.9939054115954],[-74.8009228196207,38.9947200163672]]}},{"type":"Feature","id":"579:0:0","properties":{"OBJECTID":282376,"name":"West 1st Avenue","source":"NJOGIS NG911 Road Centerlines"},"geometry":{"type":"LineString","coordinates":[[-74.7973851253948,39.0104609068007],[-74.7967576070654,39.0099965377129]]}},{"type":"Feature","id":"584:0:0","properties":{"OBJECTID":283621,"name":"New Jersey Avenue","source":"NJOGIS NG911 Road Centerlines"},"geometry":{"type":"LineString","coordinates":[[-74.7977451881094,39.0046158140433],[-74.7973628725007,39.0049278649344],[-74.7970953597218,39.0051497774888]]}},{"type":"Feature","id":"586:0:0","properties":{"OBJECTID":283722,"name":"West Pine Avenue","source":"NJOGIS NG911 Road Centerlines"},"geometry":{"type":"LineString","coordinates":[[-74.7945054260539,39.0125146243748],[-74.7946312786463,39.0125557417124],[-74.7947168510383,39.0125841089923],[-74.794822910535,39.0126473246969],[-74.7951371920519,39.0128814638019],[-74.7956127133586,39.0132268381982]]}},{"type":"Feature","id":"587:0:0","properties":{"OBJECTID":284183,"name":"Maryland Avenue","source":"NJOGIS NG911 Road Centerlines"},"geometry":{"type":"LineString","coordinates":[[-74.8094475712009,39.0017782414109],[-74.8096336240241,39.0016177762405]]}},{"type":"Feature","id":"588:0:0","properties":{"OBJECTID":284649,"name":"New York Avenue","source":"NJOGIS NG911 Road Centerlines"},"geometry":{"type":"LineString","coordinates":[[-74.8070224008633,38.9992089178474],[-74.8076681501262,38.9986731519172]]}},{"type":"Feature","id":"589:0:0","properties":{"OBJECTID":284717,"name":"East 21st Avenue","source":"NJOGIS NG911 Road Centerlines"},"geometry":{"type":"LineString","coordinates":[[-74.802216671312,38.9936469487531],[-74.8025623303139,38.9939014154126],[-74.8038658189423,38.9948528112009]]}},{"type":"Feature","id":"590:0:0","properties":{"OBJECTID":285517,"name":"Surf Avenue","source":"NJOGIS NG911 Road Centerlines"},"geometry":{"type":"LineString","coordinates":[[-74.8009228196207,38.9947200163672],[-74.8015671029664,38.9941857154341]]}},{"type":"Feature","id":"591:0:0","properties":{"OBJECTID":286067,"name":"West 2nd Avenue","source":"NJOGIS NG911 Road Centerlines"},"geometry":{"type":"LineString","coordinates":[[-74.7946347608533,39.0074147677131],[-74.795237225064,39.0078546642947],[-74.7959542672227,39.0083832326255]]}},{"type":"Feature","id":"592:0:0","properties":{"OBJECTID":286980,"name":"Surf Avenue","source":"NJOGIS NG911 Road Centerlines"},"geometry":{"type":"LineString","coordinates":[[-74.7957085895491,38.9990440380747],[-74.796361762627,38.9985048834867]]}},{"type":"Feature","id":"593:0:0","properties":{"OBJECTID":287005,"name":"New Jersey Avenue","source":"NJOGIS NG911 Road Centerlines"},"geometry":{"type":"LineString","coordinates":[[-74.7951453875075,39.0067746866719],[-74.7950473888427,39.0068624163503],[-74.7949489650273,39.0069748873921],[-74.7948513552892,39.0070885643475]]}},{"type":"Feature","id":"594:0:0","properties":{"OBJECTID":287293,"name":"New Jersey Avenue","source":"NJOGIS NG911 Road Centerlines"},"geometry":{"type":"LineString","coordinates":[[-74.7996994459476,39.0029921688211],[-74.7991408751168,39.003454024098],[-74.7990457368262,39.0035333204684]]}},{"type":"Feature","id":"595:0:0","properties":{"OBJECTID":287605,"name":"Allen Drive","source":"NJOGIS NG911 Road Centerlines"},"geometry":{"type":"LineString","coordinates":[[-74.7964368495395,39.0209307840735],[-74.796489534012,39.0209708132161]]}},{"type":"Feature","id":"598:0:0","properties":{"OBJECTID":288506,"name":"New York Avenue","source":"NJOGIS NG911 Road Centerlines"},"geometry":{"type":"LineString","coordinates":[[-74.8076681501262,38.9986731519172],[-74.8077750556738,38.9985844538618],[-74.8083210339508,38.9981295107009]]}},{"type":"Feature","id":"602:0:0","properties":{"OBJECTID":290683,"name":"Pine Avenue","source":"NJOGIS NG911 Road Centerlines"},"geometry":{"type":"LineString","coordinates":[[-74.7935618220345,39.0131940149899],[-74.7935673136868,39.0132001243234],[-74.7935981244392,39.0132120453563],[-74.7936487073553,39.0132136486011],[-74.7938499383763,39.0132010325437],[-74.7941388037277,39.0131875916465],[-74.7945416584997,39.0131549703433]]}},{"type":"Feature","id":"603:0:0","properties":{"OBJECTID":291051,"name":"Ash Avenue","source":"NJOGIS NG911 Road Centerlines"},"geometry":{"type":"LineString","coordinates":[[-74.7975432346636,39.0206888476778],[-74.7976807678007,39.021351088153],[-74.7978520796148,39.0217967448658],[-74.797983599468,39.0220068903292]]}},{"type":"Feature","id":"605:0:0","properties":{"OBJECTID":293243,"name":"Hoffman Avenue","source":"NJOGIS NG911 Road Centerlines"},"geometry":{"type":"LineString","coordinates":[[-74.7928228553162,39.0118600256875],[-74.7927766561298,39.0114956324491],[-74.7927514938058,39.0113083749967],[-74.7926813615527,39.0110888840308]]}},{"type":"Feature","id":"606:0:0","properties":{"OBJECTID":293272,"name":"East 21st Avenue","source":"NJOGIS NG911 Road Centerlines"},"geometry":{"type":"LineString","coordinates":[[-74.7999755737972,38.9919966888926],[-74.8010297362823,38.9927730511778],[-74.802216671312,38.9936469487531]]}},{"type":"Feature","id":"607:0:0","properties":{"OBJECTID":294369,"name":"West 26th Avenue","source":"NJOGIS NG911 Road Centerlines"},"geometry":{"type":"LineString","coordinates":[[-74.8126813523445,38.996248153539106],[-74.8124906853056,38.9961127206737],[-74.8115702650504,38.9954318808633]]}},{"type":"Feature","id":"608:0:0","properties":{"OBJECTID":294487,"name":"West 13th Avenue","source":"NJOGIS NG911 Road Centerlines"},"geometry":{"type":"LineString","coordinates":[[-74.8016526959171,39.0013759342663],[-74.8020595965143,39.0016741228942],[-74.8031127556953,39.0024484071679]]}},{"type":"Feature","id":"609:0:0","properties":{"OBJECTID":294603,"name":"East 2nd Avenue","source":"NJOGIS NG911 Road Centerlines"},"geometry":{"type":"LineString","coordinates":[[-74.7930503420566,39.006253179745],[-74.7940991269192,39.0070236298479],[-74.7945089539479,39.0073228803413]]}},{"type":"Feature","id":"610:0:0","properties":{"OBJECTID":294729,"name":"Old New Jersey Avenue","source":"NJOGIS NG911 Road Centerlines"},"geometry":{"type":"LineString","coordinates":[[-74.79318832407,39.0083913693959],[-74.7925318758565,39.0089324090827]]}},{"type":"Feature","id":"615:0:0","properties":{"OBJECTID":297699,"name":"East 21st Avenue","source":"NJOGIS NG911 Road Centerlines"},"geometry":{"type":"LineString","coordinates":[[-74.8054138401248,38.9959963371832],[-74.8056235899271,38.9961518066979],[-74.8068595814688,38.9970579292202]]}},{"type":"Feature","id":"617:0:0","properties":{"OBJECTID":299047,"name":"Atlantic Avenue","source":"NJOGIS NG911 Road Centerlines"},"geometry":{"type":"LineString","coordinates":[[-74.7986552488737,38.9991700352035],[-74.7980038590647,38.9997121636406]]}},{"type":"Feature","id":"618:0:0","properties":{"OBJECTID":299246,"name":"Old New Jersey Avenue","source":"NJOGIS NG911 Road Centerlines"},"geometry":{"type":"LineString","coordinates":[[-74.7945089539479,39.0073228803413],[-74.7943509636023,39.0074309978132],[-74.7938417070782,39.0078519822758]]}},{"type":"Feature","id":"619:0:0","properties":{"OBJECTID":299376,"name":"East 5th Avenue","source":"NJOGIS NG911 Road Centerlines"},"geometry":{"type":"LineString","coordinates":[[-74.7903022241125,39.0011825627457],[-74.7915767642552,39.0021097281015],[-74.7918059535916,39.0022801109326]]}},{"type":"Feature","id":"621:0:0","properties":{"OBJECTID":300413,"name":"West Chestnut Avenue","source":"NJOGIS NG911 Road Centerlines"},"geometry":{"type":"LineString","coordinates":[[-74.7946446356444,39.009464067186],[-74.7939170055459,39.0089285701348]]}},{"type":"Feature","id":"622:0:0","properties":{"OBJECTID":303287,"name":"East 9th Avenue","source":"NJOGIS NG911 Road Centerlines"},"geometry":{"type":"LineString","coordinates":[[-74.7960489736195,39.0013336685721],[-74.7968584503771,39.0019246569405],[-74.7974927701925,39.0023916736333]]}},{"type":"Feature","id":"623:0:0","properties":{"OBJECTID":303819,"name":"Seabreeze Court","source":"NJOGIS NG911 Road Centerlines"},"geometry":{"type":"LineString","coordinates":[[-74.7960717849751,39.0200673442539],[-74.7950426515262,39.0200838491747]]}},{"type":"Feature","id":"625:0:0","properties":{"OBJECTID":303936,"name":"Beach Drive","source":"NJOGIS NG911 Road Centerlines"},"geometry":{"type":"LineString","coordinates":[[-74.7903879109647,38.9992111412841],[-74.7902898847612,38.9992650388278],[-74.789979390638,38.9994057663352],[-74.7896360164706,38.9995693917039],[-74.789551481706,38.9996096908363]]}},{"type":"Feature","id":"629:0:0","properties":{"OBJECTID":306809,"name":"Illinois Avenue","source":"NJOGIS NG911 Road Centerlines"},"geometry":{"type":"LineString","coordinates":[[-74.7978955134306,39.0204691937459],[-74.7977712300326,39.0205711334413],[-74.7976737771663,39.0206498308253],[-74.797637587619,39.0206739211686],[-74.7976159071654,39.0206830931829],[-74.7976012819065,39.0206871113934],[-74.7975803887593,39.0206907068722],[-74.7975648371377,39.0206924770935],[-74.7975455719094,39.0206896425808],[-74.7975432346636,39.0206888476778]]}},{"type":"Feature","id":"630:0:0","properties":{"OBJECTID":306955,"name":"East 8th Avenue","source":"NJOGIS NG911 Road Centerlines"},"geometry":{"type":"LineString","coordinates":[[-74.7937584811603,39.0006631315905],[-74.7922613808964,38.9995592477755]]}},{"type":"Feature","id":"632:0:0","properties":{"OBJECTID":307233,"name":"Delaware Avenue","source":"NJOGIS NG911 Road Centerlines"},"geometry":{"type":"LineString","coordinates":[[-74.81310733093316,38.99657761993167],[-74.8129012066102,38.996654500508],[-74.8127899766388,38.9967099072536],[-74.8126825336432,38.9967943007295],[-74.8124529480503,38.9969892382669],[-74.8123880154912,38.9970426270227]]}},{"type":"Feature","id":"634:0:0","properties":{"OBJECTID":307625,"name":"East Chestnut Avenue","source":"NJOGIS NG911 Road Centerlines"},"geometry":{"type":"LineString","coordinates":[[-74.7917465281494,39.0073292713678],[-74.7916345620862,39.0072478079881]]}},{"type":"Feature","id":"636:0:0","properties":{"OBJECTID":309001,"name":"Surf Avenue","source":"NJOGIS NG911 Road Centerlines"},"geometry":{"type":"LineString","coordinates":[[-74.7983111750538,38.9968823974882],[-74.7987994776196,38.9964734739584],[-74.7989590258765,38.9963418689054]]}},{"type":"Feature","id":"637:0:0","properties":{"OBJECTID":309264,"name":"East 16th Avenue","source":"NJOGIS NG911 Road Centerlines"},"geometry":{"type":"LineString","coordinates":[[-74.8020496256883,38.998608971745],[-74.8013027540214,38.9980618735883],[-74.8006089062493,38.9975523882641]]}},{"type":"Feature","id":"639:0:0","properties":{"OBJECTID":309845,"name":"New York Avenue","source":"NJOGIS NG911 Road Centerlines"},"geometry":{"type":"LineString","coordinates":[[-74.8018057382231,39.0035298926774],[-74.8022133952012,39.0031922257049],[-74.8024616755183,39.002987978408]]}},{"type":"Feature","id":"640:0:0","properties":{"OBJECTID":310634,"name":"East 5th Avenue","source":"NJOGIS NG911 Road Centerlines"},"geometry":{"type":"LineString","coordinates":[[-74.7918059535916,39.0022801109326],[-74.7927103671442,39.002952387072],[-74.7934451957764,39.0034926514602]]}},{"type":"Feature","id":"641:0:0","properties":{"OBJECTID":310986,"name":"East 14th Avenue","source":"NJOGIS NG911 Road Centerlines"},"geometry":{"type":"LineString","coordinates":[[-74.7993060702228,38.9986287828927],[-74.7989725864218,38.9983853138877],[-74.7976638151503,38.9974245139111]]}},{"type":"Feature","id":"642:0:0","properties":{"OBJECTID":311623,"name":"East 16th Avenue","source":"NJOGIS NG911 Road Centerlines"},"geometry":{"type":"LineString","coordinates":[[-74.8021661102039,38.9986943404131],[-74.8021093502898,38.9986527504077],[-74.8020496256883,38.998608971745]]}},{"type":"Feature","id":"644:0:0","properties":{"OBJECTID":311919,"name":"Atlantic Avenue","source":"NJOGIS NG911 Road Centerlines"},"geometry":{"type":"LineString","coordinates":[[-74.7954027944399,39.0018690144495],[-74.7952088611896,39.0020296976154],[-74.7947518024523,39.0024090362402]]}},{"type":"Feature","id":"645:0:0","properties":{"OBJECTID":312391,"name":"West 23rd Avenue","source":"NJOGIS NG911 Road Centerlines"},"geometry":{"type":"LineString","coordinates":[[-74.8096257497434,38.9970498521027],[-74.8107195401933,38.9978506503472],[-74.8110841204924,38.9981231917039]]}},{"type":"Feature","id":"646:0:0","properties":{"OBJECTID":312649,"name":"Ocean Avenue","source":"NJOGIS NG911 Road Centerlines"},"geometry":{"type":"LineString","coordinates":[[-74.7968136448711,38.995782774085],[-74.7974667990557,38.9952394123818]]}},{"type":"Feature","id":"647:0:0","properties":{"OBJECTID":312685,"name":"Central Avenue","source":"NJOGIS NG911 Road Centerlines"},"geometry":{"type":"LineString","coordinates":[[-74.7956553024051,39.0040890956529],[-74.7949980243319,39.0046364396586]]}},{"type":"Feature","id":"650:0:0","properties":{"OBJECTID":313396,"name":"Surf Avenue","source":"NJOGIS NG911 Road Centerlines"},"geometry":{"type":"LineString","coordinates":[[-74.7944041666514,39.0001269716635],[-74.7950600082726,38.9995815026528]]}},{"type":"Feature","id":"652:0:0","properties":{"OBJECTID":314309,"name":"Delaware Avenue","source":"NJOGIS NG911 Road Centerlines"},"geometry":{"type":"LineString","coordinates":[[-74.8091321250265,38.9997398011187],[-74.8087161794735,39.0000851752608],[-74.8084806652207,39.0002809998311]]}},{"type":"Feature","id":"653:0:0","properties":{"OBJECTID":314991,"name":"Ocean Avenue","source":"NJOGIS NG911 Road Centerlines"},"geometry":{"type":"LineString","coordinates":[[-74.798115759635,38.994705667214],[-74.7987723261927,38.9941670117389]]}},{"type":"Feature","id":"654:0:0","properties":{"OBJECTID":315885,"name":"East 8th Avenue","source":"NJOGIS NG911 Road Centerlines"},"geometry":{"type":"LineString","coordinates":[[-74.7954027944399,39.0018690144495],[-74.7953087245446,39.0017997825553],[-74.7940010787701,39.0008419877442],[-74.7937584811603,39.0006631315905]]}},{"type":"Feature","id":"656:0:0","properties":{"OBJECTID":316502,"name":"North Wildwood Boulevard","source":"NJOGIS NG911 Road Centerlines"},"geometry":{"type":"LineString","coordinates":[[-74.7989684021439,39.0194701259901],[-74.7990078322315,39.0196472952512],[-74.7990537002059,39.0198405391495],[-74.7990834565718,39.0199310389215]]}},{"type":"Feature","id":"657:0:0","properties":{"OBJECTID":316788,"name":"West 12th Avenue","source":"NJOGIS NG911 Road Centerlines"},"geometry":{"type":"LineString","coordinates":[[-74.8024616755183,39.002987978408],[-74.8030488134012,39.0034213947985],[-74.8039168215483,39.0040611680106]]}},{"type":"Feature","id":"658:0:0","properties":{"OBJECTID":316866,"name":"East 9th Avenue","source":"NJOGIS NG911 Road Centerlines"},"geometry":{"type":"LineString","coordinates":[[-74.7929072082691,38.9990230145966],[-74.7931689981758,38.9992158282764],[-74.7944041666514,39.0001269716635]]}},{"type":"Feature","id":"660:0:0","properties":{"OBJECTID":316995,"name":"East 8th Avenue","source":"NJOGIS NG911 Road Centerlines"},"geometry":{"type":"LineString","coordinates":[[-74.7969527864949,39.0030086104401],[-74.7969004024393,39.0029701922444],[-74.796844595319,39.0029293107672]]}},{"type":"Feature","id":"661:0:0","properties":{"OBJECTID":318131,"name":"Surf Avenue","source":"NJOGIS NG911 Road Centerlines"},"geometry":{"type":"LineString","coordinates":[[-74.8002662847854,38.9952635169292],[-74.800482387367,38.9950853048779],[-74.8009228196207,38.9947200163672]]}},{"type":"Feature","id":"662:0:0","properties":{"OBJECTID":318274,"name":"East 26th Avenue","source":"NJOGIS NG911 Road Centerlines"},"geometry":{"type":"LineString","coordinates":[[-74.8058288115744,38.9912081949628],[-74.807017878946,38.9920823382848],[-74.8071219066748,38.9921589316402]]}},{"type":"Feature","id":"663:0:0","properties":{"OBJECTID":318293,"name":"East 22nd Avenue","source":"NJOGIS NG911 Road Centerlines"},"geometry":{"type":"LineString","coordinates":[[-74.8059526875389,38.9953735701756],[-74.805821942887,38.995277616029],[-74.8045154814568,38.9943138946228]]}},{"type":"Feature","id":"664:0:0","properties":{"OBJECTID":318616,"name":"West 15th Avenue","source":"NJOGIS NG911 Road Centerlines"},"geometry":{"type":"LineString","coordinates":[[-74.8044163978251,39.00136875614],[-74.804915185855,39.0017312769488],[-74.8058750875728,39.0024402646978]]}},{"type":"Feature","id":"666:0:0","properties":{"OBJECTID":319674,"name":"East 6th Avenue","source":"NJOGIS NG911 Road Centerlines"},"geometry":{"type":"LineString","coordinates":[[-74.7955446746776,39.0040075226829],[-74.7952068259679,39.0037585625548],[-74.7942515422024,39.0030641378649],[-74.7940982769692,39.0029513408313]]}},{"type":"Feature","id":"667:0:0","properties":{"OBJECTID":319781,"name":"New York Avenue","source":"NJOGIS NG911 Road Centerlines"},"geometry":{"type":"LineString","coordinates":[[-74.8005064660862,39.0046047806683],[-74.8005948719904,39.0045312389597],[-74.801159405419,39.0040651057439]]}},{"type":"Feature","id":"669:0:0","properties":{"OBJECTID":320268,"name":"West 14th Avenue","source":"NJOGIS NG911 Road Centerlines"},"geometry":{"type":"LineString","coordinates":[[-74.8052279881184,39.0029759690042],[-74.8039317519697,39.0020319302441],[-74.8037655502411,39.0019086908636]]}},{"type":"Feature","id":"671:0:0","properties":{"OBJECTID":320828,"name":"East 18th Avenue","source":"NJOGIS NG911 Road Centerlines"},"geometry":{"type":"LineString","coordinates":[[-74.803353278774,38.997528013969],[-74.8031470613479,38.9973757986618],[-74.8019127969985,38.9964688638968]]}},{"type":"Feature","id":"673:0:0","properties":{"OBJECTID":321732,"name":"East 15th Avenue","source":"NJOGIS NG911 Road Centerlines"},"geometry":{"type":"LineString","coordinates":[[-74.8013988560771,38.9991492779783],[-74.8014562872079,38.9991915251225],[-74.8015135074792,38.999233580899]]}},{"type":"Feature","id":"674:0:0","properties":{"OBJECTID":321951,"name":"Pine Avenue","source":"NJOGIS NG911 Road Centerlines"},"geometry":{"type":"LineString","coordinates":[[-74.7926813615527,39.0110888840308],[-74.7930854338542,39.0113710472745],[-74.793364371326,39.0115718076065]]}},{"type":"Feature","id":"675:0:0","properties":{"OBJECTID":322345,"name":"Atlantic Avenue","source":"NJOGIS NG911 Road Centerlines"},"geometry":{"type":"LineString","coordinates":[[-74.7921465836384,39.0045705753661],[-74.7914952215185,39.0051095365302]]}},{"type":"Feature","id":"677:0:0","properties":{"OBJECTID":323253,"name":"Delaware Avenue","source":"NJOGIS NG911 Road Centerlines"},"geometry":{"type":"LineString","coordinates":[[-74.7967576070654,39.0099965377129],[-74.7962034958934,39.0104568284571],[-74.7961043803725,39.010539016106]]}},{"type":"Feature","id":"678:0:0","properties":{"OBJECTID":323849,"name":"East 14th Avenue","source":"NJOGIS NG911 Road Centerlines"},"geometry":{"type":"LineString","coordinates":[[-74.8023077485965,39.0008291078678],[-74.8008657325733,38.9997688243357]]}},{"type":"Feature","id":"680:0:0","properties":{"OBJECTID":324128,"name":"East 16th Avenue","source":"NJOGIS NG911 Road Centerlines"},"geometry":{"type":"LineString","coordinates":[[-74.7989590258765,38.9963418689054],[-74.79834695883,38.9958930902726],[-74.7974667990557,38.9952394123818]]}},{"type":"Feature","id":"681:0:0","properties":{"OBJECTID":324622,"name":"Ohio Avenue","source":"NJOGIS NG911 Road Centerlines"},"geometry":{"type":"LineString","coordinates":[[-74.797890725066,39.0159139876016],[-74.7973899310939,39.0163395507647],[-74.7972466393091,39.0164562566771]]}},{"type":"Feature","id":"683:0:0","properties":{"OBJECTID":325445,"name":"Central Avenue","source":"NJOGIS NG911 Road Centerlines"},"geometry":{"type":"LineString","coordinates":[[-74.8002078847664,39.0003124095275],[-74.7995574968696,39.0008497657762]]}},{"type":"Feature","id":"684:0:0","properties":{"OBJECTID":325511,"name":"East 12th Avenue","source":"NJOGIS NG911 Road Centerlines"},"geometry":{"type":"LineString","coordinates":[[-74.7980038590647,38.9997121636406],[-74.7985948181798,39.000146664129],[-74.7994474010637,39.0007693481995]]}},{"type":"Feature","id":"685:0:0","properties":{"OBJECTID":325738,"name":"New Jersey Avenue","source":"NJOGIS NG911 Road Centerlines"},"geometry":{"type":"LineString","coordinates":[[-74.8023077485965,39.0008291078678],[-74.8019936107476,39.0010937138262],[-74.8016526959171,39.0013759342663]]}},{"type":"Feature","id":"687:0:0","properties":{"OBJECTID":326590,"name":"West 10th Avenue","source":"NJOGIS NG911 Road Centerlines"},"geometry":{"type":"LineString","coordinates":[[-74.8025859979921,39.0051014816285],[-74.8025338636616,39.0050812978829],[-74.8024443575308,39.0050119230303],[-74.8018142111548,39.0045465983523],[-74.801159405419,39.0040651057439]]}},{"type":"Feature","id":"690:0:0","properties":{"OBJECTID":327375,"name":"East 11th Avenue","source":"NJOGIS NG911 Road Centerlines"},"geometry":{"type":"LineString","coordinates":[[-74.8003511480712,39.0024532698967],[-74.8002677328114,39.0023915115649],[-74.7989030999428,39.0013904239899]]}},{"type":"Feature","id":"691:0:0","properties":{"OBJECTID":327611,"name":"Northwest 18th Avenue","source":"NJOGIS NG911 Road Centerlines"},"geometry":{"type":"LineString","coordinates":[[-74.8075042289511,39.0010925827279],[-74.8084370382428,39.001790363676],[-74.808949973076,39.0021719947249]]}},{"type":"Feature","id":"692:0:0","properties":{"OBJECTID":327753,"name":"Anglesea Drive","source":"NJOGIS NG911 Road Centerlines"},"geometry":{"type":"LineString","coordinates":[[-74.7948691715894,39.0167173192359],[-74.7948699288094,39.0167180794499],[-74.7949128504603,39.0167612005439],[-74.7951258548864,39.016919425921],[-74.7954098769037,39.0171257698213],[-74.7956317306102,39.0172874041312],[-74.7958891102009,39.017476570092],[-74.7959481716061,39.017518733686]]}},{"type":"Feature","id":"693:0:0","properties":{"OBJECTID":327807,"name":"Central Avenue","source":"NJOGIS NG911 Road Centerlines"},"geometry":{"type":"LineString","coordinates":[[-74.7949980243319,39.0046364396586],[-74.7943495738614,39.0051763976081]]}},{"type":"Feature","id":"694:0:0","properties":{"OBJECTID":327979,"name":"East 4th Avenue","source":"NJOGIS NG911 Road Centerlines"},"geometry":{"type":"LineString","coordinates":[[-74.7927944229208,39.0040331012885],[-74.7916488890654,39.003186217465],[-74.7911505768771,39.0028224307086]]}},{"type":"Feature","id":"695:0:0","properties":{"OBJECTID":328544,"name":"East 25th Avenue","source":"NJOGIS NG911 Road Centerlines"},"geometry":{"type":"LineString","coordinates":[[-74.8079144317533,38.9937522917823],[-74.8079714744453,38.9937942620209],[-74.808024246042,38.9938330589532]]}},{"type":"Feature","id":"696:0:0","properties":{"OBJECTID":328594,"name":"West 22nd Avenue","source":"NJOGIS NG911 Road Centerlines"},"geometry":{"type":"LineString","coordinates":[[-74.8089719076534,38.9975870512482],[-74.8075112372993,38.9965168756991]]}},{"type":"Feature","id":"699:0:0","properties":{"OBJECTID":330277,"name":"East 14th Avenue","source":"NJOGIS NG911 Road Centerlines"},"geometry":{"type":"LineString","coordinates":[[-74.8008657325733,38.9997688243357],[-74.8008084784233,38.9997266863543],[-74.8007527057951,38.9996856967291]]}},{"type":"Feature","id":"700:0:0","properties":{"OBJECTID":330755,"name":"Delaware Avenue","source":"NJOGIS NG911 Road Centerlines"},"geometry":{"type":"LineString","coordinates":[[-74.8078313010292,39.0008210632622],[-74.8075791617483,39.001030795935],[-74.8075042289511,39.0010925827279]]}},{"type":"Feature","id":"701:0:0","properties":{"OBJECTID":331033,"name":"New Jersey Avenue","source":"NJOGIS NG911 Road Centerlines"},"geometry":{"type":"LineString","coordinates":[[-74.80490466412,38.9986732670234],[-74.8042546906247,38.9992136420227]]}},{"type":"Feature","id":"702:0:0","properties":{"OBJECTID":331058,"name":"Central Avenue","source":"NJOGIS NG911 Road Centerlines"},"geometry":{"type":"LineString","coordinates":[[-74.8067169966251,38.9949131185441],[-74.8060644063322,38.9954555422323]]}},{"type":"Feature","id":"703:0:0","properties":{"OBJECTID":331330,"name":"West 15th Avenue","source":"NJOGIS NG911 Road Centerlines"},"geometry":{"type":"LineString","coordinates":[[-74.8029532341281,39.0002938903951],[-74.8038582779143,39.0009631129619],[-74.8044163978251,39.00136875614]]}},{"type":"Feature","id":"704:0:0","properties":{"OBJECTID":332031,"name":"West 11th Avenue","source":"NJOGIS NG911 Road Centerlines"},"geometry":{"type":"LineString","coordinates":[[-74.8018057382231,39.0035298926774],[-74.8003511480712,39.0024532698967]]}},{"type":"Feature","id":"707:0:0","properties":{"OBJECTID":333650,"name":"New Jersey Avenue","source":"NJOGIS NG911 Road Centerlines"},"geometry":{"type":"LineString","coordinates":[[-74.79579158228,39.0062316816374],[-74.7952399143826,39.0066900952904],[-74.7951453875075,39.0067746866719]]}},{"type":"Feature","id":"708:0:0","properties":{"OBJECTID":334336,"name":"East 26th Avenue","source":"NJOGIS NG911 Road Centerlines"},"geometry":{"type":"LineString","coordinates":[[-74.8054789902194,38.9909510173377],[-74.8058288115744,38.9912081949628]]}},{"type":"Feature","id":"709:0:0","properties":{"OBJECTID":335219,"name":"East 21st Avenue","source":"NJOGIS NG911 Road Centerlines"},"geometry":{"type":"LineString","coordinates":[[-74.8038658189423,38.9948528112009],[-74.8042287411077,38.9951177445772],[-74.8053016577298,38.9959131576665]]}},{"type":"Feature","id":"710:0:0","properties":{"OBJECTID":335370,"name":"West 19th Avenue","source":"NJOGIS NG911 Road Centerlines"},"geometry":{"type":"LineString","coordinates":[[-74.8099383119927,39.0013549045313],[-74.8106344220041,39.0018642008525],[-74.8111230054327,39.0022216593639],[-74.8113950183703,39.0024196558233],[-74.8122584954645,39.0030481696604]]}},{"type":"Feature","id":"711:0:0","properties":{"OBJECTID":336352,"name":"East 7th Avenue","source":"NJOGIS NG911 Road Centerlines"},"geometry":{"type":"LineString","coordinates":[[-74.7931087825228,39.0012013564616],[-74.7933599526401,39.0013852453349],[-74.7947518024523,39.0024090362402]]}},{"type":"Feature","id":"712:0:0","properties":{"OBJECTID":336588,"name":"East 22nd Avenue","source":"NJOGIS NG911 Road Centerlines"},"geometry":{"type":"LineString","coordinates":[[-74.8045154814568,38.9943138946228],[-74.8043135783216,38.9941649924098],[-74.8028701914319,38.9931051475652]]}},{"type":"Feature","id":"713:0:0","properties":{"OBJECTID":336659,"name":"East 10th Avenue","source":"NJOGIS NG911 Road Centerlines"},"geometry":{"type":"LineString","coordinates":[[-74.7935605003263,38.9984818430145],[-74.7929142868912,38.9980086571875],[-74.7923699502111,38.9976039681924]]}},{"type":"Feature","id":"714:0:0","properties":{"OBJECTID":336672,"name":"Ocean Avenue","source":"NJOGIS NG911 Road Centerlines"},"geometry":{"type":"LineString","coordinates":[[-74.7922613808964,38.9995592477755],[-74.7929072082691,38.9990230145966]]}},{"type":"Feature","id":"715:0:0","properties":{"OBJECTID":336742,"name":"East 8th Avenue","source":"NJOGIS NG911 Road Centerlines"},"geometry":{"type":"LineString","coordinates":[[-74.7983988359384,39.0040723907315],[-74.7979793205575,39.0037614267269],[-74.7969527864949,39.0030086104401]]}},{"type":"Feature","id":"718:0:0","properties":{"OBJECTID":337630,"name":"West Oak Avenue","source":"NJOGIS NG911 Road Centerlines"},"geometry":{"type":"LineString","coordinates":[[-74.7957757874927,39.0153846738617],[-74.7952477557292,39.0149924794227],[-74.7948589661006,39.0147022946223],[-74.794749753752,39.0146349961339],[-74.7946927021306,39.0146097413934],[-74.7946012678055,39.014568757042]]}},{"type":"Feature","id":"719:0:0","properties":{"OBJECTID":339153,"name":"East 26th Avenue","source":"NJOGIS NG911 Road Centerlines"},"geometry":{"type":"LineString","coordinates":[[-74.80441580102946,38.990169376196135],[-74.8054789902194,38.9909510173377]]}},{"type":"Feature","id":"720:0:0","properties":{"OBJECTID":339317,"name":"East 26th Avenue","source":"NJOGIS NG911 Road Centerlines"},"geometry":{"type":"LineString","coordinates":[[-74.8084109836406,38.99310803122259],[-74.8071219066748,38.9921589316402]]}},{"type":"Feature","id":"721:0:0","properties":{"OBJECTID":339515,"name":"Surf Avenue","source":"NJOGIS NG911 Road Centerlines"},"geometry":{"type":"LineString","coordinates":[[-74.7898474075332,39.0039016305845],[-74.7904982773081,39.003362459922]]}},{"type":"Feature","id":"722:0:0","properties":{"OBJECTID":339801,"name":"New Jersey Avenue","source":"NJOGIS NG911 Road Centerlines"},"geometry":{"type":"LineString","coordinates":[[-74.8029532341281,39.0002938903951],[-74.8023652885787,39.0007806599078],[-74.8023077485965,39.0008291078678]]}},{"type":"Feature","id":"723:0:0","properties":{"OBJECTID":339841,"name":"West Chestnut Avenue","source":"NJOGIS NG911 Road Centerlines"},"geometry":{"type":"LineString","coordinates":[[-74.7939170055459,39.0089285701348],[-74.7936360811427,39.0087218027704],[-74.79318832407,39.0083913693959]]}},{"type":"Feature","id":"724:0:0","properties":{"OBJECTID":340100,"name":"Maryland Avenue","source":"NJOGIS NG911 Road Centerlines"},"geometry":{"type":"LineString","coordinates":[[-74.7969163295882,39.0121508418235],[-74.797428993285,39.0117251681851],[-74.7974898072595,39.0116742144669],[-74.7975060099732,39.0116519326886],[-74.7975140203743,39.0116233549614]]}},{"type":"Feature","id":"725:0:0","properties":{"OBJECTID":340186,"name":"Allen Drive","source":"NJOGIS NG911 Road Centerlines"},"geometry":{"type":"LineString","coordinates":[[-74.7970587150435,39.0184095941871],[-74.797077043452,39.0181939464523],[-74.7971060431591,39.0176714520446]]}},{"type":"Feature","id":"726:0:0","properties":{"OBJECTID":340410,"name":"Central Avenue","source":"NJOGIS NG911 Road Centerlines"},"geometry":{"type":"LineString","coordinates":[[-74.7908269256378,39.0080813448019],[-74.7907943054511,39.0081682764011],[-74.7907781772882,39.0082519544137],[-74.7907702850975,39.0083356398235],[-74.7907789016231,39.0084288665538],[-74.7907998584306,39.0085188779774],[-74.7908137669431,39.0085523832939]]}},{"type":"Feature","id":"727:0:0","properties":{"OBJECTID":340940,"name":"Delaware Avenue","source":"NJOGIS NG911 Road Centerlines"},"geometry":{"type":"LineString","coordinates":[[-74.7973343546589,39.0095229502634],[-74.7972796439563,39.0095687534547],[-74.7970242609454,39.0097750390708],[-74.7967576070654,39.0099965377129]]}},{"type":"Feature","id":"729:0:0","properties":{"OBJECTID":341356,"name":"East 15th Avenue","source":"NJOGIS NG911 Road Centerlines"},"geometry":{"type":"LineString","coordinates":[[-74.7999550780549,38.9980937376239],[-74.801020350019,38.9988710308177],[-74.8013988560771,38.9991492779783]]}},{"type":"Feature","id":"730:0:0","properties":{"OBJECTID":341595,"name":"East 23rd Avenue","source":"NJOGIS NG911 Road Centerlines"},"geometry":{"type":"LineString","coordinates":[[-74.8051662136166,38.9937728563653],[-74.8060126890927,38.9943950704201],[-74.8066063356639,38.9948317479035]]}},{"type":"Feature","id":"731:0:0","properties":{"OBJECTID":342764,"name":"East 18th Avenue","source":"NJOGIS NG911 Road Centerlines"},"geometry":{"type":"LineString","coordinates":[[-74.8034686006388,38.9976131366382],[-74.8034124046754,38.9975716565983],[-74.803353278774,38.997528013969]]}},{"type":"Feature","id":"733:0:0","properties":{"OBJECTID":343691,"name":"West 18th Avenue","source":"NJOGIS NG911 Road Centerlines"},"geometry":{"type":"LineString","coordinates":[[-74.8078313010292,39.0008210632622],[-74.8064517985204,38.9998084882212],[-74.8063709607121,38.9997492534778]]}},{"type":"Feature","id":"734:0:0","properties":{"OBJECTID":345471,"name":"West 17th Avenue","source":"NJOGIS NG911 Road Centerlines"},"geometry":{"type":"LineString","coordinates":[[-74.8086325058789,39.0024352543732],[-74.8092867861171,39.0029173109957],[-74.8093768365358,39.0029834919241],[-74.8099924007931,39.0034358835989]]}},{"type":"Feature","id":"736:0:0","properties":{"OBJECTID":346304,"name":"New York Avenue","source":"NJOGIS NG911 Road Centerlines"},"geometry":{"type":"LineString","coordinates":[[-74.7966051667156,39.0078442201233],[-74.7968605547009,39.0076319220988],[-74.7972555977332,39.0073048763323]]}},{"type":"Feature","id":"738:0:0","properties":{"OBJECTID":350069,"name":"Central Avenue","source":"NJOGIS NG911 Road Centerlines"},"geometry":{"type":"LineString","coordinates":[[-74.8000968325388,39.0002302104075],[-74.7994474010637,39.0007693481995]]}},{"type":"Feature","id":"739:0:0","properties":{"OBJECTID":350357,"name":"Central Avenue","source":"NJOGIS NG911 Road Centerlines"},"geometry":{"type":"LineString","coordinates":[[-74.8040017784817,38.9969905304497],[-74.803353278774,38.997528013969]]}},{"type":"Feature","id":"741:0:0","properties":{"OBJECTID":352941,"name":"Central Avenue","source":"NJOGIS NG911 Road Centerlines"},"geometry":{"type":"LineString","coordinates":[[-74.8007527057951,38.9996856967291],[-74.8000968325388,39.0002302104075]]}},{"type":"Feature","id":"742:0:0","properties":{"OBJECTID":353226,"name":"Central Avenue","source":"NJOGIS NG911 Road Centerlines"},"geometry":{"type":"LineString","coordinates":[[-74.8027000007866,38.9980694322063],[-74.8024055994466,38.998313421469],[-74.8020496256883,38.998608971745]]}},{"type":"Feature","id":"743:0:0","properties":{"OBJECTID":353401,"name":"Central Avenue","source":"NJOGIS NG911 Road Centerlines"},"geometry":{"type":"LineString","coordinates":[[-74.7961924481489,39.0034702506041],[-74.7955446746776,39.0040075226829]]}},{"type":"Feature","id":"744:0:0","properties":{"OBJECTID":354605,"name":"Central Avenue","source":"NJOGIS NG911 Road Centerlines"},"geometry":{"type":"LineString","coordinates":[[-74.8013988560771,38.9991492779783],[-74.8007527057951,38.9996856967291]]}},{"type":"Feature","id":"745:0:0","properties":{"OBJECTID":354861,"name":"Central Avenue","source":"NJOGIS NG911 Road Centerlines"},"geometry":{"type":"LineString","coordinates":[[-74.8059526875389,38.9953735701756],[-74.8053016577298,38.9959131576665]]}},{"type":"Feature","id":"746:0:0","properties":{"OBJECTID":356240,"name":"Central Avenue","source":"NJOGIS NG911 Road Centerlines"},"geometry":{"type":"LineString","coordinates":[[-74.803353278774,38.997528013969],[-74.8027000007866,38.9980694322063]]}},{"type":"Feature","id":"747:0:0","properties":{"OBJECTID":358891,"name":"West Spruce Avenue","source":"NJOGIS NG911 Road Centerlines"},"geometry":{"type":"LineString","coordinates":[[-74.7990448473308,39.0177306683092],[-74.7990563685359,39.0175327188802],[-74.7990382564532,39.0170432117021]]}},{"type":"Feature","id":"748:0:0","properties":{"OBJECTID":364355,"name":"Central Avenue","source":"NJOGIS NG911 Road Centerlines"},"geometry":{"type":"LineString","coordinates":[[-74.7922868773992,39.0067050818312],[-74.7921337484267,39.0068317734234],[-74.7916345620862,39.0072478079881]]}},{"type":"Feature","id":"749:0:0","properties":{"OBJECTID":365005,"name":"Central Avenue","source":"NJOGIS NG911 Road Centerlines"},"geometry":{"type":"LineString","coordinates":[[-74.7981454941061,39.0018500934762],[-74.7979127474871,39.0020433086591],[-74.7974927701925,39.0023916736333]]}},{"type":"Feature","id":"750:0:0","properties":{"OBJECTID":367967,"name":"Central Avenue","source":"NJOGIS NG911 Road Centerlines"},"geometry":{"type":"LineString","coordinates":[[-74.8072595979962,38.9942921751082],[-74.8068310421065,38.9946455108343],[-74.8066063356639,38.9948317479035]]}},{"type":"Feature","id":"751:0:0","properties":{"OBJECTID":372530,"name":"Beach Creek Bridge","source":"NJOGIS NG911 Road Centerlines"},"geometry":{"type":"LineString","coordinates":[[-74.799376674333,39.0203971132808],[-74.7993434701527,39.0203194641954],[-74.7992723178651,39.0201572856843],[-74.7992009596056,39.0199376652242],[-74.7991915530466,39.0199054736993]]}},{"type":"Feature","id":"752:0:0","properties":{"OBJECTID":373387,"name":"Central Avenue","source":"NJOGIS NG911 Road Centerlines"},"geometry":{"type":"LineString","coordinates":[[-74.7916345620862,39.0072478079881],[-74.7911141868666,39.0076814934071],[-74.790989145934,39.007801771324]]}},{"type":"Feature","id":"753:0:0","properties":{"OBJECTID":375336,"name":"Central Avenue","source":"NJOGIS NG911 Road Centerlines"},"geometry":{"type":"LineString","coordinates":[[-74.8079144317533,38.9937522917823],[-74.8072595979962,38.9942921751082]]}},{"type":"Feature","id":"754:0:0","properties":{"OBJECTID":379370,"name":"Central Avenue","source":"NJOGIS NG911 Road Centerlines"},"geometry":{"type":"LineString","coordinates":[[-74.7987949097735,39.0013110170963],[-74.7981454941061,39.0018500934762]]}},{"type":"Feature","id":"756:0:0","properties":{"OBJECTID":381723,"name":"Central Avenue","source":"NJOGIS NG911 Road Centerlines"},"geometry":{"type":"LineString","coordinates":[[-74.792935266933,39.0061686498643],[-74.7922868773992,39.0067050818312]]}},{"type":"Feature","id":"757:0:0","properties":{"OBJECTID":381836,"name":"Central Avenue","source":"NJOGIS NG911 Road Centerlines"},"geometry":{"type":"LineString","coordinates":[[-74.7974927701925,39.0023916736333],[-74.796844595319,39.0029293107672]]}},{"type":"Feature","id":"758:0:0","properties":{"OBJECTID":382174,"name":"Central Avenue","source":"NJOGIS NG911 Road Centerlines"},"geometry":{"type":"LineString","coordinates":[[-74.790989145934,39.007801771324],[-74.7909686176878,39.0078209993312],[-74.790948897342,39.0078407353624],[-74.7909300055365,39.0078609587622],[-74.7909119620438,39.0078816483651],[-74.7908947857487,39.0079027825176],[-74.7908784946284,39.007924339101],[-74.7908631057339,39.0079462955545],[-74.7908486351719,39.0079686288986],[-74.7908269256378,39.0080813448019]]}},{"type":"Feature","id":"759:0:0","properties":{"OBJECTID":382736,"name":"West Spruce Avenue","source":"NJOGIS NG911 Road Centerlines"},"geometry":{"type":"LineString","coordinates":[[-74.7991915530466,39.0199054736993],[-74.7991294954693,39.0196930857582],[-74.7990903013056,39.0195133349714],[-74.7990477882693,39.0193061335605],[-74.7990245609241,39.019106379651],[-74.7990009717966,39.0188291941326],[-74.7989968216473,39.0186044032466],[-74.7989991940176,39.0184070826786],[-74.7990206683167,39.0181821990727],[-74.7990324800635,39.0179449020462],[-74.7990448473308,39.0177306683092]]}},{"type":"Feature","id":"760:0:0","properties":{"OBJECTID":382827,"name":"Central Avenue","source":"NJOGIS NG911 Road Centerlines"},"geometry":{"type":"LineString","coordinates":[[-74.7935892929881,39.005627558832],[-74.792935266933,39.0061686498643]]}},{"type":"Feature","id":"761:0:0","properties":{"OBJECTID":384005,"name":"Central Avenue","source":"NJOGIS NG911 Road Centerlines"},"geometry":{"type":"LineString","coordinates":[[-74.8066063356639,38.9948317479035],[-74.8059526875389,38.9953735701756]]}},{"type":"Feature","id":"762:0:0","properties":{"OBJECTID":385475,"name":"Central Avenue","source":"NJOGIS NG911 Road Centerlines"},"geometry":{"type":"LineString","coordinates":[[-74.7942354882339,39.0050929376228],[-74.7935892929881,39.005627558832]]}},{"type":"Feature","id":"763:0:0","properties":{"OBJECTID":394444,"name":"Central Avenue","source":"NJOGIS NG911 Road Centerlines"},"geometry":{"type":"LineString","coordinates":[[-74.8046539494741,38.9964499869841],[-74.8040017784817,38.9969905304497]]}},{"type":"Feature","id":"764:0:0","properties":{"OBJECTID":396599,"name":"Beach Creek Bridge","source":"NJOGIS NG911 Road Centerlines"},"geometry":{"type":"LineString","coordinates":[[-74.7999466549275,39.0213719819983],[-74.7998629129441,39.0212547585181],[-74.7997791609172,39.0211350909685],[-74.7996727960919,39.020970505125],[-74.7995534527499,39.0207660002778],[-74.7994469562788,39.0205614623244],[-74.799376674333,39.0203971132808]]}},{"type":"Feature","id":"765:0:0","properties":{"OBJECTID":397467,"name":"Central Avenue","source":"NJOGIS NG911 Road Centerlines"},"geometry":{"type":"LineString","coordinates":[[-74.796844595319,39.0029293107672],[-74.7961924481489,39.0034702506041]]}},{"type":"Feature","id":"766:0:0","properties":{"OBJECTID":398165,"name":"Central Avenue","source":"NJOGIS NG911 Road Centerlines"},"geometry":{"type":"LineString","coordinates":[[-74.8053016577298,38.9959131576665],[-74.8046539494741,38.9964499869841]]}},{"type":"Feature","id":"767:0:0","properties":{"OBJECTID":398532,"name":"Central Avenue","source":"NJOGIS NG911 Road Centerlines"},"geometry":{"type":"LineString","coordinates":[[-74.80861095829522,38.993255269293456],[-74.8083021662897,38.9934325855535],[-74.8079144317533,38.9937522917823]]}},{"type":"Feature","id":"768:0:0","properties":{"OBJECTID":398627,"name":"Beach Creek Bridge","source":"NJOGIS NG911 Road Centerlines"},"geometry":{"type":"LineString","coordinates":[[-74.80043384837298,39.021937389119],[-74.8003810685014,39.0218828785898],[-74.8002749135812,39.0217682391372],[-74.8001494705143,39.0216286890971],[-74.8000400284719,39.0214940957338],[-74.7999466549275,39.0213719819983]]}},{"type":"Feature","id":"769:0:0","properties":{"OBJECTID":399022,"name":"Central Avenue","source":"NJOGIS NG911 Road Centerlines"},"geometry":{"type":"LineString","coordinates":[[-74.7994474010637,39.0007693481995],[-74.7987949097735,39.0013110170963]]}},{"type":"Feature","id":"770:0:0","properties":{"OBJECTID":399900,"name":"Central Avenue","source":"NJOGIS NG911 Road Centerlines"},"geometry":{"type":"LineString","coordinates":[[-74.8020496256883,38.998608971745],[-74.8013988560771,38.9991492779783]]}},{"type":"Feature","id":"771:0:0","properties":{"OBJECTID":400521,"name":"Central Avenue","source":"NJOGIS NG911 Road Centerlines"},"geometry":{"type":"LineString","coordinates":[[-74.794886019512,39.004553853381],[-74.7944699049897,39.0048989571989],[-74.7942354882339,39.0050929376228]]}},{"type":"Feature","id":"772:0:0","properties":{"OBJECTID":401918,"name":"Central Avenue","source":"NJOGIS NG911 Road Centerlines"},"geometry":{"type":"LineString","coordinates":[[-74.7955446746776,39.0040075226829],[-74.794886019512,39.004553853381]]}},{"type":"Feature","id":"773:0:0","properties":{"OBJECTID":402120,"name":"Pine Avenue","source":"NJOGIS NG911 Road Centerlines"},"geometry":{"type":"LineString","coordinates":[[-74.7912689919772,39.0100135542506],[-74.7912690441223,39.0100262679795],[-74.7912936160567,39.010070661445],[-74.7913193055528,39.0100927747095],[-74.7913671492545,39.0101339615352],[-74.7919467094245,39.0105579517185],[-74.7921311302728,39.0106912319632],[-74.7926813615527,39.0110888840308]]}},{"type":"Feature","id":"774:0:0","properties":{"OBJECTID":402144,"name":"Olde New Jersey Avenue","source":"NJOGIS NG911 Road Centerlines"},"geometry":{"type":"LineString","coordinates":[[-74.7918779359292,39.0094695110071],[-74.7913296266826,39.0099181772838],[-74.7912890860488,39.009953205815],[-74.7912688749661,39.0099850251584],[-74.7912689919772,39.0100135542506]]}},{"type":"Feature","id":"775:0:0","properties":{"OBJECTID":402215,"name":"West Spruce Avenue","source":"NJOGIS NG911 Road Centerlines"},"geometry":{"type":"LineString","coordinates":[[-74.7933435759416,39.0105421465457],[-74.7935173323454,39.0106703516338],[-74.7935804978678,39.0107274604588],[-74.7935918363792,39.0107377116551],[-74.7936415894149,39.0108115858967],[-74.7937288146028,39.0109593120827],[-74.7938518635839,39.0111912172443]]}},{"type":"Feature","id":"776:0:0","properties":{"OBJECTID":402237,"name":"West Spruce Avenue","source":"NJOGIS NG911 Road Centerlines"},"geometry":{"type":"LineString","coordinates":[[-74.79480556733,39.0116149915445],[-74.7946577579789,39.0115068769392],[-74.7945646347031,39.0114396745278],[-74.7945450518605,39.0114244949107],[-74.7944618529642,39.0113600032751],[-74.7944367165701,39.0113390748468],[-74.7943751154372,39.011287786614],[-74.7942979758186,39.0112130755144],[-74.794252910081,39.0111582177296],[-74.7941788495519,39.0110535136136],[-74.7941240567397,39.0109612269938],[-74.794085230746,39.0108664011097],[-74.7940528364653,39.0107690888383],[-74.7940267192848,39.0106492437058],[-74.7939937827449,39.010429550756],[-74.7939577204684,39.0102198327954],[-74.7939362784993,39.0100733959326]]}},{"type":"Feature","id":"777:0:0","properties":{"OBJECTID":402239,"name":"East 1st Avenue","source":"NJOGIS NG911 Road Centerlines"},"geometry":{"type":"LineString","coordinates":[[-74.7922868773992,39.0067050818312],[-74.7923444495735,39.0067471961206],[-74.7924011061319,39.0067890099864]]}},{"type":"Feature","id":"778:0:0","properties":{"OBJECTID":402251,"name":"East 2nd Avenue","source":"NJOGIS NG911 Road Centerlines"},"geometry":{"type":"LineString","coordinates":[[-74.7869177500366,39.001652372067],[-74.7869105573093,39.0016838019436],[-74.7869143440928,39.0017152327468],[-74.7869364643872,39.0017551577426],[-74.7869915551461,39.0018035409174],[-74.7870544954689,39.0018493210788],[-74.7874063645621,39.0021052484927],[-74.7878322368866,39.002418377247],[-74.7883446269848,39.0027960095151]]}},{"type":"Feature","id":"781:0:0","properties":{"OBJECTID":431935,"name":"East 25th Avenue","source":"NJOGIS NG911 Road Centerlines"},"geometry":{"type":"LineString","coordinates":[[-74.8032699299149,38.9903299214941],[-74.8032874308991,38.9903429214232],[-74.803506505839,38.9905056550744]]}},{"type":"Feature","id":"782:0:0","properties":{"OBJECTID":431938,"name":"Boardwalk","source":"NJOGIS NG911 Road Centerlines"},"geometry":{"type":"LineString","coordinates":[[-74.7976471173301,38.993328095948],[-74.7979724053754,38.9930578605075],[-74.7983514264325,38.9928421484986]]}},{"type":"Feature","id":"783:0:0","properties":{"OBJECTID":431939,"name":"Boardwalk","source":"NJOGIS NG911 Road Centerlines"},"geometry":{"type":"LineString","coordinates":[[-74.799909315094,38.9919478900424],[-74.799955051998,38.9919221473929],[-74.8007038501288,38.991511180847]]}},{"type":"Feature","id":"784:0:0","properties":{"OBJECTID":431947,"name":"Boardwalk","source":"NJOGIS NG911 Road Centerlines"},"geometry":{"type":"LineString","coordinates":[[-74.8007038501288,38.991511180847],[-74.8013158902855,38.991175265087],[-74.8015039537218,38.9910759499705]]}},{"type":"Feature","id":"785:0:0","properties":{"OBJECTID":431948,"name":"Boardwalk","source":"NJOGIS NG911 Road Centerlines"},"geometry":{"type":"LineString","coordinates":[[-74.8023403492211,38.9906640375256],[-74.8024385546495,38.9906232773181],[-74.8025374870462,38.9905836023422],[-74.8026371267219,38.9905450204934],[-74.802737453847,38.9905075394495],[-74.802838448455,38.9904711666695],[-74.8029400904467,38.9904359093915],[-74.8030423595943,38.9904017746318],[-74.803145235545,38.9903687691834],[-74.8032699299149,38.9903299214941]]}},{"type":"Feature","id":"786:0:0","properties":{"OBJECTID":431950,"name":"East 15th Avenue","source":"NJOGIS NG911 Road Centerlines"},"geometry":{"type":"LineString","coordinates":[[-74.7953851650998,38.9947093445072],[-74.7955698236841,38.9948498854906]]}},{"type":"Feature","id":"787:0:0","properties":{"OBJECTID":431951,"name":"East 16th Avenue","source":"NJOGIS NG911 Road Centerlines"},"geometry":{"type":"LineString","coordinates":[[-74.7965954318467,38.9945980337278],[-74.7963075278115,38.9943896963357]]}},{"type":"Feature","id":"788:0:0","properties":{"OBJECTID":431952,"name":"Boardwalk","source":"NJOGIS NG911 Road Centerlines"},"geometry":{"type":"LineString","coordinates":[[-74.7955698236841,38.9948498854906],[-74.7956425692999,38.9947964322114],[-74.7963075278115,38.9943896963357]]}},{"type":"Feature","id":"789:0:0","properties":{"OBJECTID":431953,"name":"Boardwalk","source":"NJOGIS NG911 Road Centerlines"},"geometry":{"type":"LineString","coordinates":[[-74.7963075278115,38.9943896963357],[-74.7963404643524,38.9943695495493],[-74.7964458329812,38.9943267710229],[-74.7969939526143,38.9938710552527]]}},{"type":"Feature","id":"790:0:0","properties":{"OBJECTID":431954,"name":"East 17th Avenue","source":"NJOGIS NG911 Road Centerlines"},"geometry":{"type":"LineString","coordinates":[[-74.7969939526143,38.9938710552527],[-74.7971425353501,38.9939816012363]]}},{"type":"Feature","id":"791:0:0","properties":{"OBJECTID":431955,"name":"East 18th Avenue","source":"NJOGIS NG911 Road Centerlines"},"geometry":{"type":"LineString","coordinates":[[-74.7977342586055,38.9933934168832],[-74.7976471173301,38.993328095948]]}},{"type":"Feature","id":"792:0:0","properties":{"OBJECTID":431956,"name":"Boardwalk","source":"NJOGIS NG911 Road Centerlines"},"geometry":{"type":"LineString","coordinates":[[-74.7969939526143,38.9938710552527],[-74.7974977697079,38.9934521663615],[-74.7976471173301,38.993328095948]]}},{"type":"Feature","id":"793:0:0","properties":{"OBJECTID":431957,"name":"East 19th Avenue","source":"NJOGIS NG911 Road Centerlines"},"geometry":{"type":"LineString","coordinates":[[-74.7983514264325,38.9928421484986],[-74.7984597787412,38.9929215852508]]}},{"type":"Feature","id":"794:0:0","properties":{"OBJECTID":431958,"name":"East 20th Avenue","source":"NJOGIS NG911 Road Centerlines"},"geometry":{"type":"LineString","coordinates":[[-74.7991973875555,38.992440272524],[-74.7991368535477,38.9923947764417]]}},{"type":"Feature","id":"795:0:0","properties":{"OBJECTID":431959,"name":"East 21st Avenue","source":"NJOGIS NG911 Road Centerlines"},"geometry":{"type":"LineString","coordinates":[[-74.799909315094,38.9919478900424],[-74.7999755737972,38.9919966888926]]}},{"type":"Feature","id":"796:0:0","properties":{"OBJECTID":431960,"name":"Boardwalk","source":"NJOGIS NG911 Road Centerlines"},"geometry":{"type":"LineString","coordinates":[[-74.7983514264325,38.9928421484986],[-74.7991092808224,38.9924108221506],[-74.7991368535477,38.9923947764417]]}},{"type":"Feature","id":"797:0:0","properties":{"OBJECTID":431961,"name":"Boardwalk","source":"NJOGIS NG911 Road Centerlines"},"geometry":{"type":"LineString","coordinates":[[-74.7991368535477,38.9923947764417],[-74.799770961759,38.9920257595311],[-74.799909315094,38.9919478900424]]}},{"type":"Feature","id":"798:0:0","properties":{"OBJECTID":431962,"name":"East 22nd Avenue","source":"NJOGIS NG911 Road Centerlines"},"geometry":{"type":"LineString","coordinates":[[-74.8009686431371,38.9917070811293],[-74.8007038501288,38.991511180847]]}},{"type":"Feature","id":"799:0:0","properties":{"OBJECTID":431963,"name":"East 23rd Avenue","source":"NJOGIS NG911 Road Centerlines"},"geometry":{"type":"LineString","coordinates":[[-74.8015039537218,38.9910759499705],[-74.8016167827746,38.991159315329]]}},{"type":"Feature","id":"800:0:0","properties":{"OBJECTID":431964,"name":"East 24th Avenue","source":"NJOGIS NG911 Road Centerlines"},"geometry":{"type":"LineString","coordinates":[[-74.8024373891172,38.9907361984182],[-74.8023403492211,38.9906640375256]]}},{"type":"Feature","id":"801:0:0","properties":{"OBJECTID":431965,"name":"Boardwalk","source":"NJOGIS NG911 Road Centerlines"},"geometry":{"type":"LineString","coordinates":[[-74.8032699299149,38.9903299214941],[-74.8040968939176,38.9900720291217],[-74.8042903455371,38.9900775020275]]}},{"type":"Feature","id":"809:0:0","properties":{"OBJECTID":431974,"name":"Boardwalk","source":"NJOGIS NG911 Road Centerlines"},"geometry":{"type":"LineString","coordinates":[[-74.8042903455371,38.9900775020275],[-74.80429034958694,38.99007750019034]]}},{"type":"Feature","id":"817:0:0","properties":{"OBJECTID":431985,"name":"Boardwalk","source":"NJOGIS NG911 Road Centerlines"},"geometry":{"type":"LineString","coordinates":[[-74.8015039537218,38.9910759499705],[-74.8019528197006,38.9908389042367],[-74.8020484995392,38.9907935819176],[-74.8021449940622,38.9907493241168],[-74.8022422838246,38.9907061397523],[-74.8023403492211,38.9906640375256]]}},{"type":"Feature","id":"819:0:0","properties":{"OBJECTID":434924,"name":"Boardwalk","source":"NJOGIS NG911 Road Centerlines"},"geometry":{"type":"LineString","coordinates":[[-74.7888125149824,38.9999514937292],[-74.7887488539681,38.9998856225316],[-74.7887503709711,38.9998353470097],[-74.7887893777974,38.9998075128912],[-74.7888672061531,38.9997786980028],[-74.7889495909338,38.9997427162223],[-74.7893065226948,38.9995700992737],[-74.7895581577295,38.9994370968068],[-74.789745807463,38.9993543425078],[-74.7898464582646,38.9993004253883],[-74.7899241250279,38.9992322550841],[-74.7900200877301,38.9991533054652],[-74.7901985223877,38.9990598395557],[-74.7902945284112,38.9989916233875],[-74.7903539580709,38.9989485421669],[-74.790436458142,38.9989411812746],[-74.790491448427,38.9989338888194],[-74.7905737863452,38.9988871722199],[-74.7908068143322,38.9986898142752],[-74.7911174764355,38.9984171283778],[-74.7914877247325,38.9981407154687],[-74.7919857148622,38.9977101377182],[-74.7925431983595,38.9972543637605],[-74.7927578761628,38.997057046985],[-74.7932468733474,38.9966729970417],[-74.793839827867,38.9961906891285],[-74.7942566344407,38.9958262870597],[-74.7943386102144,38.9957794470833],[-74.794458102569,38.9957733169965],[-74.7948377242697,38.9954498103918],[-74.7949518810058,38.9953581986108],[-74.7955698236841,38.9948498854906]]}}]}
