{"type":"FeatureCollection","crs":{"type":"name","properties":{"name":"EPSG:6527"}},"features":[{"type":"Feature","id":9279,"geometry":{"type":"Polygon","coordinates":[[[402246.94600928505,56106.287949271085],[402166.36644603586,56196.059423265957],[402067.64584294974,56103.349306853292],[402015.07048878714,56155.750776853587],[402010.24766378012,56152.912856020477],[401941.92759045196,56094.641975184641],[401919.74259545025,56073.825087690529],[401990.94324045116,55996.511922105827],[401897.51462153753,55911.745031271334],[401838.86349211703,55979.744239103144],[401832.92387145117,55973.80461843167],[401638.61454878363,55808.344319436263],[401643.705745955,55801.556275276023],[401714.25120853347,55718.773960511382],[401525.46910578531,55543.398983189836],[401500.30708261742,55569.064286190696],[401406.12255970185,55489.30394700676],[401431.71502820274,55456.30335686019],[401334.4701439534,55365.961017856556],[401416.08415395592,55276.033048105732],[401320.55612978834,55188.283879773502],[401182.42943753453,55334.464689773478],[401156.95048586914,55361.426906184526],[401065.41490778403,55276.679372269144],[401141.83863945003,55190.012222769641],[401044.78830862051,55100.855905022312],[401132.90197752643,55010.931216107536],[401226.29417920718,55104.317184194922],[401280.53324394731,55046.941970852691],[401183.70896253455,54954.153114444249],[401292.80552911817,54839.326572427541],[401312.82779878506,54815.771501437535],[401407.0497232062,54902.926510864163],[401312.8277987843,55010.104118030991],[401407.04972320364,55097.259783606736],[401537.34408203699,54954.435266109169],[401566.49100536556,54925.294904425777],[401661.54035595816,55015.091312769429],[401580.4342189554,55102.782738437243],[401678.39005978539,55190.789452189623],[401652.0856504484,55221.335650939902],[401749.46603311651,55308.149125607342],[401824.99836237112,55224.734594280206],[401918.7481748719,55311.540194941736],[401877.82962153555,55355.531248691637],[402049.12881962006,55516.52206843569],[402066.9699912832,55533.287126778065],[402049.67671878485,55553.103360110254],[402144.10599186749,55644.300684269023],[402123.17099437083,55666.456151772014],[402314.50296078593,55841.571287104831],[402408.01360053499,55926.84670710408],[402246.94600928505,56106.287949271085]]]},"properties":{"OBJECTID":9279,"ACRES":13.88607756,"LU15":1110,"LABEL15":"RESIDENTIAL, HIGH DENSITY OR MULTIPLE DWELLING","TYPE15":"URBAN","IS15":87.898564129999997,"DV15":0}},{"type":"Feature","id":9282,"geometry":{"type":"Polygon","coordinates":[[[402750.8711825363,56137.542151853304],[402724.28626195359,56167.558824100124],[402483.531822199,56433.877517180452],[402393.36566396063,56345.537142690599],[402470.89962961874,56258.217435440136],[402374.39391711634,56165.520442354791],[402557.91487553518,55962.342042942881],[402750.8711825363,56137.542151853304]]]},"properties":{"OBJECTID":9282,"ACRES":2.0033285799999998,"LU15":1110,"LABEL15":"RESIDENTIAL, HIGH DENSITY OR MULTIPLE DWELLING","TYPE15":"URBAN","IS15":85.073125540000007,"DV15":0}},{"type":"Feature","id":9284,"geometry":{"type":"Polygon","coordinates":[[[402391.2304976196,56715.31330601751],[402115.63492019905,57010.488568685694],[402021.24501711759,56920.202988106845],[402074.08283795341,56862.233943945495],[401888.65309070348,56692.384874193973],[401843.72175012057,56738.802104176189],[401656.34974953491,56552.859234602998],[401643.05286012479,56566.895951934908],[401545.21152036765,56479.080838858703],[401517.94123370171,56509.133600274334],[401421.93387978803,56417.857208020105],[401381.30403978541,56462.93913885756],[401281.68153561751,56371.663074687],[401346.79951561789,56302.650417450044],[401377.37688229047,56270.082897270084],[401282.11362137267,56184.760233270594],[401254.73080211482,56214.030844023131],[401159.89995503664,56124.471311850626],[401253.8531792076,56021.587659352583],[401166.47474503645,55934.763357940617],[401344.34217145009,55746.34805235883],[401531.01863537123,55920.849343768772],[401498.18405536655,55957.581553775613],[401589.77868845692,56045.409790194193],[401600.34953345533,56034.838945192139],[401652.47377303994,55986.814763026152],[401748.05396245292,56068.576410515925],[401751.26130511734,56065.127598529158],[401825.4511173669,55985.347246266778],[401882.06419311767,56038.470171521069],[401807.46854178503,56122.294150845759],[401835.52655653568,56149.609056856498],[401841.92090070253,56156.036209361584],[401936.82031720341,56247.036683522711],[402137.14078269765,56425.645906356076],[402226.78627269657,56506.190692765282],[402122.56075936678,56619.592696942578],[402218.67933353619,56712.040346694004],[402299.11683669843,56628.78263918325],[402391.2304976196,56715.31330601751]]]},"properties":{"OBJECTID":9284,"ACRES":12.89163911,"LU15":1110,"LABEL15":"RESIDENTIAL, HIGH DENSITY OR MULTIPLE DWELLING","TYPE15":"URBAN","IS15":82.989643639999997,"DV15":0}},{"type":"Feature","id":9285,"geometry":{"type":"Polygon","coordinates":[[[405229.96563378489,57139.241592014674],[405059.36230045283,57296.405319686077],[404977.05242570315,57211.781473192095],[405029.90861920186,57160.756312772472],[404958.63349928375,57079.29912660797],[404920.89407345623,57113.578913692611],[404838.50217786874,57020.242486189039],[404855.34925702726,57004.130313686233],[404781.36974620383,56925.754158104559],[404752.07190453383,56953.588748107679],[404675.15900062409,56871.55151060698],[404710.3233003674,56840.055510602841],[404782.8329978697,56918.428057271914],[404825.40509120491,56879.268030607025],[404879.60478594998,56947.44374726864],[404978.1314917893,57063.086888686325],[405008.80072178447,57030.498371187379],[405093.03316486831,57117.6602703545],[405157.4916973678,57058.329680356605],[405229.96563378489,57139.241592014674]]]},"properties":{"OBJECTID":9285,"ACRES":1.2959377400000001,"LU15":1110,"LABEL15":"RESIDENTIAL, HIGH DENSITY OR MULTIPLE DWELLING","TYPE15":"URBAN","IS15":90.347546059999999,"DV15":0}},{"type":"Feature","id":9286,"geometry":{"type":"Polygon","coordinates":[[[402645.56266611832,57015.498401191675],[402459.03383970214,57216.38087343744],[402313.1250107899,57364.684710690184],[402230.37550436804,57286.60383010847],[402215.44377569878,57273.503462603359],[402296.10634403693,57191.580070014243],[402204.54845628556,57106.614032618665],[402268.68284245045,57041.49244368956],[402458.56468053273,56834.8619514315],[402645.56266611832,57015.498401191675]]]},"properties":{"OBJECTID":9286,"ACRES":2.54868768,"LU15":1110,"LABEL15":"RESIDENTIAL, HIGH DENSITY OR MULTIPLE DWELLING","TYPE15":"URBAN","IS15":88.555148579999994,"DV15":0}},{"type":"Feature","id":9289,"geometry":{"type":"Polygon","coordinates":[[[405036.19174311997,57989.506951849078],[404850.50018536998,57796.653006856512],[404834.10586120142,57808.379033264879],[404745.29337478825,57894.562587949345],[404687.09467228281,57834.753652441883],[404591.29105811595,57924.842054935769],[404495.05535820709,57816.054870929809],[404583.87637478765,57735.458903528393],[404656.45464170352,57668.412777770114],[404598.40292053594,57610.935858603872],[404531.0661129537,57682.962945521904],[404418.56469753687,57571.131476271796],[404584.47381453373,57417.680339611885],[404507.86176304024,57337.105369520483],[404541.79968728719,57301.436477603471],[404646.59606562351,57202.627620108084],[404570.50041728874,57118.175361187845],[404516.94704670279,57166.735303441521],[404439.30612587486,57078.106543687136],[404357.15701195208,57151.397407606099],[404435.81531920942,57238.32308676801],[404343.35126528604,57322.020754014011],[404291.61088320112,57263.618639855726],[404197.89519137802,57356.571866019985],[404169.93921053392,57328.021398187033],[404083.03321636858,57252.030408434832],[404001.1039182879,57166.735303439229],[403914.96399870369,57076.753528024288],[404047.09890503593,56952.661584600421],[403970.68600011978,56860.255273349983],[403987.11017986853,56840.844879107681],[403987.27848662302,56838.20741718611],[403981.04031011974,56843.977090688517],[403891.59298245318,56748.431021937424],[404040.31348553661,56614.650449610934],[404099.28712086991,56561.601015016786],[404114.19588370231,56548.189952610432],[404197.54479836253,56643.736349439227],[404070.4456431162,56761.287951605475],[404157.01371145167,56851.661458522634],[404266.89669378626,56751.020911769556],[404333.70430295088,56689.832385858354],[404334.02976162353,56689.544000608832],[404423.43476653285,56610.284316601195],[404492.16395978647,56692.377656361969],[404412.3268491202,56774.876179020132],[404421.21889170154,56784.02511086093],[404498.97136086947,56864.021998105411],[404814.87689703621,57212.269989272099],[404890.35443637113,57295.477500023604],[404943.45505195274,57244.215463441025],[405021.69210020255,57331.108006190152],[404967.75093512167,57380.800164028864],[405121.2352082014,57549.819182937703],[405326.50743545435,57363.723426516648],[405363.68288603623,57328.611948186772],[405447.45240354026,57415.350619856501],[405298.78439378674,57552.456972936008],[405485.59537187521,57736.685935185888],[405278.22669211926,57937.054628946556],[405264.01248170238,57950.788853441256],[405251.64767703618,57962.736664185075],[405167.18491945235,57869.99341135424],[405036.19174311997,57989.506951849078]]]},"properties":{"OBJECTID":9289,"ACRES":18.750547780000002,"LU15":1110,"LABEL15":"RESIDENTIAL, HIGH DENSITY OR MULTIPLE DWELLING","TYPE15":"URBAN","IS15":91.031003530000007,"DV15":0}},{"type":"Feature","id":9291,"geometry":{"type":"Polygon","coordinates":[[[403691.74692545389,58081.984457187551],[403611.98330545187,58156.302221943086],[403531.17933319713,58067.145248021494],[403443.64998070552,58144.192666112409],[403372.46541178488,58061.082268030077],[403340.96941178822,58087.450325525904],[403309.57183678803,58054.205641351677],[403283.64144245512,58026.230303595657],[403259.85736928886,58000.570578019091],[403219.83415536908,58037.575097192435],[403143.56134203175,57950.727829933501],[403213.03626870579,57893.336212435643],[403125.43473786896,57799.694339348993],[403073.09560370445,57847.194572434943],[402979.30937395344,57752.115694352324],[403009.51600645162,57722.663653523799],[402925.22155562061,57638.234360436632],[402909.7327414499,57652.821273519883],[402730.65764028416,57464.756689028116],[402877.06515587162,57328.92034652437],[402903.75178228359,57358.093516518282],[403049.85057145066,57521.4596596064],[403045.30661728489,57527.046918777414],[403132.23262453702,57624.494230434379],[403160.17220120743,57595.793500449145],[403244.87380344648,57688.661096860458],[403283.64144245104,57653.143123270347],[403308.11842761358,57630.717971272599],[403330.79685995349,57610.274114521286],[403418.05948070274,57706.564604348758],[403567.48536295828,57879.42875993919],[403545.87746653543,57899.205623274225],[403621.45835212216,57980.544371358628],[403612.92162378249,57989.264826352613],[403691.74692545389,58081.984457187551]]]},"properties":{"OBJECTID":9291,"ACRES":5.8640048799999995,"LU15":1110,"LABEL15":"RESIDENTIAL, HIGH DENSITY OR MULTIPLE DWELLING","TYPE15":"URBAN","IS15":89.344005339999995,"DV15":0}},{"type":"Feature","id":9298,"geometry":{"type":"Polygon","coordinates":[[[410239.25810861861,61044.369608519133],[410035.06396319886,61238.467317436371],[410028.29888487502,61244.904312446874],[410008.50233653298,61263.736623855984],[409986.45841736876,61285.577131360878],[409802.62315512105,61093.871149934283],[409825.0345276242,61072.473226857997],[410059.09245845088,60848.982532109549],[410239.25810861861,61044.369608519133]]]},"properties":{"OBJECTID":9298,"ACRES":2.1445012999999999,"LU15":1110,"LABEL15":"RESIDENTIAL, HIGH DENSITY OR MULTIPLE DWELLING","TYPE15":"URBAN","IS15":98.576457099999999,"DV15":0}},{"type":"Feature","id":9299,"geometry":{"type":"Polygon","coordinates":[[[401063.56451778824,61574.185806106885],[400982.45575611899,61505.678725274527],[400986.93409361772,61498.588844429651],[400992.9084911173,61484.405801941437],[400995.56334145303,61471.79493477154],[400995.54890578496,61471.756220943367],[400990.84747162391,61467.416334604335],[400993.12535420468,61465.237533196814],[400988.70279086876,61453.342543862287],[401015.78607004159,61426.779932947138],[401025.40153637511,61432.594225767614],[401028.36445695569,61429.537145272116],[401046.71514203493,61413.985667189576],[401059.53598253877,61424.696603765755],[401076.20261586935,61409.592631353524],[401066.14325277967,61397.521461269127],[401072.40964445256,61392.210776350155],[401120.37936478649,61346.998596439917],[401126.20251586859,61352.82174751757],[401199.11936478614,61282.509224104899],[401194.1803982844,61277.440336597778],[401267.24914978992,61208.57236410991],[401279.95056795189,61196.167861359609],[401282.45253145066,61199.175729349998],[401346.51506736164,61141.363509026974],[401346.51506736578,61124.175879351191],[401367.34835903486,61100.217593942718],[401359.40874237235,61091.810786609625],[401354.84838403983,61085.113293435468],[401416.22654211667,61037.484123608869],[401419.16157561709,61035.012671855176],[401419.27082737035,61035.121595512443],[401420.60481420957,61036.453613860635],[401421.02180812368,61036.869623525658],[401437.40333703347,61053.250824348856],[401467.40983870177,61024.707902436618],[401450.91676145815,61009.082933696045],[401476.95870412397,60983.041319106575],[401482.16702703707,60989.117750522826],[401605.04112511262,60873.762666269678],[401609.16185178875,60877.197698772819],[401623.14476345509,60890.747540441858],[401653.25822028622,60861.1675471005],[401658.9058467857,60855.619657938318],[401693.95170845365,60821.512114606325],[401724.74561012781,60855.370314606851],[401729.73214870173,60860.905080441466],[401758.13169820153,60892.427327112018],[401744.53231595445,60905.777037939435],[401063.56451778824,61574.185806106885]]]},"properties":{"OBJECTID":9299,"ACRES":2.6827182000000001,"LU15":1110,"LABEL15":"RESIDENTIAL, HIGH DENSITY OR MULTIPLE DWELLING","TYPE15":"URBAN","IS15":88.117944019999996,"DV15":0}},{"type":"Feature","id":9300,"geometry":{"type":"Polygon","coordinates":[[[410659.06665219658,61437.293035269235],[410530.19190995279,61568.749465271925],[410411.42213437462,61674.940525852457],[410386.51732854109,61648.408426697657],[410300.66776270105,61550.583491107776],[410517.34416661964,61329.35985219408],[410536.39268495369,61307.817900521048],[410659.06665219658,61437.293035269235]]]},"properties":{"OBJECTID":9300,"ACRES":1.3665225400000001,"LU15":1110,"LABEL15":"RESIDENTIAL, HIGH DENSITY OR MULTIPLE DWELLING","TYPE15":"URBAN","IS15":85.172511049999997,"DV15":0}},{"type":"Feature","id":9301,"geometry":{"type":"Polygon","coordinates":[[[399165.42920645262,62821.241710943345],[399164.1460725349,62821.354571604163],[398924.33027920214,62846.159968188709],[398922.98579370003,62828.851931938611],[398922.09078236838,62819.945781766924],[398918.73186520371,62786.525244932738],[398796.79936629388,62832.561898275271],[398799.52934769902,62823.050762437459],[398827.24910853687,62726.495509356842],[398845.90720770217,62653.487125190375],[398877.97079186875,62528.053977106196],[398903.60263037158,62427.6332461856],[398903.99436186772,62426.098800441097],[398921.87031036837,62359.823670525715],[398951.96506645478,62248.247778187564],[399005.60078594676,62049.39286094546],[399019.48953770421,62011.198383522489],[399047.26736928994,61993.837197765257],[399109.76757236494,61773.351090194912],[399160.36983336735,61594.99711618419],[399118.46538961807,61600.234966606833],[399113.7150710398,61599.663773524277],[399122.87876662449,61572.880034442853],[399254.0205647003,61200.480516772019],[399300.65301737387,61211.936202521283],[399381.38218662189,61009.679389190678],[399346.83894861874,61002.827696855995],[399366.03871336649,60963.296936024373],[399411.90574761998,60868.86077318083],[399414.22070361924,60864.09405043786],[399413.84668861714,60863.811898765358],[399465.4282783682,60769.921010433427],[399433.70885361813,60732.801334016665],[399408.97957236774,60712.824667945875],[399454.11826161615,60638.171930104923],[399478.22680920333,60547.2698809336],[399494.96562086628,60535.035653441926],[399514.29957170255,60516.321780105529],[399526.50099087076,60484.848745932417],[399563.68923670432,60441.20382010287],[399591.34666170418,60422.181220352235],[399720.50683645526,60248.28032143919],[399727.10459228297,60250.822967270251],[399792.42303120135,60276.010252851469],[399810.19464920199,60277.668386020829],[399880.50717262452,60195.637382111388],[399881.27784036699,60188.70170042933],[399855.76772078912,60168.293604771447],[399933.40962586587,60088.780968510822],[399938.4017418687,60094.216653185256],[399940.28690870322,60096.269142520257],[399953.39088511892,60109.373118936215],[400093.64322928101,59969.966901691805],[400087.71148261765,59963.264159194579],[400333.15784212091,59745.885328855518],[400375.34607795154,59796.817313611988],[400463.90922103869,59719.86503968855],[400474.06011936942,59725.613059686213],[400482.75104686868,59728.129458851356],[400487.78384520736,59729.500847189869],[400514.68667853536,59763.418102187665],[400557.88869186863,59796.518757776001],[400576.18589936034,59809.786447772924],[400601.80592686968,59819.392727767809],[400631.08113078697,59822.135504447884],[400781.62905804015,59795.623090266163],[400785.81540136947,59816.731971940113],[400825.51676553569,59810.75429360845],[400821.14243045234,59780.133291857084],[400851.52458753641,59774.056860442754],[400857.65121570096,59805.916048679734],[400897.01268553612,59799.989879440902],[400914.11895053659,59791.981365267762],[400913.28561886685,59782.53256527846],[400913.02643303474,59779.606061938168],[401019.12563028379,59748.303303019369],[401086.89452361851,59725.524477181505],[401094.18453528575,59743.887301360279],[401097.04903087107,59744.668139691734],[401116.08770670305,59740.544132195449],[401244.97524420108,59708.267293859921],[401236.94113953266,59682.911045349188],[401347.05837336328,59646.645041771168],[401381.70561378717,59634.264161028215],[401378.43429486977,59619.543061856471],[401407.9480153686,59612.598521932377],[401412.85122078279,59629.193961193647],[401415.50016561593,59630.373748857586],[401419.34202145378,59641.039738024563],[401421.30724062154,59644.914402188144],[401422.6097314512,59645.695240520748],[401425.47422703606,59644.396030519842],[401465.32322870096,59616.397398852459],[401464.54239036713,59610.796688272516],[401467.66902453988,59608.972544936572],[401500.65780369745,59586.99752327444],[401535.61508287059,59564.858459940857],[401589.49653678742,59660.698491352916],[401610.29702011734,59697.696448852759],[401624.42756928579,59722.82435136869],[401658.69587345136,59778.766168607253],[401682.48519595322,59817.601392774086],[401691.76339262014,59832.749000271418],[401763.01357820118,59946.384271691015],[401761.00144311995,59947.786171772423],[401762.91843403381,59950.964971186142],[401747.95422511781,59958.81961427092],[401758.0070265375,59975.429489194801],[401772.13101403962,59998.605295852969],[401771.09098986833,60004.336911683924],[401875.45757903042,60107.17496060516],[401940.37903711671,60177.273245611039],[401910.16879570863,60205.40311059972],[401915.97619878867,60268.79570036017],[401898.18719236669,60304.110590352539],[401809.89668653195,60408.55263868723],[401795.87145211356,60396.662898684626],[401728.05793945462,60464.039076279245],[401681.59937094664,60513.037665938347],[401684.32246262394,60517.394612607372],[401521.05802536965,60680.094746520655],[401525.42481454066,60685.918225688962],[401440.28390870168,60768.887547937928],[401396.94377228664,60806.033142942964],[401401.26462979103,60811.079064607082],[401405.67406978545,60816.223411273895],[401362.58360478649,60856.73842210164],[401357.15152903512,60862.183949271603],[401337.01278978487,60882.37157293324],[401056.73382277839,61160.79686909711],[401010.45110695501,61202.597966598361],[400940.52539379109,61269.275326687937],[400935.05690078752,61264.800926185191],[400889.22365911305,61307.509174102786],[400894.02286211902,61313.617429604317],[400873.16037104273,61333.510762522106],[400810.57781903708,61397.61332460212],[400812.66114820127,61399.696653774139],[400705.89003628719,61499.175785513195],[400608.96831411927,61587.873770860475],[400555.95168786886,61642.763424847704],[400513.81725770159,61678.267290849864],[400449.89022020198,61722.870220025805],[400410.61175545218,61743.940059767723],[400335.70704961952,61784.123706447172],[400325.64210911933,61792.891405431408],[400328.28613270185,61796.050847938161],[400177.24444003665,61926.259248940369],[400085.08484745183,61999.896568850483],[400081.17934345326,61996.426759523456],[400000.89735178428,62070.763881180777],[399951.73734512128,62115.61648177202],[399756.7698872881,62293.51015485025],[399628.47289978515,62408.251067104822],[399557.2837377048,62476.914643692478],[399559.01503344899,62479.905123269826],[399549.64005219645,62490.321769102608],[399538.70273812424,62522.092702932656],[399541.82773186761,62523.65503577936],[399518.91111103632,62563.7592862698],[399522.98623412347,62565.287498437916],[399509.23724586325,62635.127581851571],[399508.32189336949,62635.462883024811],[399507.34059612319,62640.159395937771],[399491.71562736575,62643.631501852768],[399491.42199278268,62645.612469018197],[399491.10408003564,62645.642652680093],[399149.31998669956,62687.926032683623],[399165.42920645262,62821.241710943345]],[[399953.39088512078,61439.287781939827],[400083.098630953,61575.19630276737],[400160.24447403813,61502.335556107442],[400217.54094736394,61561.121527768548],[400292.68548211892,61490.376918599235],[400106.80593261839,61295.541022194469],[399953.39088512078,61439.287781939827]]]},"properties":{"OBJECTID":9301,"ACRES":103.13297664,"LU15":1110,"LABEL15":"RESIDENTIAL, HIGH DENSITY OR MULTIPLE DWELLING","TYPE15":"URBAN","IS15":84.871832179999998,"DV15":0}},{"type":"Feature","id":9302,"geometry":{"type":"Polygon","coordinates":[[[410187.32284503954,61846.299107020881],[409992.98071404046,62030.35385701761],[409796.25833845511,62216.662867612424],[409775.25083453616,62237.014204856147],[409737.81652620342,62275.590243179817],[409828.28583345731,62368.614991517316],[409740.73974869802,62451.553145860162],[409831.34258586919,62548.435498022176],[409798.14481762209,62580.84947518602],[409761.78301370225,62613.871062685066],[409743.75155370421,62630.226016858986],[409720.1886087007,62654.6091701896],[409583.31519478292,62792.49636160615],[409487.37706644856,62884.999457435748],[409475.03457145701,62896.620497196294],[409463.0759339467,62907.716275519437],[409383.35890178627,62972.487471445536],[409478.92629595142,63075.612593278383],[409325.60540836025,63212.256676936995],[409171.50105778873,63354.743596689455],[409106.53694886836,63286.955018360051],[409082.00287720549,63261.37436085807],[408821.88495911943,62990.153774695296],[408556.33037211781,62709.841999361255],[408318.54180569714,62455.563964612375],[408283.64128495369,62418.847830683531],[408085.09017287008,62209.966686773347],[407966.60911061824,62085.150663432469],[408283.64128495089,61783.218524527678],[408371.84550486837,61699.215411686804],[408283.64128495037,61608.939673596826],[408186.87507428264,61509.901157771004],[407781.16295920068,61889.487668944043],[407593.02652445144,61689.264644189505],[407352.63625719829,61437.591591102151],[407113.1118018665,61182.447088272704],[406833.66944736958,60890.852527103685],[406788.96645278938,60843.539301526616],[406784.34539903695,60838.647907107515],[406703.10868487431,60753.444337357971],[406577.92291162064,60621.089615190045],[406659.7085091992,60544.605188106652],[406655.46573553298,60538.665567439049],[406693.64873003273,60507.270289023123],[406598.61545553245,60402.903699852948],[406574.00887744915,60430.904300019189],[406378.00237970508,60244.231773104861],[406297.30765920714,60324.212584273446],[406108.38710528536,60124.049270695315],[406059.40131087328,60072.148455857663],[405736.10668187262,59734.45917060085],[405711.232059701,59708.477267184848],[405364.00768853485,59337.286408519147],[405188.00607203966,59152.366174685085],[404983.88935428625,58937.906301761483],[404818.58522294735,58763.991295272266],[404704.31904728367,58643.772703694201],[404470.33296670159,58397.565190851325],[404428.27924503607,58357.158447524977],[404378.23997503612,58397.565190853529],[404395.08049253759,58413.765945852931],[404300.21158778475,58498.543007267799],[404045.62810745736,58226.797487772128],[403890.15925828676,58056.410361348804],[403885.87186528393,58051.553743768876],[403808.28245353769,57963.660874936802],[403726.98012269766,58037.640713858862],[403650.70041962405,57957.164824939427],[403820.91694270453,57801.055885193193],[403741.81277020311,57721.94843185319],[403801.87498604006,57664.816000188817],[403724.96569103154,57579.848650437532],[403669.66363628325,57631.853139603561],[403594.21759295696,57548.352650435831],[403572.80195337057,57564.506161444333],[403485.53670795017,57474.079833113836],[403521.70428653661,57442.148466521488],[403722.13958120235,57253.102584777262],[403810.06886729033,57347.26282952656],[403967.43305386696,57505.987249612568],[404056.40597303968,57431.160955683306],[404135.45765220892,57513.831722110888],[404150.22140220914,57500.685422942566],[404153.25289220555,57497.985297110201],[404214.62120779225,57563.733197099027],[404230.0696677033,57579.010397521728],[404229.12347536598,57581.848318357384],[404211.39910136932,57597.945727105944],[404186.70426887035,57623.398432111033],[404265.69065945118,57711.705670186602],[404316.85525528557,57667.499721856315],[404371.55658945395,57728.060624362231],[404393.16120504122,57751.97789935609],[404381.72093920241,57763.165541026625],[404327.24237361847,57816.440040761438],[404328.57439195178,57817.949224098287],[404390.98929337406,57888.444489939036],[404402.12772253936,57900.376880776552],[404423.77006770554,57880.738796688012],[404500.50186961499,57966.176946023224],[404513.5225128748,57954.458137444475],[404586.43936178618,58042.999955102707],[404599.46000503731,58027.374986356939],[404771.4373513757,58240.197067271263],[404751.98660286906,58258.540206438542],[404841.97559611814,58353.393363189622],[404885.37905262021,58312.319298355833],[404918.64014095603,58281.164176940518],[405011.09402428282,58382.253541687467],[404979.86705262243,58414.865025021689],[405069.40788404469,58514.412398101042],[405115.4707840397,58469.832434770135],[405191.55330903834,58546.708921426231],[405146.14001403836,58587.725899769779],[405255.72017544287,58707.014047020624],[405216.09098961711,58745.206227860268],[405308.38083128585,58844.822498434551],[405351.59596795164,58805.2687717749],[405440.22800853598,58900.491678445404],[405485.86275979003,58860.726666107519],[405574.12800320232,58954.697606771668],[405672.44998503715,58865.739779435862],[405586.37633829156,58773.142523684684],[405403.31535270234,58569.304020608419],[405495.8939077023,58480.052230602472],[405397.54535111913,58375.081968105682],[405379.0890232001,58355.382532432923],[405282.50030561863,58443.467001927987],[405214.61953587143,58373.889057096865],[405030.49260753096,58178.731310928015],[405124.6761461962,58083.839768437327],[405229.77534545073,57983.871136355905],[405329.55500153842,58088.380769849879],[405418.78448187042,58181.840228604706],[405519.71603853221,58088.50019219071],[405530.54639745428,58077.673442192703],[405672.28167828533,57935.927990779426],[405566.37637828401,57819.258276610242],[405485.59537187521,57736.685935185888],[405603.31528077717,57635.412843769285],[405672.43915828649,57571.167565434545],[405817.7991037835,57428.571722017216],[405908.16506478639,57526.57480685995],[405942.52982544946,57493.483009521471],[406038.34196978534,57593.40308526656],[406220.98464911897,57788.171396520644],[406168.45621087041,57839.671621609778],[406265.64794561593,57936.429958266199],[406357.11364195781,58032.709293270738],[406373.09556537098,58017.158471356233],[406425.79132612416,57965.095911439661],[406448.03111103416,57943.123514437866],[406547.30683112127,58044.096081521951],[406609.24830827914,57975.36721635834],[406705.13000628253,58070.400162775797],[406737.37370820058,58039.853635938576],[406837.58380962088,58140.40330360418],[406925.39203294925,58235.367024439111],[406934.7194421239,58227.453654439756],[407001.2606476192,58162.039415189451],[407092.89990003116,58265.557908941279],[407043.21364770422,58315.045670857129],[407131.36963937397,58417.325650023682],[407256.76899487112,58290.533252689987],[407353.12313287309,58385.585227932555],[407198.17528003739,58531.418597685231],[407111.86869411735,58435.915507853904],[407029.90658770205,58514.049537936051],[406824.27970236726,58710.071783684019],[406919.7424379529,58803.851451766233],[406902.3868296236,58819.825829272741],[406806.1563790341,58908.391925110955],[406899.82777961687,59013.523276528394],[407075.72014436795,58842.565285106917],[407082.84283353086,58835.649288438908],[407216.02202911396,58706.232880600059],[407281.22859161801,58775.649080354822],[407311.59598495282,58808.73005094019],[407216.02859078586,58898.959529273852],[407308.03956161981,58992.053503192248],[407403.56463303283,58902.565165104337],[407500.3757911204,59004.829068188017],[407342.85904578835,59152.366174682771],[407328.85972995992,59165.478681262852],[407417.45568136277,59263.696988771284],[407535.66213786538,59152.366174685718],[407590.84477028414,59100.393181522879],[407640.39913311647,59152.366174682698],[407777.19315086911,59295.836360186615],[407869.42557795206,59207.28437193673],[407926.62592286535,59152.366174683506],[407986.17567253817,59095.192404524663],[408040.99675711815,59152.366174685551],[408168.67727603525,59285.526669520055],[408156.79803470295,59297.40558277486],[408283.64128495532,59432.692057609594],[408347.21005545516,59500.492118854745],[408433.1186762852,59596.974537438255],[408357.62637319823,59663.923550516898],[408357.37867028767,59664.151240362589],[408351.99318236561,59669.094143852344],[408329.93613986531,59689.353289688937],[408424.27650236903,59793.867844437351],[408513.45152086741,59709.169194938375],[408605.54221595294,59805.264147100417],[408664.76256995054,59748.858420021548],[408754.70497537369,59850.679410605728],[408689.89998687146,59917.6504052741],[408616.44344087201,59990.961282268865],[408708.03676161898,60084.020151270102],[408742.82573403529,60050.079930446773],[408830.28651712026,60150.339900514133],[408903.57114745158,60081.790825019241],[409087.17018970358,60280.498432857719],[409118.21015387046,60252.240287275301],[409209.56200529117,60350.586875348177],[409181.54696945235,60376.771206188692],[409163.41708445398,60393.723272024814],[409148.99782195006,60407.20093536019],[409244.13542695047,60504.195820098641],[409258.04287945159,60491.453063433102],[409261.13998611993,60494.90778093566],[409348.03318503941,60591.843282606787],[409362.01281586807,60578.447640111321],[409502.41640645347,60440.557495945199],[409575.47072228586,60517.109180105559],[409598.54482312436,60537.565175936914],[409453.41355170606,60677.325723186688],[409447.31087362219,60683.4638342752],[409541.90418837487,60784.922620855985],[409505.49021920707,60814.465540770936],[409520.47083229065,60830.193199609806],[409524.79333021096,60834.148244191849],[409601.31384645955,60904.166148764962],[409444.2304992032,61055.58349685742],[409536.40255894948,61157.998318272352],[409441.59828661935,61249.074251603197],[409529.48492186685,61345.635410191186],[409636.72092787438,61252.286515527099],[409815.11263145314,61453.890771111284],[409907.16723737062,61548.201278014574],[409809.75732720067,61640.789019356642],[409900.59572820022,61742.820311352982],[409990.81766062847,61840.452005858424],[410091.26923136774,61746.201210105028],[410187.32284503954,61846.299107020881]],[[407718.22345254145,60467.220828451733],[407904.37498312059,60287.260230352091],[408013.86328120664,60185.086222110564],[408012.71498953667,60183.884124773438],[407879.83763061865,60044.799429196144],[407829.34494945646,59986.902563357602],[407718.22345253156,60093.647756687831],[407535.12637778814,60267.335729518803],[407484.79150470055,60315.068245608221],[407254.43829087389,60533.513674859947],[407441.3362110387,60729.508361607179],[407718.22345254145,60467.220828451733]],[[406496.86237820244,59009.235227348254],[406605.62167511421,58913.195065095344],[406729.19459070091,58796.417083432651],[406637.71806762723,58700.944505366147],[406626.52058345178,58710.796847845762],[406441.95369537163,58520.173541435011],[406514.85414012487,58451.797365858038],[406584.64074595424,58383.985821687631],[406491.27774371038,58283.359054447166],[406526.86527095106,58249.021852766557],[406435.94320870406,58151.830446098451],[406289.26010311831,58288.883977767611],[406134.80076636269,58426.656340015215],[406489.56514870416,58801.686101762556],[406394.79171620111,58895.271872600249],[406496.86237820244,59009.235227348254]],[[407056.04498686973,59602.99486660555],[407158.61761637463,59505.346111779174],[407264.9172725369,59405.934237109963],[407174.12644361501,59303.264494940362],[407066.26970395306,59403.752154848509],[406976.5221800328,59305.018756519996],[407080.69618428702,59199.889701688677],[407035.20414929051,59152.366174684736],[407025.80390562012,59142.54631244325],[407014.83312703541,59152.366174682385],[406917.19979212323,59239.756747943698],[406808.88275153266,59342.017370189016],[406871.06799462024,59412.640588524897],[406833.33808320598,59447.788484105695],[407013.46633186616,59644.441962188379],[407056.04498686973,59602.99486660555]],[[407815.81512087077,61116.187378270275],[408006.25174786855,61308.729972190806],[408204.43081345106,61121.548259939758],[408017.52797204134,60923.352462107883],[407815.81512087077,61116.187378270275]],[[407533.19068611972,59896.495591939631],[407589.89693753509,59957.466926688743],[407702.74940212024,59852.251585938866],[407643.63173820428,59788.904599769136],[407638.26232637232,59792.855707355702],[407465.16621587088,59596.849537687012],[407459.57501970307,59600.944345777025],[407353.50567803794,59708.91033719384],[407436.64724403579,59795.707407688635],[407328.62908736587,59897.179317610426],[407426.22862970806,60002.512768356784],[407533.19068611972,59896.495591939631]],[[409252.80535711837,61048.221306859203],[409348.53876145097,60960.465576846938],[409265.85684020328,60867.446734014891],[409299.26917495427,60834.922520857632],[409303.43681753468,60830.865770441982],[409356.69786586904,60776.056168776115],[409169.41772861843,60577.056566769781],[409072.21943220688,60669.72731319187],[409226.69123612402,60831.101990444076],[409230.69680553325,60835.157756601286],[409255.25220261695,60860.022536271827],[409158.21204236557,60947.928856527236],[409252.80535711837,61048.221306859203]],[[408430.76763112209,61076.173678771884],[408528.43475861882,61181.445777937864],[408644.71864678559,61068.777040021407],[408548.78740820289,60966.850078522803],[408430.76763112209,61076.173678771884]]]},"properties":{"OBJECTID":9302,"ACRES":259.67792413000001,"LU15":1110,"LABEL15":"RESIDENTIAL, HIGH DENSITY OR MULTIPLE DWELLING","TYPE15":"URBAN","IS15":82.819932249999994,"DV15":0}},{"type":"Feature","id":9304,"geometry":{"type":"Polygon","coordinates":[[[409006.20414428879,64269.23750260524],[408950.63962287374,64322.805965022584],[408852.85701002995,64410.640106940336],[408761.45496186387,64312.404411022086],[408776.25480103528,64297.83751102088],[408729.97142904077,64248.695548943251],[408681.11063436622,64196.817043769064],[408727.40089611651,64152.366345273651],[408739.39791936631,64140.846027114603],[408750.30111278396,64152.366345274117],[408798.45062278345,64203.241243517463],[408833.50337420474,64240.277914846483],[408905.38249553472,64172.835792519843],[408885.28935986495,64152.366345266499],[408808.67698028195,64074.319913441286],[408834.7523874566,64049.281249610161],[408928.49235745461,64151.695742934033],[408927.7210335338,64152.366345273542],[408911.2975099528,64166.643219609941],[408918.66199653328,64174.604161698684],[409006.20414428879,64269.23750260524]]]},"properties":{"OBJECTID":9304,"ACRES":1.02660745,"LU15":1110,"LABEL15":"RESIDENTIAL, HIGH DENSITY OR MULTIPLE DWELLING","TYPE15":"URBAN","IS15":81.273737690000004,"DV15":0}},{"type":"Feature","id":9305,"geometry":{"type":"Polygon","coordinates":[[[407958.3906231157,64512.679929100043],[407868.69920145487,64415.521330772972],[407903.82708395278,64378.900669106435],[407721.47147753311,64180.842666270437],[407601.40183578519,64293.916259017489],[407574.02623436839,64319.465092430379],[407574.02623437415,64311.514320935028],[407570.55412845692,64299.361458116167],[407547.98461978376,64257.694874774206],[407539.30419094616,64234.257257610516],[407538.4360824512,64224.708720263661],[407538.43608245143,64219.500397357631],[407538.43608245824,64216.89607186315],[407541.040407956,64212.55585743457],[407547.9846197897,64206.479426023114],[407551.45705378521,64203.007320107528],[407553.19294269889,64197.798997181926],[407553.19294270722,64190.854457273119],[407544.59551895689,64177.604155689856],[407527.20316528494,64159.776435432825],[407521.58244161855,64152.366345273134],[407469.18458053854,64083.287087110475],[407468.19048803189,64042.99845377764],[407467.46870470548,64013.677318193557],[407431.37297636498,63938.903845680696],[407406.74047970562,63799.500909270857],[407407.08168636862,63741.449844273549],[407667.81344836601,63485.061905601382],[407476.37616721017,63294.901196690953],[407294.09601995745,63098.713596939451],[407111.76994103927,62898.36918134868],[406879.29632462008,63118.769331095988],[406773.73846486665,63215.580161106853],[406773.31917437009,63215.966971354188],[406756.86973220797,63199.277372186218],[406728.19721736899,63226.70251418939],[406686.80622403591,63208.306553614457],[406674.23078986682,63202.719294440612],[406582.5705401196,63105.065290279344],[406614.26667095243,63075.852750277481],[406598.33199153154,63060.646087769921],[406612.08294828591,63044.998481267125],[406569.92948928289,62996.213473849079],[406548.58438761329,63016.738367185004],[406516.56345428742,62990.055349682814],[406499.73245120171,63006.065816351562],[406387.6919928728,62889.195643275591],[406400.0859969547,62877.055575687853],[406394.33896119933,62870.542137272721],[406422.11679278291,62846.236411602986],[406380.06832045253,62803.498636194854],[406325.6806339529,62859.513944107326],[406178.94634736946,62715.007343353253],[406139.27319836814,62753.851425766828],[406128.14133087208,62742.716277440333],[406065.83174420474,62805.327700775502],[406041.19596670393,62779.550193281735],[406018.06281087163,62800.107894940425],[405986.36963278503,62769.271342432839],[405962.38346028107,62792.401217436491],[405960.86345020204,62790.78015767748],[405957.61181628855,62793.522278195516],[405794.64363829,62622.323473609467],[405779.66040053329,62633.800156684367],[405703.27144570585,62555.674984854988],[405716.32063220249,62542.978487941051],[405663.21017412096,62490.872292935201],[405509.59466770187,62337.762034862135],[405455.40842437244,62279.471469028111],[405463.21024603478,62270.852719852213],[405418.46296020178,62224.054585101672],[405413.53842936741,62228.569011766813],[405202.12776295375,62013.464127018568],[405195.86169936834,62006.818142938755],[405036.40565345151,61843.782707864251],[405017.69046778447,61852.101916948661],[404919.69985012343,61948.195228685538],[404888.18744595069,61966.623669524772],[404885.21829178563,61978.572464520796],[404881.33378511912,61982.470094520228],[404869.34233928786,61984.182689520043],[404647.90839895926,62182.489707606204],[404546.18616145226,62275.006254853513],[404525.64125503466,62256.972826357982],[404516.80695511983,62258.135225602426],[404505.75874886598,62263.659492777006],[404493.32931178476,62265.73101093703],[404475.37560753757,62265.731010941628],[404468.47043761943,62269.87404727847],[404455.746053615,62285.208662270328],[404456.23850670358,62287.424209016252],[404462.59020003019,62294.622357351873],[404462.62792961911,62294.665008196309],[404462.66565920791,62294.707659029191],[404466.52063836774,62301.987828185884],[404465.45108670328,62307.128894015645],[404463.30870253337,62310.983873193712],[404457.95438253647,62317.834253189481],[404431.60929087549,62342.689846525769],[404416.42231336952,62356.236407352961],[404377.00310086983,62379.084130695686],[404366.29741362319,62385.934510687242],[404376.57659253693,62400.928247106101],[404332.88868778379,62421.485948768204],[404322.39330195647,62409.064713769876],[404313.82704611641,62408.634924614576],[404302.26210861735,62407.352118774979],[404290.70045195112,62401.354755439221],[404281.27789862402,62393.21796068921],[404266.16572412592,62373.732763440006],[404226.96698361752,62331.384094854555],[404228.85674361297,62329.579636528673],[404260.42820278433,62299.176154021523],[404237.9446519512,62277.857299026706],[404437.92161420343,62082.831114268585],[404347.62619112019,61987.748955363779],[404308.09543028375,62019.802697019004],[404222.09166527732,61924.031891186554],[404427.31468003371,61720.754082518179],[404341.313867783,61636.705694186603],[404095.4413280373,61871.479174773274],[404045.93978661933,61821.128225605018],[404235.0181486173,61638.113171693083],[404312.75749445107,61564.441731112776],[404305.90711445134,61556.731772774743],[404321.75025862042,61540.458839441962],[404318.75157694978,61534.887984444853],[404373.15107445553,61480.921556935296],[404381.28458837338,61485.206325270985],[404393.41022028698,61472.594801930987],[404398.88002562372,61478.292625202252],[404435.77234028879,61440.315010854538],[404430.11388703622,61434.420665692363],[404446.13354003557,61417.758953609817],[404506.30172678491,61368.700652772772],[404491.88836978632,61352.365383603195],[404529.47983003594,61316.023264685849],[404574.88032978307,61268.483989689208],[404644.69318228046,61200.380123280222],[404584.73267228564,61137.420931607543],[404564.89675395569,61155.954359097152],[404415.12310336507,61295.895352190943],[404256.21889362118,61443.661132768095],[404248.72547028575,61434.665087771602],[404243.17101945041,61440.048935278952],[404235.63494528888,61447.355351110273],[404087.89541137312,61590.570615856799],[404074.40790553996,61577.748791104597],[404071.26814803656,61574.759951937478],[404065.44138803397,61574.759951941254],[404049.94601219823,61576.912178610779],[404040.47063745401,61577.345248598118],[404031.00215244933,61577.345248600213],[404012.29910586524,61577.376416517247],[404001.01435153483,61579.980742027423],[403984.52127428539,61586.057173439549],[403967.16041662602,61591.265496360124],[403948.06301386812,61593.001385271185],[403935.91015103745,61591.265496355416],[403923.75761628599,61590.397387854959],[403880.21669287921,61604.160483693377],[403896.62348420237,61623.157821023247],[403881.66485270567,61641.108572524383],[403843.75810436445,61677.515980019671],[403840.28534228978,61673.809950692463],[403840.22103795724,61673.875895441524],[403830.88870753488,61664.271583935311],[403827.05538187019,61735.76717585844],[403815.74963020463,61752.991878938854],[403801.54034103604,61855.88209310887],[403758.09882686986,61909.65856035013],[403726.40269603371,61875.822998094874],[403653.59083378641,61943.067286188991],[403686.99955961597,61979.044904524548],[403609.10929545783,62052.194364527939],[403553.39648036502,62061.754056684229],[403529.36929744884,62034.480161100539],[403492.97730986524,62069.845247853176],[403490.93663153885,62070.042754018228],[403490.80539820658,62070.164472938566],[403458.25756303821,62074.948256013733],[403432.56306061754,62058.976175098433],[403362.42409328965,62040.226212609567],[403359.53072636802,62037.746230688703],[403364.70853753464,62032.690794600952],[403375.6593030346,62020.827301274519],[403397.36070320237,62000.2108726882],[403389.76524595148,61990.445472273772],[403373.48935986741,61976.339529356017],[403402.12775403424,61948.175543693003],[403416.40922153823,61933.877672016934],[403502.18988986802,61855.262015604079],[403469.0337882078,61822.972053946374],[403409.25044320215,61764.733981441765],[403445.00168403337,61726.616931684264],[403518.84339986765,61759.96693060801],[403525.75283487467,61764.802878945862],[403566.50111295551,61793.32316310532],[403595.02828687179,61762.88063869458],[403546.01526153745,61718.092998601933],[403544.93028994364,61709.412241676415],[403547.10056120256,61703.987055703445],[403569.51193370868,61679.758429606176],[403569.52932211902,61679.622275019661],[403535.53299903771,61645.616437522505],[403612.46886878664,61568.240936100781],[403855.35585020215,61324.635452193535],[403874.29610103514,61316.026545514324],[403942.31794661749,61253.172340516823],[403974.17483829241,61229.064449102865],[403942.90849662159,61183.447742437471],[403921.47153162479,61145.327739942259],[403917.34752411977,61093.024694942265],[403985.78242661984,61016.68265602451],[404053.07264637173,60956.715584361664],[404152.6885888672,60867.929344601675],[404172.34963878291,60852.52058277301],[404179.78171053185,60846.69579126859],[404278.87632861926,60743.519816522763],[403786.18932187121,60225.435878930934],[403535.09664819948,59961.407207528682],[403534.18785736797,59960.452485020971],[403315.34938428813,59738.697023019668],[403283.64144245343,59705.985146191837],[403233.69928511675,59654.461627192941],[403223.3807362009,59643.812042188394],[403136.56332453701,59606.449584107948],[403021.68297686562,59482.277260271803],[402982.08594320185,59515.086249771608],[402909.67926386837,59582.967019521937],[403032.17278528388,59702.738433518593],[402756.24190669577,59957.253672518229],[402752.21960502997,59960.964295025129],[402395.51592212275,60301.552196521669],[402375.47068662511,60320.691922014979],[402281.44725261396,60408.962086687607],[402257.46173628484,60431.480086270189],[402215.46542920516,60383.719683108575],[402216.71411436872,60383.027755355164],[402221.40242521022,60379.382749520613],[402224.78824520286,60374.953624520618],[402225.80530353985,60371.101926191404],[402204.38900778955,60339.811962529995],[402207.49661311531,60336.916627110753],[402205.33618436463,60332.496360355755],[402205.25416353421,60323.126300354888],[402208.38079770125,60318.43798952295],[402262.07196328585,60275.170359524433],[402267.33770078426,60281.020085355536],[402349.70728670462,60208.874888436025],[402031.53699129354,59876.715447762559],[402016.02094620396,59890.159318522004],[401997.79198003467,59868.457918361208],[402002.44781062379,59863.528138187576],[401985.6971879488,59844.684671942894],[401987.25886461628,59843.378900263597],[401998.67419612414,59831.678136261202],[401830.17223653785,59656.653223854482],[401798.17754986795,59623.821924693177],[401772.94367645093,59590.685179936016],[401706.95922836493,59517.915968522066],[401678.78146320081,59542.285998513675],[401652.7398486156,59512.77227801679],[401658.53478453116,59507.70175010059],[401656.64535262174,59505.957659108128],[401678.1121732067,59485.919641434513],[401642.89538012078,59448.631658274498],[401576.79807136545,59401.831883105544],[401559.83419453789,59418.214724358273],[401554.21084620291,59421.964716851886],[401544.04026287078,59428.742918524214],[401533.81620195409,59433.778997696863],[401517.32312470116,59439.855429105904],[401490.4134016193,59445.931860526231],[401463.50367853721,59449.403966434118],[401438.71862311783,59452.581781609704],[401438.45648453297,59456.236629931416],[401427.92829036829,59459.159852442252],[401149.19459586963,59472.614549933605],[401149.69656337035,59497.755575771189],[401075.40373295516,59499.019352777257],[401024.26374337438,59503.944211686437],[401023.80081778724,59505.947816604566],[400987.47543111892,59508.795579934304],[400942.77735779039,59515.563939109918],[400930.71996720659,59514.730607434889],[400925.60941312189,59513.444192687035],[400911.62551720045,59509.924186606593],[401216.62556336954,59212.401159600842],[401160.82875895407,59152.366174693634],[401040.39527278417,59022.785069014382],[401034.93596611428,59017.08954235923],[400865.28374636354,58840.170276771147],[400843.18077220331,58861.948448440773],[400835.78249303362,58869.238460107095],[400833.90848103323,58871.325070110361],[400687.5918445352,58734.620619102148],[400690.45437162032,58731.666228694303],[400704.70139036764,58715.65280927057],[400517.20865511138,58539.254868109267],[400580.21804353519,58472.040435599862],[400485.84159187239,58380.216144191982],[400465.92037187296,58401.078963355954],[400422.90831878601,58446.128085855271],[400422.26527545461,58446.800656687345],[400384.1846429492,58413.519883353358],[400302.61984544882,58505.363859775454],[400335.20836295304,58540.265364768587],[400302.26551545184,58573.385377271181],[400209.20434987376,58478.936747264503],[400328.75168295158,58353.346119187227],[400367.56394128897,58312.650662523287],[400425.87747295026,58250.435891933361],[400431.59268461884,58244.336822773963],[400503.09549436934,58168.041043599427],[400515.96948436805,58155.714952767426],[400613.48766203289,58051.014046687807],[400731.97003661934,57923.805311607379],[400737.91490661702,57917.483145763639],[400825.86748661619,57823.964960108497],[401014.40877620259,57992.930501440467],[400973.78451362037,58038.680738017007],[400908.17309628846,58112.747190940878],[400846.76672303752,58182.066606113105],[400936.68156945682,58265.015915262869],[400943.13496861304,58270.967346943711],[400696.81590745377,58533.992411441206],[400670.79758678476,58561.774836191093],[400765.65664903651,58650.954447856464],[400801.68807303434,58618.726493941547],[400890.55042812182,58521.678787771976],[401040.36279252759,58667.741159679405],[401083.80168203358,58626.23238444345],[401142.18017420394,58677.132217016428],[401180.14269670105,58718.090140355009],[401095.2114361134,58793.480737610174],[401025.93992111995,58853.313295102394],[401117.5968900352,58953.529630102712],[401259.53230170265,58826.203769266765],[401270.74323728489,58815.833055105541],[401326.12698478519,58764.602514524056],[401540.40838036378,58568.090112269572],[401744.67995345441,58376.994365866682],[401921.33708044939,58565.934604771166],[402059.10255295201,58436.272462522327],[401971.05810961913,58338.972788364677],[401966.1365315346,58333.855672602447],[402050.44508994988,58257.978199680299],[402055.45098545391,58262.729174433611],[402117.43937853602,58206.725349439526],[402028.51862461778,58109.720622193607],[401995.06396711944,58140.055535272098],[401880.15901320416,58244.468056107871],[401812.37043487252,58179.461624440788],[401812.6000932047,58179.241808603234],[401794.27663903747,58161.335020268649],[401693.09869178763,58062.483183850818],[401681.36741603416,58052.032745439654],[401852.74732261745,57858.203736770265],[401666.12696095451,57687.102701014053],[401771.80457112205,57571.278785688301],[401803.86979570164,57536.134827099748],[401706.13573920156,57447.871880271625],[401611.36657178245,57362.286421527351],[401555.19345578621,57419.336832359353],[401477.13061978761,57350.324503182543],[401394.00480178738,57443.587768100777],[401382.70823645027,57433.434573197017],[401283.49583645503,57338.024659027564],[401171.05478837312,57229.897906777005],[401093.17075778032,57155.777320105728],[400916.37288303475,57342.726093189769],[400912.37682803441,57339.031874853477],[400729.87686495663,57170.350781775269],[400638.68610245123,57266.443109264721],[400620.9400749511,57285.143859274911],[400484.48201453505,57428.934910272095],[400233.09865903849,57693.828409353504],[400226.72071903537,57700.550836867049],[400191.8133085341,57737.333899772246],[400107.25507870264,57648.78092726515],[400065.67839021061,57693.751637855465],[400000.00004386489,57759.700981020389],[399993.16049061948,57766.568749439604],[399932.14552078757,57827.836015360605],[399840.11978620064,57734.802736850492],[399766.98902694392,57669.555492021682],[399687.24213920551,57759.935560610487],[399618.51261786808,57702.236857104486],[399705.1095575401,57614.347269101745],[399647.19989645516,57562.680049609131],[399564.62755503808,57653.087021028281],[399481.05357519892,57735.328982518411],[399364.80708853935,57636.052606276309],[399446.92405028502,57544.23159569328],[399372.56724361825,57475.465329025472],[399330.57257695339,57520.413073778916],[399313.87641611887,57538.283772943134],[399270.91029469843,57584.300741277744],[399221.17942304176,57634.159565445705],[399315.76289528207,57725.271916019534],[399311.41251028655,57729.530437685542],[399283.28887886967,57757.040225188452],[399219.91302136716,57825.928210772909],[399176.9370574503,57874.711249694323],[399075.77485820412,57780.423708605296],[398994.70973161509,57872.387763521838],[399093.01662162261,57958.257342438163],[399008.31534745323,58046.443189684454],[398917.56388853409,57959.904320768917],[398901.783080202,57977.437422189789],[398793.6484539563,57870.268673270482],[398825.23008370289,57842.954751526056],[398818.97747153585,57837.397019858756],[399020.37437844806,57626.844947515609],[399129.83282096282,57508.053190353858],[399238.44185569877,57389.261761270325],[399233.35098661919,57377.382848021036],[399224.28177903371,57369.220462764133],[399225.39529386658,57367.939297358716],[399241.15313636756,57349.789727348943],[399256.8716088715,57331.686089018753],[399253.63014553697,57328.441344850457],[399341.70017936605,57234.722044102717],[399393.7985003707,57280.130745934781],[399516.56006586883,57149.143147020121],[399476.53586769744,57110.628460274093],[399477.1080450358,57109.989682023683],[399494.04469095316,57091.983156359784],[399490.63984211697,57088.577979439404],[399520.6296115396,57054.089859436448],[399722.55998194707,56841.163119933713],[399876.92483070376,56671.505322774603],[399883.31523787044,56678.123091691494],[399895.06062120339,56665.888864193839],[400019.35203928332,56784.300700845859],[400061.4287267839,56742.840810021517],[400105.70160411811,56782.665861597285],[400132.69597270718,56806.947965282678],[400153.44986820163,56825.616563103649],[400113.53196903318,56872.224081434862],[400070.29780353996,56915.037644116288],[400167.87634853629,56999.040428853237],[400202.76735486975,56963.670748934193],[400230.76926736714,56936.646524772179],[400321.63555545319,57026.049561190113],[400342.10795544955,57003.234646193334],[400522.82642603386,57167.578477605712],[400616.37643578544,57061.413663686151],[400446.4063032876,56904.540617856699],[400326.29433878884,56793.683884190832],[400228.32143761934,56702.934065688481],[400203.5698467035,56680.006946190239],[400160.60208486824,56640.206172775434],[400263.77412261924,56529.038744192992],[400183.73688111868,56450.014952108446],[400165.50791495247,56472.150406514047],[399949.36202178861,56270.327319360062],[400038.64137078717,56181.944294018766],[400142.93807820062,56274.950341605327],[400145.31340154121,56277.102568273709],[400336.97017044341,56450.170135519416],[400424.87681878568,56352.483323023662],[400324.00103628339,56258.444469099792],[400454.91317603434,56114.783011023806],[400553.12164103152,56209.970156604541],[400644.38523803419,56298.756396358083],[400672.40880403458,56269.81386893944],[400766.04477161879,56360.455748022192],[400871.40906220046,56252.883456605094],[400879.59474136739,56243.890692441404],[401074.22066445003,56418.71678635478],[401099.5030942054,56391.229964691971],[401286.80947811768,56565.714851941746],[401260.73013395013,56593.185269439338],[401347.12431811908,56676.682805847202],[401355.97928728559,56685.006280027555],[401329.82448395091,56713.946510851994],[401424.64417619992,56807.965351690662],[401419.06315062015,56813.59198085111],[401382.69511311379,56851.417036437786],[401573.59729037364,57025.619772027072],[401589.99522344954,57010.203136185417],[401679.76866595552,57094.507429518766],[401726.33583003364,57048.916969520193],[401818.03807445016,57135.956165525728],[401753.46635320358,57207.745720106046],[401820.22474987037,57272.050053430903],[401837.85266736825,57253.172138442882],[402145.37567436916,57552.72272043697],[402203.44642436987,57611.682576269835],[402268.10869661928,57677.335660198638],[402273.59753078542,57682.909796019776],[402379.62750245171,57790.560499357038],[402417.2819547031,57756.341407683183],[402438.19070553163,57737.355225186751],[402550.64782970527,57865.547554104225],[402603.97810362163,57817.778620773061],[402662.86578112346,57882.660380771908],[402657.97405861871,57887.151841605955],[402574.7097894547,57963.565730767587],[402571.9079577885,57966.134623271762],[402554.2797122036,57981.840628595783],[402629.99576811504,58070.850621188903],[402656.87694795144,58049.067528272077],[402750.001761703,58145.970877770895],[402817.68863420561,58082.266608858336],[402904.92303978896,58175.016095272571],[402923.0463631149,58157.647363606869],[403001.58623228531,58242.230527772728],[403140.62499620259,58112.486364696488],[403182.43593620585,58143.828493601381],[403254.03389012278,58189.382864439169],[403283.64144245099,58208.225346436251],[403310.1591059526,58225.101296941146],[403335.93989428738,58240.672131935346],[403310.30674344825,58267.689794442973],[403283.64144245349,58291.84591410443],[403219.37483870116,58350.065285853008],[403283.64144245384,58420.807270357749],[403310.93338262348,58450.849205025057],[403380.25739095453,58528.037698942426],[403390.3754809539,58518.342836442163],[403553.59726737021,58370.376925029712],[403778.67293270084,58159.904576938156],[403864.31908686884,58241.272524440566],[403909.00108411652,58200.983891105898],[403982.84936161985,58286.236345267243],[403977.76013295329,58291.053920942279],[404050.33872795268,58373.460908359026],[404038.72687453363,58384.143629770333],[404111.8947072064,58466.869842267857],[404138.77129386098,58444.320346681088],[404238.62050361658,58558.264016435962],[404183.30860636558,58611.899079767201],[404249.23071861773,58687.342170354925],[404355.80301203276,58805.353417271748],[404360.89388111804,58810.444614429762],[404385.17795328121,58786.445318603604],[404385.36594503646,58786.65299536143],[404387.4843791172,58784.165467522973],[404398.25305836828,58771.521792024774],[404579.25696145248,58605.872188939225],[404724.99846786802,58759.356462015829],[405097.9990341969,59152.366174686722],[405609.74243328196,59691.561290517289],[405889.30945945199,59987.571853363181],[406169.8177567047,60287.345532023741],[406251.07776478492,60372.896542018039],[405849.71931553481,60747.604454023582],[405846.83874386724,60750.626101520153],[405935.67419611727,60841.269292931611],[405939.60135361803,60846.454650024738],[405941.2450511225,60848.62492127969],[405845.2278547007,60940.793700194568],[405933.56133945182,61036.807287692602],[405937.39991445484,61040.649143525712],[406034.4079225348,60945.331092684813],[406043.86656503653,60955.301545186237],[406218.70250145195,61139.556754108315],[406124.73254503147,61233.526382440978],[406219.46693561715,61334.235170525673],[406238.24314478482,61316.3119780204],[406328.70884312224,61410.189743030838],[406350.90072787093,61385.442417188664],[406449.15840537398,61483.06394110887],[406539.50960261922,61584.294381685751],[406593.27918012411,61534.36961276886],[406680.33970153535,61635.032469187187],[406557.00300595502,61753.70381977105],[406649.17801845126,61845.878832264956],[406776.35000820167,61726.823624185941],[406688.08902986842,61628.146000022942],[406786.15641904145,61536.928662769053],[406690.57262070291,61435.793694438718],[406646.19246011658,61481.026543601904],[406552.31141428562,61375.199655515484],[406492.57039203815,61428.966280266846],[406315.54942062148,61236.744879937214],[406448.40381370345,61108.497104936978],[406446.24502536922,61106.413775779038],[406353.95190286898,61017.388035190539],[406351.96371786867,61015.475309348942],[406336.632055617,61031.197062690597],[406310.17541561933,61058.349239352698],[406309.62751644984,61057.758689349925],[406284.115756449,61080.547357685587],[406192.79704145307,60981.118422686937],[406208.58441145113,60966.610577690306],[406116.297522537,60867.86700877898],[406130.22137920425,60854.697743771423],[406133.141320872,60851.90247376819],[406139.55731852795,60845.768299688469],[406144.93919753988,60840.622968774158],[406438.24635370541,60569.953562608018],[406694.00437236327,60838.926777941182],[406698.67135778686,60843.849340266279],[406787.67216403788,60937.716278516258],[406925.66106128693,61080.042109356225],[407087.94452937297,61251.006662442865],[407245.45766579168,61419.366561941191],[407363.59424053913,61544.727203604401],[407362.98072470713,61545.321034439286],[407236.98327328067,61663.444485849323],[407423.82049804047,61862.771843113551],[407551.10075528373,61743.477134189452],[407551.2680777894,61743.322935023025],[407683.28257753624,61881.055927265108],[407830.81541895226,62037.702923689423],[407973.57431978622,62187.840746772483],[408116.76661870233,62341.010059856562],[408258.65970761969,62489.412322105411],[408283.64128495409,62515.950326773265],[408397.94781487423,62637.378233531839],[408537.23592211877,62786.646635770085],[408680.42822103866,62934.179477185338],[408932.53434411855,63200.170086936989],[408940.25742579019,63208.329519442683],[409208.50557695195,63491.764648098368],[409216.96684612148,63500.691795607796],[409309.89677837479,63598.759512856035],[409396.8290192078,63690.501455360878],[409408.43660753412,63702.348544519744],[409439.3519000368,63733.890804267736],[409467.12448228872,63781.620367600321],[409476.38365012174,63817.734468604765],[409479.87084786803,63848.430273361417],[409480.63200119999,63866.933517191232],[409481.38396820525,63885.205790358094],[409476.97091929015,63905.486261613041],[409472.69533728715,63925.13615668851],[409468.4338628673,63944.720763184341],[409462.99489736854,63959.528476348729],[409456.93847903347,63976.017616605917],[409450.64879345091,63985.102572184987],[409434.77579370188,64008.03067593876],[409408.31980986497,64038.895443602538],[409424.61439670151,64049.300934603336],[409325.78749462782,64152.366345268922],[409324.25042420486,64153.969360442818],[409322.77175261837,64152.366345271417],[409230.49044112489,64052.335705440681],[409188.67293945124,64092.273289608594],[409100.80861386796,63999.241651519747],[409096.57633887004,63994.074339017228],[409105.97920719947,63983.267274021935],[409047.95110803843,63919.366483191923],[408949.74559578451,64017.095946516267],[408883.85333912214,63946.853304855664],[408979.47027387453,63854.992924283943],[408919.95562912349,63786.872981774315],[408947.18096836878,63760.64042268684],[408855.27334378718,63655.329609685497],[408892.35036937101,63625.736164938106],[408801.24720511743,63531.66253418733],[408738.04621603852,63593.510179523008],[408730.32313436968,63600.570532855185],[408634.7357271199,63500.291533936936],[408356.08438153635,63204.569684443653],[408352.67231486982,63207.132015270581],[408283.64128495392,63132.26897601672],[408231.47800345183,63075.698551108435],[408170.96631345386,63008.680640519538],[408179.87705679145,63000.199686353684],[408240.84150178713,62941.564633016453],[408060.28379203525,62746.925586609766],[407981.21177169919,62821.479571356605],[407952.00185636984,62849.020198692335],[407855.48302053637,62748.456095361675],[407801.81810162007,62800.188603444854],[407709.44066169963,62700.754091017181],[407708.78777586838,62700.117609354187],[407763.79094670102,62648.979260190536],[407756.96681336721,62643.001581861667],[407673.75175670342,62554.264554607042],[407613.98120695318,62607.686691850802],[407517.14413028426,62513.277103763336],[407578.31854862638,62452.499666267744],[407647.72129694873,62383.552625689532],[407556.40258195088,62286.259513187601],[407424.97207053832,62414.277957941114],[407337.06542220351,62316.98123652213],[407147.9175065381,62117.461950522149],[407055.10830895125,62205.630737447515],[407237.20965078933,62408.300279612937],[407517.99714695255,62703.595292682548],[407606.2699362865,62796.569844273166],[407577.73784111883,62823.07700910898],[407669.05688420089,62923.785797186785],[407764.61443586805,63025.957508853993],[407787.65900920547,63004.45820802221],[408283.64128495177,63521.306583771089],[408345.09687070822,63585.347466187195],[408305.71341928752,63625.107885358506],[408401.03179819841,63719.707761775142],[408342.28519653407,63771.407133441433],[408334.0634282066,63779.0744409334],[408523.6565529533,63976.679360690519],[408484.4702796191,64011.249501514969],[408579.53242545167,64110.232571269204],[408535.07549337129,64152.366345273054],[408405.00160654116,64275.642673531438],[408341.82292712369,64338.537560855759],[408318.84692320233,64361.410218526849],[408307.30134261947,64372.161837432199],[408283.64128495124,64394.202475773018],[408244.50291178946,64430.662376606859],[408142.9903195377,64334.802660195928],[407958.3906231157,64512.679929100043]],[[405033.62383486785,60035.304697524822],[404959.36184428976,60106.866562271345],[405142.09146570251,60301.167682859756],[405143.21351070248,60300.239207030114],[405152.8591607014,60291.787780355924],[405295.5691771211,60162.269994773633],[405108.15780653141,59963.480694192695],[405009.84402678418,59866.308644434364],[404733.9059303684,59573.034296608341],[404600.63159061479,59699.195789684309],[404688.44965644862,59800.190010282764],[404730.60541203187,59764.796052182181],[404919.58830179233,59957.94592834662],[404941.47933412262,59935.719594852068],[405033.62383486785,60035.304697524822]],[[404120.77395453519,59036.914962017145],[404175.72003887116,58987.42424735659],[404272.67227278487,58889.504167596613],[404093.58109553234,58690.271954524214],[404102.37044803618,58681.482602030112],[404006.4188682955,58568.680662273146],[403979.59805578669,58592.647149766519],[403923.20249928458,58526.748003356086],[403829.22729353548,58619.98206885199],[403890.1592582906,58684.074460356453],[403988.94482186908,58789.013554937483],[403934.94099287095,58844.384835271441],[404025.73149370204,58937.720934690289],[404120.77395453519,59036.914962017145]],[[405749.55416153412,60645.562991432329],[405816.37423786806,60583.834112269353],[405729.82618261722,60486.46750910925],[405757.1906292006,60459.739216105925],[405762.2818263651,60455.284500608883],[405702.46173604572,60383.37322710744],[405594.0990918664,60478.918967771271],[405477.89656837238,60355.663964939762],[405401.76351853728,60428.45417368428],[405588.75822328415,60626.423594019427],[405663.02972828434,60552.033650937912],[405749.55416153412,60645.562991432329]],[[403156.53375703812,58729.740379521194],[403002.18990562094,58557.092758939099],[402883.47590420418,58660.793667026708],[402958.70902145159,58748.083518681342],[402876.08418669685,58819.665068436596],[402955.69721645286,58913.139290946463],[403156.53375703812,58729.740379521194]]]},"properties":{"OBJECTID":9305,"ACRES":415.95166207,"LU15":1110,"LABEL15":"RESIDENTIAL, HIGH DENSITY OR MULTIPLE DWELLING","TYPE15":"URBAN","IS15":81.992295189999993,"DV15":0}},{"type":"Feature","id":9309,"geometry":{"type":"Polygon","coordinates":[[[408554.78181878902,64831.787558606469],[408510.50041128672,64908.631565021242],[408463.62681736983,64967.246933358096],[408283.64128495037,64772.330984603213],[408278.53171512432,64766.797531101431],[408181.62902179232,64858.808501935579],[408001.53390953632,64665.695043021042],[408165.41514345072,64502.217351603889],[408255.30669595313,64599.776539684848],[408264.06652095268,64591.905820525979],[408283.64128495741,64574.563335523344],[408366.46165736858,64501.187169938748],[408460.62813570129,64594.149910512999],[408445.68065903097,64609.094106356009],[408582.15709211543,64739.317271105036],[408554.78181878902,64831.787558606469]]]},"properties":{"OBJECTID":9309,"ACRES":3.2029630199999999,"LU15":1110,"LABEL15":"RESIDENTIAL, HIGH DENSITY OR MULTIPLE DWELLING","TYPE15":"URBAN","IS15":79.365254849999999,"DV15":0}},{"type":"Feature","id":9311,"geometry":{"type":"Polygon","coordinates":[[[408001.53390953632,64665.695043021042],[407862.09488394595,64793.168869436115],[407951.72068895458,64890.764146691021],[408047.31465787039,64988.362376685931],[408008.08245287114,65024.727461435279],[407903.43994561711,65116.702343108016],[407895.91371395532,65123.762696435006],[407761.82572753087,65249.599387019814],[407760.05735837255,65250.042299519606],[407711.00561920356,65198.77599786115],[407584.34543945041,65056.820573107478],[407561.28446195106,65030.803564775844],[407558.00494095113,65027.441366781743],[407663.00637137052,64929.039988768265],[407659.09594612417,64774.187936273207],[407657.35972911201,64753.354644601568],[407636.52643745288,64712.555841684676],[407626.97822820122,64683.90990160418],[407618.64261495083,64640.843386688612],[407622.56124228513,64637.466424930462],[407804.73049737088,64470.210525850889],[408001.53390953632,64665.695043021042]]]},"properties":{"OBJECTID":9311,"ACRES":4.6442681500000003,"LU15":1110,"LABEL15":"RESIDENTIAL, HIGH DENSITY OR MULTIPLE DWELLING","TYPE15":"URBAN","IS15":85.218288130000005,"DV15":0}},{"type":"Feature","id":9313,"geometry":{"type":"Polygon","coordinates":[[[407980.06380811956,65973.811849357051],[407889.34548560972,66061.610558279892],[407801.7501883693,65972.315789349901],[407728.43996753742,66042.896684937048],[407630.67375886923,65935.260745353808],[407543.19066611858,65838.946305435253],[407627.4096577866,65754.750279605432],[407632.62618278421,65749.858557106825],[407664.47027920332,65720.006254612046],[407814.8177475367,65579.110539026937],[407872.638498038,65524.92363952352],[407964.47919361986,65621.029418443839],[408041.78645370476,65547.33894901794],[408045.50035703549,65543.79564902671],[408119.53236120567,65474.750183437151],[408176.62247012526,65422.243726775756],[408277.5212184519,65322.840710361714],[408283.64128495514,65316.947677527889],[408317.87907737162,65283.979239520741],[408415.78570570482,65384.127005102695],[408448.70230654185,65383.926874274206],[408456.04809236707,65343.007992855884],[408465.47064570221,65290.534344516003],[408487.94140129164,65242.086278689923],[408504.84425461746,65199.799617853685],[408507.00304295344,65194.937422853814],[408575.96615962352,65038.205124776396],[408634.1484579547,64905.97966743596],[408680.72349603963,64947.778140272945],[408719.63155470404,64904.358935769225],[408738.80376045359,64862.067681769593],[408745.00617586949,64864.886901852209],[408864.9941248704,64755.453065603804],[408861.1076496999,64751.194543937163],[408958.1852114505,64661.636980276511],[408872.04102678254,64573.065963187328],[408931.31715496106,64519.254719110024],[408943.56778661336,64508.132694104002],[408972.07199470419,64482.256761608493],[409039.50755536248,64417.84941010586],[409094.81453137053,64365.025696848017],[409187.57418837311,64274.886441443443],[409366.65814778762,64458.637386273338],[409398.05244195217,64459.335219518929],[409416.56487211678,64480.861095100961],[409138.34823695198,64745.226051934951],[409093.73841803585,64787.617699437964],[409008.31864136184,64868.789125020034],[409007.89541386894,64869.189386690799],[409008.07126653485,64869.347850937942],[409006.27074520232,64873.418708938567],[409180.75103928597,65048.836665182891],[409195.75986753457,65169.846593773291],[409211.7066860398,65179.227480521084],[409220.1492544486,65262.714846357972],[409116.96245295048,65254.27260601968],[409113.73345678853,65254.733891187272],[408929.34963920666,65329.317731516232],[408922.32799970027,65393.915043278022],[408737.16039103386,65386.367814273224],[408734.53244353546,65408.661076780059],[408728.93862270447,65525.383612349804],[408719.94815511693,65657.816746435725],[408668.67726028635,65650.230475519071],[408668.26125061623,65650.846944104735],[408667.47221020347,65650.060200272565],[408624.50346411887,65639.643554438153],[408586.83916937129,65636.13995251646],[408471.45816653612,65625.406378185871],[408443.65638487117,65624.110449015425],[408441.34667820495,65623.428035685283],[408355.15918653971,65619.008753187518],[408283.64128495078,65694.036818360575],[408232.36382845434,65747.831002104023],[408137.13403204054,65647.739010686739],[408134.09532420541,65644.54643177781],[408018.41051620024,65754.435319606433],[408112.31124703132,65852.352118521754],[408052.05218120484,65911.102001026156],[407956.64521978277,65816.698974598956],[407891.12369728764,65879.642090193331],[407980.06380811956,65973.811849357051]]]},"properties":{"OBJECTID":9313,"ACRES":18.44171905,"LU15":1110,"LABEL15":"RESIDENTIAL, HIGH DENSITY OR MULTIPLE DWELLING","TYPE15":"URBAN","IS15":87.712759070000004,"DV15":0}},{"type":"Feature","id":9314,"geometry":{"type":"Polygon","coordinates":[[[407392.86911636579,65976.413550182653],[407486.37286636699,66076.495699097766],[407310.91029078909,66239.474703860673],[407231.75034412125,66159.494220773777],[407183.26356444723,66106.557646856847],[407118.64656769973,66036.010215774673],[407276.63542495162,65896.708985191421],[407287.24563995673,65904.054771016803],[407343.04966219631,65852.749099359775],[407388.43999137031,65811.016571271903],[407416.44190387276,65835.176627939247],[407475.56252054014,65899.35661769539],[407392.86911636579,65976.413550182653]]]},"properties":{"OBJECTID":9314,"ACRES":1.8491113299999999,"LU15":1110,"LABEL15":"RESIDENTIAL, HIGH DENSITY OR MULTIPLE DWELLING","TYPE15":"URBAN","IS15":88.24230833,"DV15":0}},{"type":"Feature","id":9325,"geometry":{"type":"Polygon","coordinates":[[[408010.31341953482,69139.510898531749],[407996.03523286711,69138.287147688548],[407947.47200978646,69101.15434793313],[407935.63804395177,69119.107067940437],[407892.793641456,69089.727205434421],[407874.83435978665,69076.262665441347],[407888.71228479565,69057.086194602423],[407869.12570978521,69041.174152938649],[407854.44069978187,69051.781087107607],[407836.89152228506,69042.801446267156],[407815.67076420155,69019.136795438928],[407808.32497837604,69002.404545433441],[407823.83380561828,68986.89932709538],[407816.89451503276,68978.329790436226],[407899.38155478914,68897.470044020636],[407926.66168395104,68924.468021520021],[407929.92611312272,68918.345986530941],[407958.48904811713,68862.033763187923],[407941.34997478721,68854.691258184583],[407932.89887620235,68851.824137932781],[407949.78106028517,68809.859654938031],[407928.03799353476,68801.823909857703],[408011.12214495189,68626.286203180163],[407908.69157553843,68516.911093854345],[407921.8578877835,68504.998716095201],[407914.81459478976,68497.860607028459],[407904.18469477928,68487.079788681309],[407893.03314228402,68475.774037018666],[407872.59355061845,68453.572309770549],[407702.45248670893,68641.499099265566],[407701.49776420312,68642.555527606703],[407693.04961836629,68651.886217603125],[407678.36132754007,68661.679505103428],[407650.6117111218,68660.052211773611],[407593.58098528825,68610.517862029592],[407571.36646278331,68592.978527019688],[407571.37564911513,68592.949327605427],[407544.10798711859,68574.202974019427],[407528.40362219588,68565.637046269389],[407534.61456778238,68540.019315364712],[407545.38882445067,68481.528618685174],[407554.62437027774,68430.727867269539],[407557.22607111913,68405.35390227985],[407498.05624195421,68455.790153102644],[407497.03262195288,68456.66285476998],[407496.25178361894,68455.954194771912],[407470.86436720565,68450.307880605455],[407339.47027303401,68315.652638103202],[407335.56280053675,68301.899056690381],[407335.81542470196,68301.475829183546],[407341.92105553747,68291.167450852823],[407402.00951803639,68246.400480014607],[407437.78372470086,68219.750270854653],[407417.40318804007,68198.399263688043],[407375.79008228652,68154.804862685589],[407322.78362661717,68099.274461929046],[407205.60538328654,67986.374425271453],[407215.7402055352,67900.352615685682],[407221.95377578319,67847.614532193591],[407230.93013579125,67681.128316616596],[407232.88518436922,67600.275459940516],[407233.3546716182,67580.852598519545],[407227.10468411876,67450.576940444793],[407226.73066912009,67442.791522936677],[407224.4078391153,67394.264717098602],[407223.17752661934,67328.976133770586],[407227.25888328592,67319.592622353404],[407224.8113816182,67293.477189022247],[407219.51283579244,67270.87880902295],[407143.14783103584,67279.333516521641],[407115.04093186837,67282.866974023316],[407104.02389353706,67277.155043187158],[407092.20633187256,67269.386029858855],[407081.02197103418,67260.465444025351],[407082.06855687062,67216.413694857154],[407083.21356770484,67216.354639854602],[407077.40321187285,67147.056550099194],[407061.71754769451,67149.467962598879],[407055.68409520277,67039.674875105309],[407099.11576687125,67036.056115934145],[407097.92154354026,67000.08505928352],[407106.03176353517,66999.727448433201],[407104.02717436966,66943.775788687213],[407044.45052186784,66946.223290351656],[407029.70317603613,66681.374410602715],[406965.43132295297,66683.382280605016],[406965.43132295198,66647.230450017509],[406972.4621487828,66586.971384177348],[407031.71104603482,66578.939904188039],[407139.41489886766,66573.198445863192],[407133.70887353527,66505.386901683247],[407133.00021353504,66498.995510282548],[407135.44771519623,66460.639287773316],[407143.61042853701,66386.374344446827],[407156.97326270386,66322.706164682444],[407157.48179186811,66320.268505519096],[407167.46405536769,66291.692447191512],[407283.44085753418,66408.365770267526],[407315.22130578541,66429.8913177676],[407494.37514695816,66621.777745019383],[407684.75567170262,66825.67858394263],[407851.53388144961,67005.390166767742],[408066.40910787252,66809.523760598953],[408280.37751195492,66625.69965319075],[408280.43787928554,66625.763957519608],[408283.64128495031,66622.895853029346],[408415.06261003349,66505.227453192114],[408409.81983836798,66666.780935854738],[408436.36965403927,66665.829822277534],[408529.86881086905,66672.220885609117],[408542.75100294984,66673.101133190328],[408532.788424453,66845.387205940278],[408525.15392528393,66863.927851278204],[408488.07197844749,67294.733748183804],[408472.80265203881,67443.062191694669],[408465.4522730349,67474.112654524564],[408463.89420528687,67490.171349431927],[408458.62453078822,67544.492435017877],[408444.44608145225,67690.639124351801],[408431.35818112415,67944.760007190853],[408421.5422558774,68290.495536191433],[408392.95897969673,68382.954012686663],[408382.12599612208,68380.04752243383],[408364.37504736742,68375.285064775526],[408352.26221070439,68419.704267271358],[408283.64128495392,68401.254172939371],[408179.24713678734,68373.185331438101],[408163.73863762023,68409.094052269938],[408283.64128495555,68465.756668603935],[408357.15721403511,68500.498397029485],[408330.23469570419,68565.380157020802],[408344.09621653304,68572.315838686685],[408326.96370487066,68620.468629517884],[408283.64128495083,68602.101212192298],[408178.08572178689,68557.348677030765],[408171.56014428369,68579.943776193948],[408283.64128495142,68669.228374527243],[408335.12313737068,68710.239119273581],[408303.29544512136,68756.758055105689],[408283.64128495613,68742.215433274687],[408121.30401120294,68622.099203679143],[408096.00550536957,68680.859256770345],[408283.64128495089,68764.406333766412],[408323.28917152924,68782.059841768918],[408302.47851762269,68833.064004859712],[408283.64128495328,68825.103062774811],[408096.81915203546,68746.147840097881],[408087.842792037,68762.876809273163],[408274.32240596,68900.393266520943],[408240.0475401202,68947.319025695047],[408138.03298037185,68874.687937356866],[408056.42225119966,68808.989249858671],[408003.37445703562,68919.166194865466],[408017.65920537076,68928.956201519657],[408075.59872203483,68872.643978189983],[408144.15173453745,68959.559814855311],[408047.85271453782,69082.79152377478],[408010.31341953482,69139.510898531749]],[[407447.60489928565,67285.454567270252],[407460.25743303378,67284.09072485716],[407738.12367520179,67269.3574866009],[407723.96753553383,67063.764721936925],[407442.42840045155,67079.278142357085],[407440.41298454138,67079.389034529609],[407447.60489928565,67285.454567270252]],[[407623.52318261651,67965.006029687764],[407583.78441695235,67967.109043850054],[407550.96952195332,67971.492237189392],[407507.34428111918,67972.788166354861],[407494.81805945444,67974.586063019073],[407502.04212636978,68147.682501607327],[407664.31608003529,68145.653306185122],[407713.6565325383,67960.235698024597],[407623.52318261651,67965.006029687764]]]},"properties":{"OBJECTID":9325,"ACRES":54.403893259999997,"LU15":1110,"LABEL15":"RESIDENTIAL, HIGH DENSITY OR MULTIPLE DWELLING","TYPE15":"URBAN","IS15":86.192112280000003,"DV15":0}},{"type":"Feature","id":9326,"geometry":{"type":"Polygon","coordinates":[[[407875.86158870417,69331.599753192626],[407854.08538554126,69374.561281434406],[407834.59821978386,69395.130794102748],[407818.35875095398,69409.204912936853],[407666.79212494695,69481.740529031187],[407639.72656228731,69487.153575932491],[407573.68666811899,69495.814647859865],[407543.3734085373,69494.731972858906],[407517.390520869,69491.484275939627],[407385.31073253491,69453.592619427538],[407360.06406386715,69437.374804103194],[407298.70132570359,69401.626516023607],[407193.35376736656,69253.086786853062],[407306.58615245175,69174.764108853109],[407335.35873270681,69172.4589953502],[407337.51095937414,69140.174939180026],[407347.92760520248,69101.9807898656],[407380.91375970352,69046.42512668448],[407436.46909478784,69009.966866263814],[407488.98965903692,68994.794324435017],[407592.19352087367,68983.182142945836],[407613.56322878838,68975.254993442039],[407622.29090161534,68976.127695103656],[407627.99823928566,68976.698232013339],[407664.08543745807,68979.585365361301],[407687.18119178677,68988.246437259979],[407713.16440753551,69007.012147766436],[407745.75161270401,69030.791627778861],[407763.06391403073,69048.33489977257],[407765.77716320037,69049.764358860135],[407766.61672845145,69047.928732598142],[407795.84436029801,69129.758293356179],[407947.65573645633,69189.960928852146],[407897.6115452036,69288.690390183867],[407875.86158870417,69331.599753192626]],[[407488.55265203741,69046.425126688584],[407488.55265203788,69065.522201353378],[407453.83028053626,69081.14717010739],[407436.46909478673,69098.508355865197],[407413.89991420216,69131.494510354067],[407408.69159128575,69164.480664846909],[407412.16369720612,69199.203036356717],[407426.05244895333,69232.188862768584],[407448.62195762206,69251.286265532035],[407509.3954581194,69278.474531357351],[407512.78685553977,69279.991588696968],[407547.58042111684,69289.480742946078],[407592.71911037219,69284.272420021807],[407653.483096454,69256.494588440037],[407679.5247110374,69235.661296774837],[407700.35800270288,69211.355571108536],[407717.71918845217,69173.161093691742],[407715.98297145101,69143.647373190805],[407712.51086553576,69112.397435687933],[407693.41379086406,69091.564144022777],[407679.52471103828,69075.938847188139],[407648.27477354248,69060.313878444955],[407608.34440720559,69051.633449601839],[407606.60819020378,69034.272263849489],[407488.55265203741,69046.425126688584]]]},"properties":{"OBJECTID":9326,"ACRES":4.4946332299999998,"LU15":1110,"LABEL15":"RESIDENTIAL, HIGH DENSITY OR MULTIPLE DWELLING","TYPE15":"URBAN","IS15":80.941235879999994,"DV15":0}},{"type":"Feature","id":9327,"geometry":{"type":"Polygon","coordinates":[[[407025.5309402846,69585.887630436599],[407016.70123354159,69583.88074468961],[406988.31841628323,69562.138662190395],[406987.28167295305,69562.023833023646],[406976.71082795458,69570.009381359778],[406955.42018812633,69549.844395437685],[406915.59546461888,69512.125638854908],[406887.40654462343,69478.782529690594],[406843.68615962175,69432.903028269269],[406806.14325570007,69391.279095769991],[406799.8440557018,69374.638709110863],[406799.71938403294,69374.038316597362],[406782.47860487149,69294.980075769301],[406901.9111087934,69259.33021268771],[407013.83148862026,69152.366187768668],[407258.2693199573,68918.752809857993],[407287.63704336918,68892.333899439851],[407301.06582228746,68905.762678355663],[407317.41421479243,68922.111398931476],[407374.1221066193,68972.737610023221],[407383.28252136678,68981.794350435244],[407345.53358111728,69019.543290694724],[407324.86465920444,69040.211884517776],[407320.7803497939,69044.069488355031],[407206.11325628374,69152.366187770007],[407135.04023570381,69219.490725435666],[407091.01867019403,69261.066757765846],[407118.27845820127,69289.043735944957],[407144.86600345053,69313.825182443921],[407131.81714503514,69306.924277602549],[407117.95431187178,69306.437730024612],[407104.091478705,69317.139152196687],[407080.50031853834,69347.539681937473],[407074.70308603731,69353.757517268663],[407066.41570103494,69362.645294775895],[407033.94201270078,69379.405759934016],[406995.81840128783,69392.109146598828],[406979.93916795182,69396.078954931581],[406951.62229545129,69427.043459939523],[406999.82757962053,69480.770714688493],[407018.94040228869,69493.671935602601],[407023.96827936801,69487.424900849321],[407041.2625361174,69499.099090104908],[407039.53320887301,69503.422900362682],[407073.69062087295,69522.879226266741],[407025.5309402846,69585.887630436599]]]},"properties":{"OBJECTID":9327,"ACRES":2.7751791199999998,"LU15":1110,"LABEL15":"RESIDENTIAL, HIGH DENSITY OR MULTIPLE DWELLING","TYPE15":"URBAN","IS15":88.188504120000005,"DV15":0}},{"type":"Feature","id":9450,"geometry":{"type":"Polygon","coordinates":[[[401803.86979570164,57536.134827099748],[401771.80457112205,57571.278785688301],[401679.88185470854,57479.356397354277],[401706.13573920156,57447.871880271625],[401803.86979570164,57536.134827099748]]]},"properties":{"OBJECTID":9450,"ACRES":0.13283334999999999,"LU15":1110,"LABEL15":"RESIDENTIAL, HIGH DENSITY OR MULTIPLE DWELLING","TYPE15":"URBAN","IS15":62.892660210000003,"DV15":0}},{"type":"Feature","id":9456,"geometry":{"type":"Polygon","coordinates":[[[405377.79867145012,58036.648261770715],[405329.55500153842,58088.380769849879],[405229.77534545073,57983.871136355905],[405251.64767703618,57962.736664185075],[405264.01248170238,57950.788853441256],[405278.22669211926,57937.054628946556],[405377.79867145012,58036.648261770715]]]},"properties":{"OBJECTID":9456,"ACRES":0.22602079999999999,"LU15":1110,"LABEL15":"RESIDENTIAL, HIGH DENSITY OR MULTIPLE DWELLING","TYPE15":"URBAN","IS15":15.00391087,"DV15":0}},{"type":"Feature","id":9457,"geometry":{"type":"Polygon","coordinates":[[[409576.51107452938,62988.579630857224],[409478.92629595142,63075.612593278383],[409383.35890178627,62972.487471445536],[409463.0759339467,62907.716275519437],[409475.03457145701,62896.620497196294],[409487.37706644856,62884.999457435748],[409576.51107452938,62988.579630857224]]]},"properties":{"OBJECTID":9457,"ACRES":0.42142508000000001,"LU15":1110,"LABEL15":"RESIDENTIAL, HIGH DENSITY OR MULTIPLE DWELLING","TYPE15":"URBAN","IS15":54.012723649999998,"DV15":0}},{"type":"Feature","id":9458,"geometry":{"type":"Polygon","coordinates":[[[408240.84150178713,62941.564633016453],[408179.87705679145,63000.199686353684],[408170.96631345386,63008.680640519538],[408079.50291370245,63095.813340277382],[407896.12696811586,62901.702508019822],[407918.84608278744,62880.28161910065],[407952.00185636984,62849.020198692335],[407981.21177169919,62821.479571356605],[408060.28379203525,62746.925586609766],[408240.84150178713,62941.564633016453]]]},"properties":{"OBJECTID":9458,"ACRES":1.37232233,"LU15":1110,"LABEL15":"RESIDENTIAL, HIGH DENSITY OR MULTIPLE DWELLING","TYPE15":"URBAN","IS15":99.962896479999998,"DV15":0}},{"type":"Feature","id":9459,"geometry":{"type":"Polygon","coordinates":[[[408885.28935986495,64152.366345266499],[408905.38249553472,64172.835792519843],[408833.50337420474,64240.277914846483],[408798.45062278345,64203.241243517463],[408750.30111278396,64152.366345274117],[408739.39791936631,64140.846027114603],[408808.67698028195,64074.319913441286],[408885.28935986495,64152.366345266499]]]},"properties":{"OBJECTID":9459,"ACRES":0.30707539,"LU15":1110,"LABEL15":"RESIDENTIAL, HIGH DENSITY OR MULTIPLE DWELLING","TYPE15":"URBAN","IS15":96.418853299999995,"DV15":0}},{"type":"Feature","id":9479,"geometry":{"type":"Polygon","coordinates":[[[406988.31841628323,69562.138662190395],[407016.70123354159,69583.88074468961],[407025.5309402846,69585.887630436599],[406999.3197066157,69623.182175274807],[406993.70882545516,69615.888226606083],[406981.77315378247,69587.676340763064],[406976.71082795458,69570.009381359778],[406987.28167295305,69562.023833023646],[406988.31841628323,69562.138662190395]]]},"properties":{"OBJECTID":9479,"ACRES":0.03307446,"LU15":1110,"LABEL15":"RESIDENTIAL, HIGH DENSITY OR MULTIPLE DWELLING","TYPE15":"URBAN","IS15":0,"DV15":0}},{"type":"Feature","id":9484,"geometry":{"type":"Polygon","coordinates":[[[407437.78372470086,68219.750270854653],[407402.00951803639,68246.400480014607],[407341.92105553747,68291.167450852823],[407335.81542470196,68301.475829183546],[407334.12087428139,68286.536882684028],[407334.12087428261,68274.557575933708],[407334.46798644797,68274.036579599124],[407342.45419095457,68262.057600933738],[407417.40318804007,68198.399263688043],[407437.78372470086,68219.750270854653]]]},"properties":{"OBJECTID":9484,"ACRES":0.069880999999999999,"LU15":1110,"LABEL15":"RESIDENTIAL, HIGH DENSITY OR MULTIPLE DWELLING","TYPE15":"URBAN","IS15":98.12804448,"DV15":0}},{"type":"Feature","id":9555,"geometry":{"type":"Polygon","coordinates":[[[401585.84464120393,57611.682576267885],[401406.43194228696,57798.191717684691],[401298.12507228157,57694.291006854328],[401469.96232703672,57511.856660433979],[401585.84464120393,57611.682576267885]]]},"properties":{"OBJECTID":9555,"ACRES":0.88540361000000001,"LU15":1120,"LABEL15":"RESIDENTIAL, SINGLE UNIT, MEDIUM DENSITY","TYPE15":"URBAN","IS15":73.048118090000003,"DV15":0}},{"type":"Feature","id":9560,"geometry":{"type":"Polygon","coordinates":[[[400943.13496861304,58270.967346943711],[400936.68156945682,58265.015915262869],[400846.76672303752,58182.066606113105],[400908.17309628846,58112.747190940878],[400973.78451362037,58038.680738017007],[401014.40877620259,57992.930501440467],[400825.86748661619,57823.964960108497],[400971.201513534,57669.434101180959],[401065.6616264534,57755.514309599617],[401107.97322161752,57705.430748361789],[401202.54094586277,57796.049333521485],[401390.45428395044,57977.558813026277],[401226.79286586586,58157.7129802735],[401134.82454587094,58066.279108025898],[400943.13496861304,58270.967346943711]]]},"properties":{"OBJECTID":9560,"ACRES":3.7607825400000001,"LU15":1120,"LABEL15":"RESIDENTIAL, SINGLE UNIT, MEDIUM DENSITY","TYPE15":"URBAN","IS15":62.51866493,"DV15":0}},{"type":"Feature","id":9580,"geometry":{"type":"Polygon","coordinates":[[[404237.9446519512,62277.857299026706],[404228.8206544593,62269.209022359209],[404211.16944303457,62259.35667986505],[404182.84272803756,62264.284491521386],[404134.40778554237,62254.842253190589],[404032.18653328612,62146.469438446344],[404056.40925386094,62121.836941775291],[403933.39342378918,61994.531094021011],[403915.19529745134,61975.698454520614],[403885.09037078492,61944.350092017143],[403920.64148079022,61908.80554368841],[403926.20905495319,61913.943328691792],[403946.3402482805,61931.502348679976],[403977.60658995429,61897.666786442082],[403964.75556578755,61883.96274559747],[403984.88675912574,61865.544147268403],[403995.16560995107,61873.250824773837],[403996.87820495211,61871.115002271959],[404033.47590078926,61834.681348106569],[404045.93978661933,61821.128225605018],[404095.4413280373,61871.479174773274],[404341.313867783,61636.705694186603],[404427.31468003371,61720.754082518179],[404222.09166527732,61924.031891186554],[404308.09543028375,62019.802697019004],[404347.62619112019,61987.748955363779],[404437.92161420343,62082.831114268585],[404237.9446519512,62277.857299026706]]]},"properties":{"OBJECTID":9580,"ACRES":3.71963862,"LU15":1120,"LABEL15":"RESIDENTIAL, SINGLE UNIT, MEDIUM DENSITY","TYPE15":"URBAN","IS15":57.762208190000003,"DV15":0}},{"type":"Feature","id":9585,"geometry":{"type":"Polygon","coordinates":[[[408001.53390953632,64665.695043021042],[407804.73049737088,64470.210525850889],[407622.56124228513,64637.466424930462],[407618.64261495083,64640.843386688612],[407611.35293136555,64603.180732356523],[407616.27090053342,64599.492419521943],[407618.72857278923,64462.299452443607],[407609.69971945259,64443.388729103412],[407589.0764011211,64390.534504105883],[407568.02329362498,64345.845945193752],[407571.42223695014,64333.215721101551],[407574.02623437269,64321.930966777931],[407574.02623436839,64319.465092430379],[407601.40183578519,64293.916259017489],[407721.47147753311,64180.842666270437],[407903.82708395278,64378.900669106435],[407868.69920145487,64415.521330772972],[407958.3906231157,64512.679929100043],[408142.9903195377,64334.802660195928],[408244.50291178946,64430.662376606859],[408283.64128495124,64394.202475773018],[408307.30134261947,64372.161837432199],[408318.84692320233,64361.410218526849],[408341.82292712369,64338.537560855759],[408431.92674954102,64431.0380320228],[408400.09019903588,64467.840779939987],[408382.87566653814,64486.639954944105],[408366.46165736858,64501.187169938748],[408283.64128495741,64574.563335523344],[408264.06652095268,64591.905820525979],[408255.30669595313,64599.776539684848],[408165.41514345072,64502.217351603889],[408001.53390953632,64665.695043021042]]]},"properties":{"OBJECTID":9585,"ACRES":3.8127824600000002,"LU15":1120,"LABEL15":"RESIDENTIAL, SINGLE UNIT, MEDIUM DENSITY","TYPE15":"URBAN","IS15":82.117789610000003,"DV15":0}},{"type":"Feature","id":9587,"geometry":{"type":"Polygon","coordinates":[[[408181.62902179232,64858.808501935579],[408093.31522203964,64942.683334185604],[408097.97072453744,64947.643954190527],[408183.12508179137,65038.109980609275],[408101.76336786628,65121.74498392683],[408008.08245287114,65024.727461435279],[408047.31465787039,64988.362376685931],[407951.72068895458,64890.764146691021],[407862.09488394595,64793.168869436115],[408001.53390953632,64665.695043021042],[408181.62902179232,64858.808501935579]]]},"properties":{"OBJECTID":9587,"ACRES":1.51073185,"LU15":1120,"LABEL15":"RESIDENTIAL, SINGLE UNIT, MEDIUM DENSITY","TYPE15":"URBAN","IS15":90.537161499999996,"DV15":0}},{"type":"Feature","id":9594,"geometry":{"type":"Polygon","coordinates":[[[407715.3753611251,66600.591763770644],[407808.99689303589,66706.204741521346],[407698.97152253485,66812.000789764978],[407684.75567170262,66825.67858394263],[407494.37514695816,66621.777745019383],[407315.22130578541,66429.8913177676],[407283.44085753418,66408.365770267526],[407167.46405536769,66291.692447191512],[407175.44140161824,66268.854566354494],[407216.2516874508,66191.610626358961],[407231.75034412125,66159.494220773777],[407310.91029078909,66239.474703860673],[407486.37286636699,66076.495699097766],[407392.86911636579,65976.413550182653],[407475.56252054014,65899.35661769539],[407416.44190387276,65835.176627939247],[407421.36610662116,65833.995856023306],[407424.72075870459,65831.479456849644],[407437.7417300347,65826.271133937495],[407453.36669878825,65823.667136522985],[407465.51956161979,65821.930919514489],[407479.40831337275,65818.458813595105],[407482.01263887173,65815.854488106896],[407482.88041928614,65806.305950774651],[407482.8804192837,65795.889304938843],[407482.88041928539,65787.208548020077],[407482.88041928486,65778.528119181996],[407488.08874220157,65766.375256357758],[407498.02244936355,65756.009791522156],[407479.84400803456,65735.934700440062],[407517.74747553823,65699.528933353897],[407518.32391795312,65654.576595429447],[407530.44758136588,65660.074944015956],[407556.61583611858,65676.173993191507],[407632.62618278421,65749.858557106825],[407627.4096577866,65754.750279605432],[407543.19066611858,65838.946305435253],[407630.67375886923,65935.260745353808],[407728.43996753742,66042.896684937048],[407801.7501883693,65972.315789349901],[407889.34548560972,66061.610558279892],[407980.06380811956,65973.811849357051],[407891.12369728764,65879.642090193331],[407956.64521978277,65816.698974598956],[408052.05218120484,65911.102001026156],[408112.31124703132,65852.352118521754],[408018.41051620024,65754.435319606433],[408134.09532420541,65644.54643177781],[408137.13403204054,65647.739010686739],[408232.36382845434,65747.831002104023],[408283.64128495078,65694.036818360575],[408355.15918653971,65619.008753187518],[408441.34667820495,65623.428035685283],[408443.65638487117,65624.110449015425],[408432.81323070981,65958.241342437497],[408431.37327295879,66002.61395710615],[408424.35360195348,66218.921595351276],[408415.06261003349,66505.227453192114],[408283.64128495031,66622.895853029346],[408280.43787928554,66625.763957519608],[408280.37751195492,66625.69965319075],[408098.71875453414,66431.912311104272],[407956.78465520422,66564.368082934045],[407865.11521912063,66460.617962356162],[407715.3753611251,66600.591763770644]]]},"properties":{"OBJECTID":9594,"ACRES":18.826912780000001,"LU15":1120,"LABEL15":"RESIDENTIAL, SINGLE UNIT, MEDIUM DENSITY","TYPE15":"URBAN","IS15":76.758576129999994,"DV15":0}},{"type":"Feature","id":9597,"geometry":{"type":"Polygon","coordinates":[[[407664.31608003529,68145.653306185122],[407502.04212636978,68147.682501607327],[407494.81805945444,67974.586063019073],[407507.34428111918,67972.788166354861],[407550.96952195332,67971.492237189392],[407583.78441695235,67967.109043850054],[407623.52318261651,67965.006029687764],[407713.6565325383,67960.235698024597],[407664.31608003529,68145.653306185122]]]},"properties":{"OBJECTID":9597,"ACRES":0.78339731000000001,"LU15":1120,"LABEL15":"RESIDENTIAL, SINGLE UNIT, MEDIUM DENSITY","TYPE15":"URBAN","IS15":52.173114140000003,"DV15":0}},{"type":"Feature","id":15808,"geometry":{"type":"Polygon","coordinates":[[[401382.70823645027,57433.434573197017],[401394.00480178738,57443.587768100777],[401469.96232703672,57511.856660433979],[401298.12507228157,57694.291006854328],[401177.90516836912,57583.434601273962],[401110.06409670447,57521.784462103897],[401283.49583645503,57338.024659027564],[401382.70823645027,57433.434573197017]]]},"properties":{"OBJECTID":15808,"ACRES":1.46593047,"LU15":1200,"LABEL15":"COMMERCIAL/SERVICES","TYPE15":"URBAN","IS15":99.054287160000001,"DV15":0}},{"type":"Feature","id":15813,"geometry":{"type":"Polygon","coordinates":[[[401540.40838036378,58568.090112269572],[401360.43793978466,58383.398552527433],[401455.32324870169,58282.276379437688],[401461.68806536682,58288.05720777504],[401561.966736203,58412.227235020437],[401651.76347261976,58328.756273349369],[401812.37043487252,58179.461624440788],[401880.15901320416,58244.468056107871],[401995.06396711944,58140.055535272098],[402028.51862461778,58109.720622193607],[402117.43937853602,58206.725349439526],[402055.45098545391,58262.729174433611],[402050.44508994988,58257.978199680299],[401966.1365315346,58333.855672602447],[401971.05810961913,58338.972788364677],[402059.10255295201,58436.272462522327],[401921.33708044939,58565.934604771166],[401744.67995345441,58376.994365866682],[401540.40838036378,58568.090112269572]]]},"properties":{"OBJECTID":15813,"ACRES":3.2642606700000001,"LU15":1200,"LABEL15":"COMMERCIAL/SERVICES","TYPE15":"URBAN","IS15":99.107925219999998,"DV15":0}},{"type":"Feature","id":15815,"geometry":{"type":"Polygon","coordinates":[[[404360.89388111804,58810.444614429762],[404355.80301203276,58805.353417271748],[404249.23071861773,58687.342170354925],[404183.30860636558,58611.899079767201],[404238.62050361658,58558.264016435962],[404138.77129386098,58444.320346681088],[404111.8947072064,58466.869842267857],[404038.72687453363,58384.143629770333],[404050.33872795268,58373.460908359026],[403977.76013295329,58291.053920942279],[403982.84936161985,58286.236345267243],[403909.00108411652,58200.983891105898],[403864.31908686884,58241.272524440566],[403778.67293270084,58159.904576938156],[403553.59726737021,58370.376925029712],[403344.62754094816,58244.760050263874],[403335.93989428738,58240.672131935346],[403310.1591059526,58225.101296941146],[403283.64144245099,58208.225346436251],[403254.03389012278,58189.382864439169],[403182.43593620585,58143.828493601381],[403140.62499620259,58112.486364696488],[403108.56469286827,58089.960163016629],[402983.90910228482,57991.456423024312],[402957.25233145035,57965.573600768272],[402817.68863420561,58082.266608858336],[402750.001761703,58145.970877770895],[402656.87694795144,58049.067528272077],[402629.99576811504,58070.850621188903],[402554.2797122036,57981.840628595783],[402571.9079577885,57966.134623271762],[402574.7097894547,57963.565730767587],[402657.97405861871,57887.151841605955],[402662.86578112346,57882.660380771908],[402766.84556003369,57787.233734357826],[402576.06477361644,57612.043467945456],[402438.19070553163,57737.355225186751],[402417.2819547031,57756.341407683183],[402379.62750245171,57790.560499357038],[402273.59753078542,57682.909796019776],[402268.10869661928,57677.335660198638],[402203.44642436987,57611.682576269835],[402145.37567436916,57552.72272043697],[401837.85266736825,57253.172138442882],[401820.22474987037,57272.050053430903],[401753.46635320358,57207.745720106046],[401818.03807445016,57135.956165525728],[401726.33583003364,57048.916969520193],[401679.76866595552,57094.507429518766],[401589.99522344954,57010.203136185417],[401605.09689928609,56996.006970355076],[401746.96997512842,56838.753019773481],[401843.72175012057,56738.802104176189],[401888.65309070348,56692.384874193973],[402074.08283795341,56862.233943945495],[402021.24501711759,56920.202988106845],[402115.63492019905,57010.488568685694],[402391.2304976196,56715.31330601751],[402299.11683669843,56628.78263918325],[402218.67933353619,56712.040346694004],[402122.56075936678,56619.592696942578],[402226.78627269657,56506.190692765282],[402137.14078269765,56425.645906356076],[401936.82031720341,56247.036683522711],[401841.92090070253,56156.036209361584],[401835.52655653568,56149.609056856498],[401807.46854178503,56122.294150845759],[401882.06419311767,56038.470171521069],[401825.4511173669,55985.347246266778],[401751.26130511734,56065.127598529158],[401748.05396245292,56068.576410515925],[401652.47377303994,55986.814763026152],[401600.34953345533,56034.838945192139],[401589.77868845692,56045.409790194193],[401498.18405536655,55957.581553775613],[401531.01863537123,55920.849343768772],[401344.34217145009,55746.34805235883],[401166.47474503645,55934.763357940617],[401253.8531792076,56021.587659352583],[401159.89995503664,56124.471311850626],[401254.73080211482,56214.030844023131],[401282.11362137267,56184.760233270594],[401377.37688229047,56270.082897270084],[401346.79951561789,56302.650417450044],[401281.68153561751,56371.663074687],[401381.30403978541,56462.93913885756],[401421.93387978803,56417.857208020105],[401517.94123370171,56509.133600274334],[401456.81110662082,56573.540951765055],[401450.84491119877,56567.913010264056],[401363.78438978526,56487.105757187906],[401286.80947811768,56565.714851941746],[401099.5030942054,56391.229964691971],[401074.22066445003,56418.71678635478],[400879.59474136739,56243.890692441404],[400871.40906220046,56252.883456605094],[400766.04477161879,56360.455748022192],[400672.40880403458,56269.81386893944],[400644.38523803419,56298.756396358083],[400553.12164103152,56209.970156604541],[400579.87683686725,56180.239244938304],[400608.77474495169,56150.199606855356],[400417.1832646266,55965.914870441164],[400486.79631436552,55893.759502936657],[400294.76224961691,55721.813980686566],[400282.9709346178,55733.972749014778],[400091.09402178647,55560.970798439186],[400168.95836736419,55474.369593683427],[400073.70232428325,55384.484602853205],[400046.58951761882,55411.8861228557],[399949.59496094775,55326.370873937827],[399931.24165120319,55346.131661191845],[399837.84288786672,55255.704020528712],[399636.73961552605,55470.745257096954],[399538.3123189524,55382.50002677142],[399744.97857228678,55162.463393353763],[399758.84993561968,55146.459488359171],[399760.40176978696,55144.851880029593],[399564.92939170724,54971.567777776821],[399541.39203720295,54997.743578436814],[399439.74886778567,54903.250985281462],[399352.20639195206,54822.637301359529],[399379.11906778731,54792.932636353871],[399185.39734236262,54611.031753436982],[399216.7552192866,54577.341860184417],[399117.42077228468,54489.044464612038],[399089.07765312132,54520.589677112839],[398998.34817577997,54435.396606027956],[398899.65053853655,54346.082152105802],[398805.49390270334,54259.83232460486],[398878.82708936575,54171.538209862447],[398976.52210395125,54259.516708436247],[399072.89166186738,54352.937781436449],[399157.46892053832,54259.379569605007],[399256.67803970585,54349.487657102283],[399308.89611110976,54290.619664602957],[399408.57438945444,54378.211681025794],[399324.77862528525,54465.872266848273],[399511.67490503227,54642.18129744265],[399559.20433753787,54590.844785939698],[399657.10374803847,54676.820991929533],[399631.43582037336,54702.692003181764],[399726.40347820485,54793.822726440107],[399705.96913586912,54816.374190522103],[399794.85675337113,54909.466524027463],[399796.94730037003,54907.178142773409],[399823.79698419682,54880.862906688119],[400020.17224761978,55060.606641687446],[400010.18539095245,55071.42683002077],[400032.58692095726,55093.772585855695],[400106.87483011978,55165.147115023079],[400176.22213236796,55227.476714763128],[400214.50617653556,55186.695956440548],[400334.26676378486,55301.285622272997],[400308.4695712846,55329.323623939272],[400500.11321687122,55504.946960352274],[400415.10780944931,55600.850311855727],[400488.45313520444,55668.135938436943],[400525.62497686641,55702.236592018307],[400601.38269937207,55771.735140693192],[400794.90659052995,55958.907010436284],[401180.00162086601,55539.05811260565],[400987.93802860955,55356.312087024337],[400893.37096053537,55270.042246443612],[400794.97876887018,55180.425955857929],[400766.60579411814,55211.003650607665],[400648.70248661644,55095.828684095715],[400754.21146195306,54980.380752275771],[400760.99950612226,54986.32004485371],[400778.81804003596,55002.441731766186],[400912.9673780367,54865.029276932873],[400962.0456919503,54810.711472185169],[401055.72988779115,54897.224094436147],[401061.55664778943,54892.293001936632],[401155.91702337033,54983.29019527269],[401183.70896253455,54954.153114444249],[401280.53324394731,55046.941970852691],[401226.29417920718,55104.317184194922],[401132.90197752643,55010.931216107536],[401044.78830862051,55100.855905022312],[401141.83863945003,55190.012222769641],[401065.41490778403,55276.679372269144],[401156.95048586914,55361.426906184526],[401182.42943753453,55334.464689773478],[401320.55612978834,55188.283879773502],[401416.08415395592,55276.033048105732],[401334.4701439534,55365.961017856556],[401431.71502820274,55456.30335686019],[401406.12255970185,55489.30394700676],[401500.30708261742,55569.064286190696],[401525.46910578531,55543.398983189836],[401714.25120853347,55718.773960511382],[401643.705745955,55801.556275276023],[401638.61454878363,55808.344319436263],[401832.92387145117,55973.80461843167],[401838.86349211703,55979.744239103144],[401897.51462153753,55911.745031271334],[401990.94324045116,55996.511922105827],[401919.74259545025,56073.825087690529],[401941.92759045196,56094.641975184641],[402010.24766378012,56152.912856020477],[402015.07048878714,56155.750776853587],[402067.64584294974,56103.349306853292],[402166.36644603586,56196.059423265957],[402246.94600928505,56106.287949271085],[402408.01360053499,55926.84670710408],[402314.50296078593,55841.571287104831],[402123.17099437083,55666.456151772014],[402144.10599186749,55644.300684269023],[402285.39540744852,55494.779657858395],[402290.31337661721,55489.320351184077],[402290.44132912153,55489.435180356399],[402362.87556745327,55410.347412019233],[402460.09026803746,55500.376759525068],[402566.62876887078,55381.453112856179],[402551.62223720201,55365.419680351268],[402594.37510445312,55319.910913106207],[402516.44186136889,55243.421564778466],[402419.46042803634,55348.877718680924],[402320.79231828602,55258.716809777121],[402199.20758770476,55392.936029521414],[402191.04159353743,55386.128300355776],[402066.9699912832,55533.287126778065],[402049.12881962006,55516.52206843569],[401877.82962153555,55355.531248691637],[401918.7481748719,55311.540194941736],[401824.99836237112,55224.734594280206],[401749.46603311651,55308.149125607342],[401652.0856504484,55221.335650939902],[401678.39005978539,55190.789452189623],[401580.4342189554,55102.782738437243],[401661.54035595816,55015.091312769429],[401566.49100536556,54925.294904425777],[401537.34408203699,54954.435266109169],[401393.40047228459,54819.412242192542],[401480.7628303591,54727.808094692344],[401532.47204453993,54775.987132187191],[401555.37554203096,54797.332233859473],[401720.59207512269,54951.243015269567],[401814.96360553714,55041.167048018557],[401888.28563736845,54961.049426107522],[401994.73916461971,54846.859693857623],[402002.50817795307,54854.03192360128],[402091.0417935336,54758.752914696626],[401984.00099711877,54660.186510772444],[401878.47266487032,54560.668993268213],[401838.03081662062,54522.402009436009],[402013.39332678559,54334.024761531131],[402157.06200268999,54468.201658518054],[402675.09016612172,54952.007449430552],[402683.96153945761,54960.288272769387],[402758.79111420212,54877.19132610401],[402832.49831586966,54950.288292777055],[402826.07772503752,54957.000877765655],[402767.53453503427,55018.211713352983],[402762.97122395789,55024.190375946164],[402911.16154437116,55159.27114251988],[403196.97462103853,55419.801133264729],[403283.64144245529,55501.840667355114],[403607.90588578559,55808.792153190851],[403667.19973045483,55746.83361568566],[403677.35062878055,55736.223400688286],[403703.21343795187,55760.606554022241],[403728.62710104138,55784.566479863832],[403719.14516461873,55794.855173188225],[403660.45564945386,55858.535820107354],[403693.27152870159,55889.599734354342],[403685.2213479515,55898.7955821059],[403396.96700320143,56207.85073826836],[403283.64144245331,56325.502733931091],[403239.33641295397,56371.499033020293],[403283.64144245238,56411.026513018463],[403317.7548912866,56441.461491520407],[403341.92183770565,56463.022472025776],[403394.25375403359,56509.711026933895],[403541.48114986869,56374.937346358893],[403713.37745961262,56563.713543605023],[403792.12697402935,56491.389213186412],[403879.16485770349,56590.01237551932],[403953.38354128448,56517.095854686959],[404040.31348553661,56614.650449610934],[403891.59298245318,56748.431021937424],[403981.04031011974,56843.977090688517],[403987.27848662302,56838.20741718611],[403987.11017986853,56840.844879107681],[403970.68600011978,56860.255273349983],[404047.09890503593,56952.661584600421],[403914.96399870369,57076.753528024288],[404001.1039182879,57166.735303439229],[404083.03321636858,57252.030408434832],[404169.93921053392,57328.021398187033],[404197.89519137802,57356.571866019985],[404291.61088320112,57263.618639855726],[404343.35126528604,57322.020754014011],[404435.81531920942,57238.32308676801],[404357.15701195208,57151.397407606099],[404439.30612587486,57078.106543687136],[404516.94704670279,57166.735303441521],[404570.50041728874,57118.175361187845],[404646.59606562351,57202.627620108084],[404541.79968728719,57301.436477603471],[404507.86176304024,57337.105369520483],[404584.47381453373,57417.680339611885],[404418.56469753687,57571.131476271796],[404531.0661129537,57682.962945521904],[404598.40292053594,57610.935858603872],[404656.45464170352,57668.412777770114],[404583.87637478765,57735.458903528393],[404495.05535820709,57816.054870929809],[404423.77006770554,57880.738796688012],[404402.12772253936,57900.376880776552],[404390.98929337406,57888.444489939036],[404328.57439195178,57817.949224098287],[404327.24237361847,57816.440040761438],[404381.72093920241,57763.165541026625],[404393.16120504122,57751.97789935609],[404371.55658945395,57728.060624362231],[404316.85525528557,57667.499721856315],[404265.69065945118,57711.705670186602],[404186.70426887035,57623.398432111033],[404211.39910136932,57597.945727105944],[404229.12347536598,57581.848318357384],[404230.0696677033,57579.010397521728],[404214.62120779225,57563.733197099027],[404153.25289220555,57497.985297110201],[404150.22140220914,57500.685422942566],[404135.45765220892,57513.831722110888],[404056.40597303968,57431.160955683306],[403967.43305386696,57505.987249612568],[403810.06886729033,57347.26282952656],[403722.13958120235,57253.102584777262],[403521.70428653661,57442.148466521488],[403485.53670795017,57474.079833113836],[403572.80195337057,57564.506161444333],[403594.21759295696,57548.352650435831],[403669.66363628325,57631.853139603561],[403724.96569103154,57579.848650437532],[403801.87498604006,57664.816000188817],[403741.81277020311,57721.94843185319],[403820.91694270453,57801.055885193193],[403650.70041962405,57957.164824939427],[403726.98012269766,58037.640713858862],[403808.28245353769,57963.660874936802],[403885.87186528393,58051.553743768876],[403890.15925828676,58056.410361348804],[404045.62810745736,58226.797487772128],[404300.21158778475,58498.543007267799],[404395.08049253759,58413.765945852931],[404415.35932336946,58433.27378086411],[404579.25696145248,58605.872188939225],[404398.25305836828,58771.521792024774],[404387.4843791172,58784.165467522973],[404385.36594503646,58786.65299536143],[404385.17795328121,58786.445318603604],[404360.89388111804,58810.444614429762]],[[403611.98330545187,58156.302221943086],[403691.74692545389,58081.984457187551],[403612.92162378249,57989.264826352613],[403621.45835212216,57980.544371358628],[403545.87746653543,57899.205623274225],[403567.48536295828,57879.42875993919],[403418.05948070274,57706.564604348758],[403330.79685995349,57610.274114521286],[403308.11842761358,57630.717971272599],[403283.64144245104,57653.143123270347],[403244.87380344648,57688.661096860458],[403160.17220120743,57595.793500449145],[403132.23262453702,57624.494230434379],[403045.30661728489,57527.046918777414],[403049.85057145066,57521.4596596064],[402903.75178228359,57358.093516518282],[402877.06515587162,57328.92034652437],[402730.65764028416,57464.756689028116],[402909.7327414499,57652.821273519883],[402925.22155562061,57638.234360436632],[403009.51600645162,57722.663653523799],[402979.30937395344,57752.115694352324],[403073.09560370445,57847.194572434943],[403125.43473786896,57799.694339348993],[403213.03626870579,57893.336212435643],[403143.56134203175,57950.727829933501],[403219.83415536908,58037.575097192435],[403259.85736928886,58000.570578019091],[403283.64144245512,58026.230303595657],[403309.57183678803,58054.205641351677],[403340.96941178822,58087.450325525904],[403372.46541178488,58061.082268030077],[403443.64998070552,58144.192666112409],[403531.17933319713,58067.145248021494],[403611.98330545187,58156.302221943086]],[[402786.71691136505,56669.439382014869],[402877.86272645264,56579.595729678855],[402776.30026553257,56489.752077354984],[402863.53992044891,56398.60626226927],[402772.79043003899,56302.758356853185],[402817.42944836995,56254.179385764888],[402724.28626195359,56167.558824100124],[402750.8711825363,56137.542151853304],[402557.91487553518,55962.342042942881],[402374.39391711634,56165.520442354791],[402470.89962961874,56258.217435440136],[402393.36566396063,56345.537142690599],[402483.531822199,56433.877517180452],[402572.34758945723,56520.892106937441],[402592.04538470355,56499.455470024455],[402786.71691136505,56669.439382014869]],[[402459.03383970214,57216.38087343744],[402645.56266611832,57015.498401191675],[402458.56468053273,56834.8619514315],[402268.68284245045,57041.49244368956],[402204.54845628556,57106.614032618665],[402296.10634403693,57191.580070014243],[402215.44377569878,57273.503462603359],[402230.37550436804,57286.60383010847],[402313.1250107899,57364.684710690184],[402459.03383970214,57216.38087343744]]]},"properties":{"OBJECTID":15815,"ACRES":142.75881224,"LU15":1200,"LABEL15":"COMMERCIAL/SERVICES","TYPE15":"URBAN","IS15":96.488002170000001,"DV15":0}},{"type":"Feature","id":15816,"geometry":{"type":"Polygon","coordinates":[[[403156.53375703812,58729.740379521194],[402955.69721645286,58913.139290946463],[402876.08418669685,58819.665068436596],[402958.70902145159,58748.083518681342],[402883.47590420418,58660.793667026708],[403002.18990562094,58557.092758939099],[403156.53375703812,58729.740379521194]]]},"properties":{"OBJECTID":15816,"ACRES":1.1612578099999999,"LU15":1200,"LABEL15":"COMMERCIAL/SERVICES","TYPE15":"URBAN","IS15":98.211049320000001,"DV15":0}},{"type":"Feature","id":15817,"geometry":{"type":"Polygon","coordinates":[[[405672.44998503715,58865.739779435862],[405574.12800320232,58954.697606771668],[405485.86275979003,58860.726666107519],[405440.22800853598,58900.491678445404],[405351.59596795164,58805.2687717749],[405308.38083128585,58844.822498434551],[405216.09098961711,58745.206227860268],[405255.72017544287,58707.014047020624],[405146.14001403836,58587.725899769779],[405191.55330903834,58546.708921426231],[405115.4707840397,58469.832434770135],[405069.40788404469,58514.412398101042],[404979.86705262243,58414.865025021689],[405011.09402428282,58382.253541687467],[404918.64014095603,58281.164176940518],[404885.37905262021,58312.319298355833],[404841.97559611814,58353.393363189622],[404751.98660286906,58258.540206438542],[404771.4373513757,58240.197067271263],[404797.4851995355,58215.63281192955],[404824.97530203167,58186.587594439923],[404836.30401953601,58174.612552773753],[404746.2123362018,58072.801404679019],[404732.27273153636,58084.666538442747],[404646.23681436933,57986.015489021003],[404591.29105811595,57924.842054935769],[404687.09467228281,57834.753652441883],[404745.29337478825,57894.562587949345],[404834.10586120142,57808.379033264879],[404850.50018536998,57796.653006856512],[405036.19174311997,57989.506951849078],[405167.18491945235,57869.99341135424],[405251.64767703618,57962.736664185075],[405229.77534545073,57983.871136355905],[405124.6761461962,58083.839768437327],[405030.49260753096,58178.731310928015],[405214.61953587143,58373.889057096865],[405282.50030561863,58443.467001927987],[405379.0890232001,58355.382532432923],[405397.54535111913,58375.081968105682],[405495.8939077023,58480.052230602472],[405403.31535270234,58569.304020608419],[405586.37633829156,58773.142523684684],[405672.44998503715,58865.739779435862]]]},"properties":{"OBJECTID":15817,"ACRES":8.1444534100000006,"LU15":1200,"LABEL15":"COMMERCIAL/SERVICES","TYPE15":"URBAN","IS15":97.202991569999995,"DV15":0}},{"type":"Feature","id":15818,"geometry":{"type":"Polygon","coordinates":[[[406729.19459070091,58796.417083432651],[406605.62167511421,58913.195065095344],[406496.86237820244,59009.235227348254],[406394.79171620111,58895.271872600249],[406489.56514870416,58801.686101762556],[406134.80076636269,58426.656340015215],[406289.26010311831,58288.883977767611],[406435.94320870406,58151.830446098451],[406526.86527095106,58249.021852766557],[406491.27774371038,58283.359054447166],[406584.64074595424,58383.985821687631],[406514.85414012487,58451.797365858038],[406441.95369537163,58520.173541435011],[406626.52058345178,58710.796847845762],[406637.71806762723,58700.944505366147],[406729.19459070091,58796.417083432651]]]},"properties":{"OBJECTID":15818,"ACRES":4.4067773199999998,"LU15":1200,"LABEL15":"COMMERCIAL/SERVICES","TYPE15":"URBAN","IS15":97.97637589,"DV15":0}},{"type":"Feature","id":15819,"geometry":{"type":"Polygon","coordinates":[[[404102.37044803618,58681.482602030112],[404093.58109553234,58690.271954524214],[404272.67227278487,58889.504167596613],[404175.72003887116,58987.42424735659],[404120.77395453519,59036.914962017145],[404025.73149370204,58937.720934690289],[403934.94099287095,58844.384835271441],[403988.94482186908,58789.013554937483],[403890.1592582906,58684.074460356453],[403829.22729353548,58619.98206885199],[403923.20249928458,58526.748003356086],[403979.59805578669,58592.647149766519],[404006.4188682955,58568.680662273146],[404102.37044803618,58681.482602030112]]]},"properties":{"OBJECTID":15819,"ACRES":2.1416534399999998,"LU15":1200,"LABEL15":"COMMERCIAL/SERVICES","TYPE15":"URBAN","IS15":97.210601780000005,"DV15":0}},{"type":"Feature","id":15823,"geometry":{"type":"Polygon","coordinates":[[[407264.9172725369,59405.934237109963],[407158.61761637463,59505.346111779174],[407056.04498686973,59602.99486660555],[407013.46633186616,59644.441962188379],[406833.33808320598,59447.788484105695],[406871.06799462024,59412.640588524897],[406808.88275153266,59342.017370189016],[406917.19979212323,59239.756747943698],[407014.83312703541,59152.366174682385],[407025.80390562012,59142.54631244325],[407035.20414929051,59152.366174684736],[407080.69618428702,59199.889701688677],[406976.5221800328,59305.018756519996],[407066.26970395306,59403.752154848509],[407174.12644361501,59303.264494940362],[407264.9172725369,59405.934237109963]]]},"properties":{"OBJECTID":15823,"ACRES":2.29436727,"LU15":1200,"LABEL15":"COMMERCIAL/SERVICES","TYPE15":"URBAN","IS15":99.30915899,"DV15":0}},{"type":"Feature","id":15824,"geometry":{"type":"Polygon","coordinates":[[[407879.83763061865,60044.799429196144],[408012.71498953667,60183.884124773438],[408013.86328120664,60185.086222110564],[407904.37498312059,60287.260230352091],[407776.28107920266,60148.775927273105],[407718.22345253156,60093.647756687831],[407829.34494945646,59986.902563357602],[407879.83763061865,60044.799429196144]]]},"properties":{"OBJECTID":15824,"ACRES":0.92151864999999999,"LU15":1200,"LABEL15":"COMMERCIAL/SERVICES","TYPE15":"URBAN","IS15":98.014960520000002,"DV15":0}},{"type":"Feature","id":15825,"geometry":{"type":"Polygon","coordinates":[[[405108.15780653141,59963.480694192695],[405295.5691771211,60162.269994773633],[405152.8591607014,60291.787780355924],[405143.21351070248,60300.239207030114],[405142.09146570251,60301.167682859756],[404959.36184428976,60106.866562271345],[405033.62383486785,60035.304697524822],[404941.47933412262,59935.719594852068],[404919.58830179233,59957.94592834662],[404730.60541203187,59764.796052182181],[404688.44965644862,59800.190010282764],[404600.63159061479,59699.195789684309],[404733.9059303684,59573.034296608341],[405009.84402678418,59866.308644434364],[405108.15780653141,59963.480694192695]]]},"properties":{"OBJECTID":15825,"ACRES":2.98849323,"LU15":1200,"LABEL15":"COMMERCIAL/SERVICES","TYPE15":"URBAN","IS15":91.917653669999993,"DV15":0}},{"type":"Feature","id":15826,"geometry":{"type":"Polygon","coordinates":[[[403136.56332453701,59606.449584107948],[403223.3807362009,59643.812042188394],[403233.69928511675,59654.461627192941],[403283.64144245343,59705.985146191837],[403315.34938428813,59738.697023019668],[403534.18785736797,59960.452485020971],[403535.09664819948,59961.407207528682],[403412.24584403326,60080.281641687914],[403404.43089903356,60087.840681688736],[403316.83560179314,60172.601338943336],[403283.64144245756,60204.207574941785],[403124.11584287026,60356.101956187922],[403071.41253620357,60295.869137024441],[402989.24373728503,60207.588145607057],[402756.24190669577,59957.253672518229],[403032.17278528388,59702.738433518593],[402909.67926386837,59582.967019521937],[402982.08594320185,59515.086249771608],[403021.68297686562,59482.277260271803],[403136.56332453701,59606.449584107948]]]},"properties":{"OBJECTID":15826,"ACRES":7.4504989000000004,"LU15":1200,"LABEL15":"COMMERCIAL/SERVICES","TYPE15":"URBAN","IS15":99.227048440000004,"DV15":0}},{"type":"Feature","id":15828,"geometry":{"type":"Polygon","coordinates":[[[409362.01281586807,60578.447640111321],[409348.03318503941,60591.843282606787],[409261.13998611993,60494.90778093566],[409258.04287945159,60491.453063433102],[409244.13542695047,60504.195820098641],[409148.99782195006,60407.20093536019],[409163.41708445398,60393.723272024814],[409181.54696945235,60376.771206188692],[409209.56200529117,60350.586875348177],[409118.21015387046,60252.240287275301],[409087.17018970358,60280.498432857719],[408903.57114745158,60081.790825019241],[408830.28651712026,60150.339900514133],[408742.82573403529,60050.079930446773],[408708.03676161898,60084.020151270102],[408616.44344087201,59990.961282268865],[408689.89998687146,59917.6504052741],[408754.70497537369,59850.679410605728],[408664.76256995054,59748.858420021548],[408605.54221595294,59805.264147100417],[408513.45152086741,59709.169194938375],[408424.27650236903,59793.867844437351],[408329.93613986531,59689.353289688937],[408351.99318236561,59669.094143852344],[408357.37867028767,59664.151240362589],[408357.62637319823,59663.923550516898],[408433.1186762852,59596.974537438255],[408347.21005545516,59500.492118854745],[408283.64128495532,59432.692057609594],[408156.79803470295,59297.40558277486],[408168.67727603525,59285.526669520055],[408040.99675711815,59152.366174685551],[407986.17567253817,59095.192404524663],[407926.62592286535,59152.366174683506],[407869.42557795206,59207.28437193673],[407777.19315086911,59295.836360186615],[407640.39913311647,59152.366174682698],[407590.84477028414,59100.393181522879],[407535.66213786538,59152.366174685718],[407417.45568136277,59263.696988771284],[407328.85972995992,59165.478681262852],[407342.85904578835,59152.366174682771],[407500.3757911204,59004.829068188017],[407403.56463303283,58902.565165104337],[407308.03956161981,58992.053503192248],[407216.02859078586,58898.959529273852],[407311.59598495282,58808.73005094019],[407281.22859161801,58775.649080354822],[407216.02202911396,58706.232880600059],[407082.84283353086,58835.649288438908],[407075.72014436795,58842.565285106917],[406899.82777961687,59013.523276528394],[406806.1563790341,58908.391925110955],[406902.3868296236,58819.825829272741],[406919.7424379529,58803.851451766233],[406824.27970236726,58710.071783684019],[407029.90658770205,58514.049537936051],[407111.86869411735,58435.915507853904],[407198.17528003739,58531.418597685231],[407353.12313287309,58385.585227932555],[407256.76899487112,58290.533252689987],[407131.36963937397,58417.325650023682],[407043.21364770422,58315.045670857129],[407092.89990003116,58265.557908941279],[407001.2606476192,58162.039415189451],[406934.7194421239,58227.453654439756],[406925.39203294925,58235.367024439111],[406837.58380962088,58140.40330360418],[406737.37370820058,58039.853635938576],[406705.13000628253,58070.400162775797],[406609.24830827914,57975.36721635834],[406547.30683112127,58044.096081521951],[406448.03111103416,57943.123514437866],[406425.79132612416,57965.095911439661],[406386.97742736485,57931.158315272209],[406241.53546103725,57768.022486690628],[406344.27738153911,57667.290732776964],[406162.3545170413,57475.83179810959],[406038.34196978534,57593.40308526656],[405942.52982544946,57493.483009521471],[405908.16506478639,57526.57480685995],[405817.7991037835,57428.571722017216],[405672.43915828649,57571.167565434545],[405603.31528077717,57635.412843769285],[405485.59537187521,57736.685935185888],[405298.78439378674,57552.456972936008],[405447.45240354026,57415.350619856501],[405363.68288603623,57328.611948186772],[405326.50743545435,57363.723426516648],[405121.2352082014,57549.819182937703],[404967.75093512167,57380.800164028864],[405021.69210020255,57331.108006190152],[404943.45505195274,57244.215463441025],[404890.35443637113,57295.477500023604],[404814.87689703621,57212.269989272099],[404498.97136086947,56864.021998105411],[404421.21889170154,56784.02511086093],[404412.3268491202,56774.876179020132],[404492.16395978647,56692.377656361969],[404423.43476653285,56610.284316601195],[404334.02976162353,56689.544000608832],[404333.70430295088,56689.832385858354],[404266.89669378626,56751.020911769556],[404157.01371145167,56851.661458522634],[404070.4456431162,56761.287951605475],[404197.54479836253,56643.736349439227],[404114.19588370231,56548.189952610432],[404099.28712086991,56561.601015016786],[403926.24087903666,56367.571547441046],[404064.27997303195,56238.611831604576],[404084.2720590352,56221.767705191596],[404325.61770495208,56369.532501519992],[404696.11433929153,56602.808281687423],[405037.64219953818,56817.025372935488],[405375.77538153384,57028.171276095709],[405542.26094095316,57132.132026192383],[405629.21745995531,57185.235266440468],[405640.95332886727,57189.306452520199],[405970.20759162074,57303.526368439576],[406104.91729595349,57361.335636012853],[406218.21956278448,57419.368984527631],[406241.39012011967,57433.990346344763],[406443.30736720416,57561.407086275198],[406630.81158537028,57691.479988853032],[406724.5056236973,57756.475921857374],[406743.54856461531,57769.686197264717],[406877.74120961619,57864.584957601415],[406880.01942028798,57866.195846773087],[407124.59471853822,58048.074748110979],[407368.51844328438,58227.762052768099],[407448.37950403354,58284.185824441854],[407547.88881945173,58386.731879191088],[407640.75871245901,58485.614883518341],[407912.6863182002,58776.250129022752],[407934.47203578282,58792.837694279347],[408016.56340703578,58855.340850103144],[408110.2449782074,58925.090710597906],[408100.0638962065,58934.966675102929],[408123.39783903892,58959.441035603028],[408073.93205870088,59005.068569015872],[408210.47246803675,59152.36617469271],[408283.64128495037,59231.299743851196],[408445.26071236591,59405.652413514465],[408450.43458653439,59400.645861855308],[408481.43878962274,59370.632798529376],[408669.65724520048,59567.863703268486],[408855.43804161984,59762.565085524198],[409043.81397720287,59959.980045018427],[409417.62622170494,60351.702358690236],[409502.41640645347,60440.557495945199],[409362.01281586807,60578.447640111321]],[[405059.36230045283,57296.405319686077],[405229.96563378489,57139.241592014674],[405157.4916973678,57058.329680356605],[405093.03316486831,57117.6602703545],[405008.80072178447,57030.498371187379],[404978.1314917893,57063.086888686325],[404879.60478594998,56947.44374726864],[404825.40509120491,56879.268030607025],[404782.8329978697,56918.428057271914],[404710.3233003674,56840.055510602841],[404675.15900062409,56871.55151060698],[404752.07190453383,56953.588748107679],[404781.36974620383,56925.754158104559],[404855.34925702726,57004.130313686233],[404838.50217786874,57020.242486189039],[404920.89407345623,57113.578913692611],[404958.63349928375,57079.29912660797],[405029.90861920186,57160.756312772472],[404977.05242570315,57211.781473192095],[405059.36230045283,57296.405319686077]]]},"properties":{"OBJECTID":15828,"ACRES":50.300464009999999,"LU15":1200,"LABEL15":"COMMERCIAL/SERVICES","TYPE15":"URBAN","IS15":96.697864300000006,"DV15":0}},{"type":"Feature","id":15829,"geometry":{"type":"Polygon","coordinates":[[[405816.37423786806,60583.834112269353],[405749.55416153412,60645.562991432329],[405663.02972828434,60552.033650937912],[405588.75822328415,60626.423594019427],[405401.76351853728,60428.45417368428],[405477.89656837238,60355.663964939762],[405594.0990918664,60478.918967771271],[405702.46173604572,60383.37322710744],[405762.2818263651,60455.284500608883],[405757.1906292006,60459.739216105925],[405729.82618261722,60486.46750910925],[405816.37423786806,60583.834112269353]]]},"properties":{"OBJECTID":15829,"ACRES":1.2417841599999999,"LU15":1200,"LABEL15":"COMMERCIAL/SERVICES","TYPE15":"URBAN","IS15":98.565519190000003,"DV15":0}},{"type":"Feature","id":15830,"geometry":{"type":"Polygon","coordinates":[[[407718.22345254145,60467.220828451733],[407441.3362110387,60729.508361607179],[407254.43829087389,60533.513674859947],[407484.79150470055,60315.068245608221],[407578.36283987254,60414.237666695582],[407626.92901570007,60367.49169718643],[407718.22345254145,60467.220828451733]]]},"properties":{"OBJECTID":15830,"ACRES":2.1755059399999999,"LU15":1200,"LABEL15":"COMMERCIAL/SERVICES","TYPE15":"URBAN","IS15":94.935344139999998,"DV15":0}},{"type":"Feature","id":15832,"geometry":{"type":"Polygon","coordinates":[[[409356.69786586904,60776.056168776115],[409303.43681753468,60830.865770441982],[409299.26917495427,60834.922520857632],[409265.85684020328,60867.446734014891],[409348.53876145097,60960.465576846938],[409252.80535711837,61048.221306859203],[409158.21204236557,60947.928856527236],[409255.25220261695,60860.022536271827],[409230.69680553325,60835.157756601286],[409226.69123612402,60831.101990444076],[409072.21943220688,60669.72731319187],[409169.41772861843,60577.056566769781],[409356.69786586904,60776.056168776115]]]},"properties":{"OBJECTID":15832,"ACRES":1.25677884,"LU15":1200,"LABEL15":"COMMERCIAL/SERVICES","TYPE15":"URBAN","IS15":99.385802150000004,"DV15":0}},{"type":"Feature","id":15834,"geometry":{"type":"Polygon","coordinates":[[[408644.71864678559,61068.777040021407],[408528.43475861882,61181.445777937864],[408430.76763112209,61076.173678771884],[408548.78740820289,60966.850078522803],[408644.71864678559,61068.777040021407]]]},"properties":{"OBJECTID":15834,"ACRES":0.52528248,"LU15":1200,"LABEL15":"COMMERCIAL/SERVICES","TYPE15":"URBAN","IS15":84.835632590000003,"DV15":0}},{"type":"Feature","id":15835,"geometry":{"type":"Polygon","coordinates":[[[408204.43081345106,61121.548259939758],[408006.25174786855,61308.729972190806],[407815.81512087077,61116.187378270275],[408017.52797204134,60923.352462107883],[408204.43081345106,61121.548259939758]]]},"properties":{"OBJECTID":15835,"ACRES":1.7197520399999999,"LU15":1200,"LABEL15":"COMMERCIAL/SERVICES","TYPE15":"URBAN","IS15":83.221962230000003,"DV15":0}},{"type":"Feature","id":15842,"geometry":{"type":"Polygon","coordinates":[[[406786.15641904145,61536.928662769053],[406688.08902986842,61628.146000022942],[406776.35000820167,61726.823624185941],[406649.17801845126,61845.878832264956],[406557.00300595502,61753.70381977105],[406680.33970153535,61635.032469187187],[406593.27918012411,61534.36961276886],[406539.50960261922,61584.294381685751],[406449.15840537398,61483.06394110887],[406350.90072787093,61385.442417188664],[406328.70884312224,61410.189743030838],[406238.24314478482,61316.3119780204],[406219.46693561715,61334.235170525673],[406124.73254503147,61233.526382440978],[406218.70250145195,61139.556754108315],[406043.86656503653,60955.301545186237],[406034.4079225348,60945.331092684813],[405937.39991445484,61040.649143525712],[405933.56133945182,61036.807287692602],[405845.2278547007,60940.793700194568],[405941.2450511225,60848.62492127969],[405939.60135361803,60846.454650024738],[405935.67419611727,60841.269292931611],[405846.83874386724,60750.626101520153],[405849.71931553481,60747.604454023582],[406251.07776478492,60372.896542018039],[406438.24635370541,60569.953562608018],[406144.93919753988,60840.622968774158],[406139.55731852795,60845.768299688469],[406133.141320872,60851.90247376819],[406130.22137920425,60854.697743771423],[406116.297522537,60867.86700877898],[406208.58441145113,60966.610577690306],[406192.79704145307,60981.118422686937],[406284.115756449,61080.547357685587],[406309.62751644984,61057.758689349925],[406310.17541561933,61058.349239352698],[406336.632055617,61031.197062690597],[406351.96371786867,61015.475309348942],[406353.95190286898,61017.388035190539],[406446.24502536922,61106.413775779038],[406448.40381370345,61108.497104936978],[406315.54942062148,61236.744879937214],[406492.57039203815,61428.966280266846],[406552.31141428562,61375.199655515484],[406646.19246011658,61481.026543601904],[406690.57262070291,61435.793694438718],[406786.15641904145,61536.928662769053]]]},"properties":{"OBJECTID":15842,"ACRES":7.4715621500000005,"LU15":1200,"LABEL15":"COMMERCIAL/SERVICES","TYPE15":"URBAN","IS15":87.835538159999999,"DV15":0}},{"type":"Feature","id":15843,"geometry":{"type":"Polygon","coordinates":[[[407387.35075470223,61569.937126942321],[407533.14475445362,61724.412211692892],[407551.2680777894,61743.322935023025],[407551.10075528373,61743.477134189452],[407423.82049804047,61862.771843113551],[407236.98327328067,61663.444485849323],[407362.98072470713,61545.321034439286],[407363.59424053913,61544.727203604401],[407387.35075470223,61569.937126942321]]]},"properties":{"OBJECTID":15843,"ACRES":1.0914563799999999,"LU15":1200,"LABEL15":"COMMERCIAL/SERVICES","TYPE15":"URBAN","IS15":95.908656780000001,"DV15":0}},{"type":"Feature","id":15844,"geometry":{"type":"Polygon","coordinates":[[[410311.45743928937,61764.320268356547],[410279.42600728484,61792.960302938292],[410247.8853879518,61821.161033941004],[410203.63842920313,61863.301697692317],[410187.32284503954,61846.299107020881],[410091.26923136774,61746.201210105028],[409990.81766062847,61840.452005858424],[409900.59572820022,61742.820311352982],[409809.75732720067,61640.789019356642],[409907.16723737062,61548.201278014574],[409815.11263145314,61453.890771111284],[409636.72092787438,61252.286515527099],[409529.48492186685,61345.635410191186],[409441.59828661935,61249.074251603197],[409536.40255894948,61157.998318272352],[409444.2304992032,61055.58349685742],[409601.31384645955,60904.166148764962],[409524.79333021096,60834.148244191849],[409520.47083229065,60830.193199609806],[409505.49021920707,60814.465540770936],[409541.90418837487,60784.922620855985],[409447.31087362219,60683.4638342752],[409453.41355170606,60677.325723186688],[409598.54482312436,60537.565175936914],[409607.157010625,60545.202955948851],[409645.06736787007,60565.002785104494],[409838.3448684584,60678.713515689284],[409967.03260320454,60754.40562151948],[410039.09610737435,60828.592152948717],[410043.77129486535,60832.367079777534],[410059.09245845088,60848.982532109549],[409825.0345276242,61072.473226857997],[409802.62315512105,61093.871149934283],[409986.45841736876,61285.577131360878],[410008.50233653298,61263.736623855984],[410028.29888487502,61244.904312446874],[410035.06396319886,61238.467317436371],[410239.25810861861,61044.369608519133],[410244.34536878887,61039.533660192799],[410263.93194378511,61020.255483523935],[410413.84535786783,61178.478264185273],[410465.62707845744,61233.130057773567],[410536.39268495369,61307.817900521048],[410517.34416661964,61329.35985219408],[410300.66776270105,61550.583491107776],[410386.51732854109,61648.408426697657],[410411.42213437462,61674.940525852457],[410311.45743928937,61764.320268356547]]]},"properties":{"OBJECTID":15844,"ACRES":14.86585399,"LU15":1200,"LABEL15":"COMMERCIAL/SERVICES","TYPE15":"URBAN","IS15":98.144441099999995,"DV15":0}},{"type":"Feature","id":15849,"geometry":{"type":"Polygon","coordinates":[[[409407.10787003848,63306.987786690603],[409413.220062537,63319.573063355369],[409398.55801836972,63337.686544190015],[409399.42087753693,63345.435872514994],[409410.61180003383,63358.349232522414],[409445.91356670321,63409.149983939504],[409471.74389561679,63453.923516440183],[409514.79499061807,63502.138643101447],[409518.23986561713,63513.332846440462],[409518.23986561794,63536.580831440362],[409515.65456895193,63547.771753941212],[409435.55925670167,63618.138411109219],[409428.73184253619,63624.136758690554],[409425.9004833686,63620.20303952854],[409171.50105778873,63354.743596689455],[409325.60540836025,63212.256676936995],[409407.10787003848,63306.987786690603]]]},"properties":{"OBJECTID":15849,"ACRES":1.4901044999999999,"LU15":1200,"LABEL15":"COMMERCIAL/SERVICES","TYPE15":"URBAN","IS15":63.948854400000002,"DV15":0}},{"type":"Feature","id":15852,"geometry":{"type":"Polygon","coordinates":[[[409039.50755536248,64417.84941010586],[408972.07199470419,64482.256761608493],[408943.56778661336,64508.132694104002],[408931.31715496106,64519.254719110024],[408872.04102678254,64573.065963187328],[408777.15703019942,64659.202273860588],[408775.50020936818,64660.613032181653],[408724.75227936974,64713.477427770813],[408690.94001103274,64776.90577860154],[408681.65754929063,64798.002849268341],[408582.15709211543,64739.317271105036],[408445.68065903097,64609.094106356009],[408460.62813570129,64594.149910512999],[408366.46165736858,64501.187169938748],[408382.87566653814,64486.639954944105],[408400.09019903588,64467.840779939987],[408431.92674954102,64431.0380320228],[408341.82292712369,64338.537560855759],[408405.00160654116,64275.642673531438],[408535.07549337129,64152.366345273054],[408579.53242545167,64110.232571269204],[408484.4702796191,64011.249501514969],[408523.6565529533,63976.679360690519],[408334.0634282066,63779.0744409334],[408342.28519653407,63771.407133441433],[408401.03179819841,63719.707761775142],[408305.71341928752,63625.107885358506],[408345.09687070822,63585.347466187195],[408283.64128495177,63521.306583771089],[407787.65900920547,63004.45820802221],[407764.61443586805,63025.957508853993],[407669.05688420089,62923.785797186785],[407577.73784111883,62823.07700910898],[407606.2699362865,62796.569844273166],[407517.99714695255,62703.595292682548],[407237.20965078933,62408.300279612937],[407055.10830895125,62205.630737447515],[407147.9175065381,62117.461950522149],[407337.06542220351,62316.98123652213],[407424.97207053832,62414.277957941114],[407556.40258195088,62286.259513187601],[407647.72129694873,62383.552625689532],[407578.31854862638,62452.499666267744],[407517.14413028426,62513.277103763336],[407613.98120695318,62607.686691850802],[407673.75175670342,62554.264554607042],[407756.96681336721,62643.001581861667],[407763.79094670102,62648.979260190536],[407708.78777586838,62700.117609354187],[407709.44066169963,62700.754091017181],[407801.81810162007,62800.188603444854],[407855.48302053637,62748.456095361675],[407952.00185636984,62849.020198692335],[407918.84608278744,62880.28161910065],[407896.12696811586,62901.702508019822],[408079.50291370245,63095.813340277382],[408170.96631345386,63008.680640519538],[408231.47800345183,63075.698551108435],[408283.64128495392,63132.26897601672],[408352.67231486982,63207.132015270581],[408356.08438153635,63204.569684443653],[408634.7357271199,63500.291533936936],[408730.32313436968,63600.570532855185],[408738.04621603852,63593.510179523008],[408801.24720511743,63531.66253418733],[408892.35036937101,63625.736164938106],[408855.27334378718,63655.329609685497],[408947.18096836878,63760.64042268684],[408919.95562912349,63786.872981774315],[408979.47027387453,63854.992924283943],[408883.85333912214,63946.853304855664],[408949.74559578451,64017.095946516267],[409047.95110803843,63919.366483191923],[409105.97920719947,63983.267274021935],[409096.57633887004,63994.074339017228],[409100.80861386796,63999.241651519747],[409188.67293945124,64092.273289608594],[409230.49044112489,64052.335705440681],[409322.77175261837,64152.366345271417],[409324.25042420486,64153.969360442818],[409325.78749462782,64152.366345268922],[409424.61439670151,64049.300934603336],[409446.38994370069,64067.127342523891],[409454.34596453799,64073.640452853775],[409458.82692670502,64077.309408778994],[409481.97025311971,64103.736521267929],[409492.27863144909,64113.861172934499],[409502.25236478919,64123.654460442653],[409505.1854297847,64127.302747101108],[409518.28251645993,64143.585522940528],[409525.57908978377,64150.524485443726],[409524.96983903478,64152.366345272851],[409502.68871562055,64219.707746026346],[409495.41215537098,64251.074481192867],[409423.46019953978,64474.709204520259],[409417.54748170305,64479.927369940619],[409416.56487211678,64480.861095100961],[409398.05244195217,64459.335219518929],[409366.65814778762,64458.637386273338],[409187.57418837311,64274.886441443443],[409094.81453137053,64365.025696848017],[409039.50755536248,64417.84941010586]],[[408808.67698028195,64074.319913441286],[408739.39791936631,64140.846027114603],[408727.40089611651,64152.366345273651],[408681.11063436622,64196.817043769064],[408729.97142904077,64248.695548943251],[408776.25480103528,64297.83751102088],[408761.45496186387,64312.404411022086],[408852.85701002995,64410.640106940336],[408950.63962287374,64322.805965022584],[409006.20414428879,64269.23750260524],[408918.66199653328,64174.604161698684],[408911.2975099528,64166.643219609941],[408927.7210335338,64152.366345273542],[408928.49235745461,64151.695742934033],[408834.7523874566,64049.281249610161],[408808.67698028195,64074.319913441286]]]},"properties":{"OBJECTID":15852,"ACRES":25.32792165,"LU15":1200,"LABEL15":"COMMERCIAL/SERVICES","TYPE15":"URBAN","IS15":97.578008030000007,"DV15":0}},{"type":"Feature","id":15857,"geometry":{"type":"Polygon","coordinates":[[[408283.64128495514,65316.947677527889],[408277.5212184519,65322.840710361714],[408176.62247012526,65422.243726775756],[408119.53236120567,65474.750183437151],[408045.50035703549,65543.79564902671],[408041.78645370476,65547.33894901794],[407964.47919361986,65621.029418443839],[407872.638498038,65524.92363952352],[407951.07436478656,65451.416896774754],[407810.40830753499,65302.66358534406],[407760.05735837255,65250.042299519606],[407761.82572753087,65249.599387019814],[407895.91371395532,65123.762696435006],[407903.43994561711,65116.702343108016],[408008.08245287114,65024.727461435279],[408101.76336786628,65121.74498392683],[408183.12508179137,65038.109980609275],[408097.97072453744,64947.643954190527],[408093.31522203964,64942.683334185604],[408181.62902179232,64858.808501935579],[408278.53171512432,64766.797531101431],[408283.64128495037,64772.330984603213],[408463.62681736983,64967.246933358096],[408365.85601553397,65059.854687778003],[408507.00304295344,65194.937422853814],[408504.84425461746,65199.799617853685],[408487.94140129164,65242.086278689923],[408465.47064570221,65290.534344516003],[408456.04809236707,65343.007992855884],[408448.70230654185,65383.926874274206],[408415.78570570482,65384.127005102695],[408317.87907737162,65283.979239520741],[408283.64128495514,65316.947677527889]]]},"properties":{"OBJECTID":15857,"ACRES":6.6487374700000004,"LU15":1200,"LABEL15":"COMMERCIAL/SERVICES","TYPE15":"URBAN","IS15":92.768608619999995,"DV15":0}},{"type":"Feature","id":15858,"geometry":{"type":"Polygon","coordinates":[[[408881.50819945318,65424.061964605207],[408866.49937120196,65437.194812351983],[408848.67624412221,65615.427067434226],[408840.23367570271,65637.002483611446],[408830.8531170346,65651.073649687052],[408817.7202692916,65660.453880280329],[408804.58709345397,65665.14448769539],[408788.63994687068,65667.020468185394],[408764.25023186882,65663.268179107181],[408719.94815511693,65657.816746435725],[408728.93862270447,65525.383612349804],[408734.53244353546,65408.661076780059],[408737.16039103386,65386.367814273224],[408922.32799970027,65393.915043278022],[408919.96875245712,65415.619724275246],[408906.87986787042,65414.196498766069],[408881.50819945318,65424.061964605207]]]},"properties":{"OBJECTID":15858,"ACRES":0.83561328000000001,"LU15":1200,"LABEL15":"COMMERCIAL/SERVICES","TYPE15":"URBAN","IS15":100,"DV15":0}},{"type":"Feature","id":16601,"geometry":{"type":"Polygon","coordinates":[[[401843.72175012057,56738.802104176189],[401746.96997512842,56838.753019773481],[401605.09689928609,56996.006970355076],[401589.99522344954,57010.203136185417],[401573.59729037364,57025.619772027072],[401382.69511311379,56851.417036437786],[401419.06315062015,56813.59198085111],[401424.64417619992,56807.965351690662],[401551.84208453755,56663.182176690956],[401635.3757101213,56574.999610268787],[401643.05286012479,56566.895951934908],[401656.34974953491,56552.859234602998],[401843.72175012057,56738.802104176189]]]},"properties":{"OBJECTID":16601,"ACRES":2.4002441999999999,"LU15":1300,"LABEL15":"INDUSTRIAL","TYPE15":"URBAN","IS15":92.695361750000004,"DV15":0}},{"type":"Feature","id":16605,"geometry":{"type":"Polygon","coordinates":[[[400890.55042812182,58521.678787771976],[400801.68807303434,58618.726493941547],[400765.65664903651,58650.954447856464],[400670.79758678476,58561.774836191093],[400696.81590745377,58533.992411441206],[400943.13496861304,58270.967346943711],[401134.82454587094,58066.279108025898],[401226.79286586586,58157.7129802735],[401390.45428395044,57977.558813026277],[401202.54094586277,57796.049333521485],[401298.12507228157,57694.291006854328],[401406.43194228696,57798.191717684691],[401585.84464120393,57611.682576267885],[401666.12696095451,57687.102701014053],[401489.09614703426,57870.39006410657],[401494.37828870286,57875.262101603337],[401599.62446929194,57979.215633862266],[401519.58722779044,58062.763367022344],[401603.1635042064,58143.553887852635],[401546.79288203339,58198.182059443658],[401535.36573953001,58212.191217775238],[401455.32324870169,58282.276379437688],[401360.43793978466,58383.398552527433],[401345.15909895155,58397.785006690654],[401256.71406587103,58310.255654185872],[401165.53642670403,58401.882767529183],[401074.81121445133,58320.445922520455],[400890.55042812182,58521.678787771976]]]},"properties":{"OBJECTID":16605,"ACRES":6.4576895099999998,"LU15":1300,"LABEL15":"INDUSTRIAL","TYPE15":"URBAN","IS15":87.579366239999999,"DV15":0}},{"type":"Feature","id":16616,"geometry":{"type":"Polygon","coordinates":[[[407165.09398137039,68327.525317760956],[407155.77641470934,68324.03123027696],[407160.63139186613,68292.496188345453],[407174.97552328813,68248.503494190052],[407154.10581436928,68230.577020852652],[407183.12511328317,68111.905670272405],[407184.56539912161,68103.897156104736],[407199.47022495192,68020.413071105722],[407205.60538328654,67986.374425271453],[407322.78362661717,68099.274461929046],[407375.79008228652,68154.804862685589],[407343.32197136781,68189.359911688938],[407258.2693199552,68278.109734187601],[407236.23524329078,68286.272447521929],[407195.07128362259,68282.94338593648],[407165.09398137039,68327.525317760956]]]},"properties":{"OBJECTID":16616,"ACRES":0.85823128000000004,"LU15":1300,"LABEL15":"INDUSTRIAL","TYPE15":"URBAN","IS15":80.703306789999999,"DV15":0}},{"type":"Feature","id":16902,"geometry":{"type":"Polygon","coordinates":[[[401852.74732261745,57858.203736770265],[401681.36741603416,58052.032745439654],[401599.62446929194,57979.215633862266],[401494.37828870286,57875.262101603337],[401489.09614703426,57870.39006410657],[401666.12696095451,57687.102701014053],[401852.74732261745,57858.203736770265]]]},"properties":{"OBJECTID":16902,"ACRES":1.5347168899999999,"LU15":1400,"LABEL15":"TRANSPORTATION/COMMUNICATION/UTILITIES","TYPE15":"URBAN","IS15":89.89630622,"DV15":0}},{"type":"Feature","id":16903,"geometry":{"type":"Polygon","coordinates":[[[403001.58623228531,58242.230527772728],[402923.0463631149,58157.647363606869],[402904.92303978896,58175.016095272571],[402817.68863420561,58082.266608858336],[402957.25233145035,57965.573600768272],[402983.90910228482,57991.456423024312],[403108.56469286827,58089.960163016629],[403140.62499620259,58112.486364696488],[403001.58623228531,58242.230527772728]]]},"properties":{"OBJECTID":16903,"ACRES":0.99894547,"LU15":1400,"LABEL15":"TRANSPORTATION/COMMUNICATION/UTILITIES","TYPE15":"URBAN","IS15":95.608575630000004,"DV15":0}},{"type":"Feature","id":16904,"geometry":{"type":"Polygon","coordinates":[[[401540.40838036378,58568.090112269572],[401326.12698478519,58764.602514524056],[401270.74323728489,58815.833055105541],[401186.50423253159,58724.950362860662],[401180.14269670105,58718.090140355009],[401142.18017420394,58677.132217016428],[401230.49036503473,58600.734403942188],[401182.71815086657,58549.336868935774],[401242.87879170215,58495.826477270202],[401345.15909895155,58397.785006690654],[401360.43793978466,58383.398552527433],[401540.40838036378,58568.090112269572]]]},"properties":{"OBJECTID":16904,"ACRES":1.9476971299999999,"LU15":1400,"LABEL15":"TRANSPORTATION/COMMUNICATION/UTILITIES","TYPE15":"URBAN","IS15":97.031102099999998,"DV15":0}},{"type":"Feature","id":16917,"geometry":{"type":"Polygon","coordinates":[[[409448.73902036867,63633.951699692596],[409470.93188936514,63660.579599185745],[409500.91476903553,63709.963030598439],[409519.23428620159,63747.964923113956],[409527.37042478775,63776.984550102999],[409532.54922020074,63795.455313679166],[409533.5433127057,63817.549757687812],[409534.77920262032,63845.012629275981],[409532.13452287088,63864.927287615472],[409529.68833353143,63883.351135267505],[409524.72476078465,63920.726716688965],[409521.65554120991,63943.839531360893],[409507.96954495501,63977.1659082728],[409498.07291120221,64001.264941442081],[409472.69533729111,64033.604443686185],[409446.38994370069,64067.127342523891],[409424.61439670151,64049.300934603336],[409408.31980986497,64038.895443602538],[409434.77579370188,64008.03067593876],[409450.64879345091,63985.102572184987],[409456.93847903347,63976.017616605917],[409462.99489736854,63959.528476348729],[409468.4338628673,63944.720763184341],[409472.69533728715,63925.13615668851],[409476.97091929015,63905.486261613041],[409481.38396820525,63885.205790358094],[409480.63200119999,63866.933517191232],[409479.87084786803,63848.430273361417],[409476.38365012174,63817.734468604765],[409467.12448228872,63781.620367600321],[409439.3519000368,63733.890804267736],[409408.43660753412,63702.348544519744],[409396.8290192078,63690.501455360878],[409309.89677837479,63598.759512856035],[409216.96684612148,63500.691795607796],[409208.50557695195,63491.764648098368],[408940.25742579019,63208.329519442683],[408932.53434411855,63200.170086936989],[408680.42822103866,62934.179477185338],[408537.23592211877,62786.646635770085],[408397.94781487423,62637.378233531839],[408283.64128495409,62515.950326773265],[408258.65970761969,62489.412322105411],[408116.76661870233,62341.010059856562],[407973.57431978622,62187.840746772483],[407830.81541895226,62037.702923689423],[407683.28257753624,61881.055927265108],[407551.2680777894,61743.322935023025],[407533.14475445362,61724.412211692892],[407387.35075470223,61569.937126942321],[407363.59424053913,61544.727203604401],[407245.45766579168,61419.366561941191],[407087.94452937297,61251.006662442865],[406925.66106128693,61080.042109356225],[406787.67216403788,60937.716278516258],[406698.67135778686,60843.849340266279],[406694.00437236327,60838.926777941182],[406438.24635370541,60569.953562608018],[406251.07776478492,60372.896542018039],[406169.8177567047,60287.345532023741],[405889.30945945199,59987.571853363181],[405609.74243328196,59691.561290517289],[405097.9990341969,59152.366174686722],[404724.99846786802,58759.356462015829],[404579.25696145248,58605.872188939225],[404415.35932336946,58433.27378086411],[404395.08049253759,58413.765945852931],[404378.23997503612,58397.565190853529],[404428.27924503607,58357.158447524977],[404470.33296670159,58397.565190851325],[404704.31904728367,58643.772703694201],[404818.58522294735,58763.991295272266],[404983.88935428625,58937.906301761483],[405188.00607203966,59152.366174685085],[405364.00768853485,59337.286408519147],[405711.232059701,59708.477267184848],[405736.10668187262,59734.45917060085],[406059.40131087328,60072.148455857663],[406108.38710528536,60124.049270695315],[406297.30765920714,60324.212584273446],[406383.13491537003,60415.147113699612],[406577.92291162064,60621.089615190045],[406703.10868487431,60753.444337357971],[406784.34539903695,60838.647907107515],[406788.96645278938,60843.539301526616],[406833.66944736958,60890.852527103685],[407113.1118018665,61182.447088272704],[407352.63625719829,61437.591591102151],[407593.02652445144,61689.264644189505],[407781.16295920068,61889.487668944043],[407809.11894003133,61919.24187451871],[407966.60911061824,62085.150663432469],[408085.09017287008,62209.966686773347],[408283.64128495369,62418.847830683531],[408318.54180569714,62455.563964612375],[408556.33037211781,62709.841999361255],[408821.88495911943,62990.153774695296],[409082.00287720549,63261.37436085807],[409106.53694886836,63286.955018360051],[409171.50105778873,63354.743596689455],[409425.9004833686,63620.20303952854],[409428.73184253619,63624.136758690554],[409435.55925670167,63618.138411109219],[409448.73902036867,63633.951699692596]]]},"properties":{"OBJECTID":16917,"ACRES":11.5472328,"LU15":1400,"LABEL15":"TRANSPORTATION/COMMUNICATION/UTILITIES","TYPE15":"URBAN","IS15":85.265036640000005,"DV15":0}},{"type":"Feature","id":16918,"geometry":{"type":"Polygon","coordinates":[[[408280.37751195492,66625.69965319075],[408066.40910787252,66809.523760598953],[407851.53388144961,67005.390166767742],[407684.75567170262,66825.67858394263],[407698.97152253485,66812.000789764978],[407808.99689303589,66706.204741521346],[407715.3753611251,66600.591763770644],[407865.11521912063,66460.617962356162],[407956.78465520422,66564.368082934045],[408098.71875453414,66431.912311104272],[408280.37751195492,66625.69965319075]]]},"properties":{"OBJECTID":16918,"ACRES":3.99543735,"LU15":1400,"LABEL15":"TRANSPORTATION/COMMUNICATION/UTILITIES","TYPE15":"URBAN","IS15":99.100446329999997,"DV15":0}},{"type":"Feature","id":16926,"geometry":{"type":"Polygon","coordinates":[[[404269.00102028507,71662.922846437883],[404232.15726195142,71679.044861430957],[404218.29246028536,71647.847417277924],[404243.88624111743,71636.397308934538],[404288.71554778854,71606.876370608967],[404341.19575778709,71576.262586690616],[404376.18256444932,71548.929964187992],[404419.91968170577,71530.340762524895],[404453.81069003628,71523.782376683972],[404622.18666561792,71433.034526687479],[404775.2575537028,71341.193831105222],[404899.90002095286,71251.538170517408],[405024.54216011602,71157.509487190633],[405131.68794320768,71064.5729932697],[405441.10727186577,70779.209062685171],[405596.36319495185,70644.72737627053],[405652.36045828537,70583.034258187123],[405638.00681245478,70569.727198186607],[405332.45558628556,70252.886624522987],[405322.66229878686,70242.276409523853],[405315.72333628446,70237.991641187706],[405307.50156794983,70234.605821186749],[405288.613810451,70248.126135351791],[405287.59675212408,70248.851199529643],[405250.06401878333,70278.874433441859],[405139.18464736798,70386.666212604337],[405079.15852070594,70432.860345935027],[405023.71867095225,70452.877038191626],[404974.44055428653,70457.499732357799],[404875.90728678362,70455.961021518859],[404732.68874119909,70455.961021521493],[404677.25217228726,70466.735278191962],[404623.37432728399,70494.451758182142],[404539.84070170188,70558.250843190413],[404302.87890528928,70787.437392691121],[404291.12696028937,70774.655266023343],[404273.43014528439,70755.406288785292],[404348.43229186675,70684.047179520247],[404497.49039270094,70542.228565519457],[404512.28170170123,70528.155759022382],[404584.87702895369,70460.577154018858],[404587.60340145178,70458.5495990216],[404620.92354478547,70427.676629269132],[404647.18989645556,70406.662891780376],[404683.96803811722,70398.782330103422],[404736.50763119856,70394.842049266997],[404790.35594870243,70394.842049273459],[404810.06063370191,70368.572416772673],[404811.37296703452,70327.857275105867],[404807.43268620007,70291.075852599228],[404803.49240537029,70277.942676771083],[404801.86183120043,70268.421370354132],[404835.87751120614,70247.929285361563],[404889.84426678997,70215.43591202049],[404929.44064428349,70191.577692025472],[404950.45766261872,70215.166883681479],[404917.76743929059,70239.851873690946],[404896.75042095216,70256.925330362108],[404882.30163095484,70291.075852605951],[404886.24191179022,70331.794275111228],[404909.880315958,70354.123626775967],[404942.72145761963,70369.884750104451],[404990.00482762093,70375.137364268638],[405041.23208736716,70356.751574273367],[405101.65191404166,70316.03315176758],[405176.51724987,70245.104487849618],[405225.11656211782,70199.133451195768],[405236.09423045482,70167.686663696091],[405247.38489028771,70159.604330768168],[405235.2878016241,70145.779227189778],[405199.80657337257,70105.228783346131],[405169.90079329105,70071.050702108958],[405152.81158861896,70063.57433909821],[405134.08065495093,70065.032341435697],[405158.12489820615,70050.163604767367],[405159.73250653286,70050.275153101684],[405216.1303596223,70014.287692275233],[405384.40791020356,69910.219330855238],[405391.91445686517,69906.321700856031],[405372.40662186936,69936.206811692769],[405351.32037795236,69968.342902274308],[405341.27774711984,69991.44324976913],[405334.2502021218,70018.556056433692],[405331.89259528619,70047.61144452091],[405335.45065903827,70067.846640266696],[405341.8069455357,70103.996830438788],[405348.4496487843,70123.022382940922],[405361.66517353308,70139.635538679271],[405426.12698686653,70209.937235357487],[405714.27667303762,70530.153786512965],[405753.24805178808,70493.911076854391],[405862.66253111721,70392.158327605444],[406659.70621262491,69613.040791361607],[406698.62706653826,69657.112553603511],[405930.66108278855,70402.105814267008],[405920.42160195351,70481.085643187078],[406001.36632195377,70563.628129016026],[406001.40897278913,70563.670779854059],[406001.3892877847,70563.68718402418],[405886.70349353366,70668.556396850094],[405862.33116695052,70690.84276961087],[406018.65008003096,70859.97661768808],[406070.81533003977,70913.477166854907],[406105.41499837034,70939.228755773016],[406078.59090503462,70961.987896606559],[406134.26664670557,71020.790272431594],[406110.37561837066,71054.123539113731],[406104.25030253595,71041.879469106279],[406086.86188587348,71020.478593272142],[406014.63729278691,70952.263506605756],[405925.02461111802,70865.324376017845],[405807.32110636361,70732.912895434594],[405672.95096828707,70592.141851528417],[405667.37683245074,70596.95483402141],[405650.54615745659,70614.619168764271],[405581.03514161939,70692.151822108543],[405597.8625357874,70705.826335441976],[405603.94191995094,70706.928695428622],[405073.7418648696,71187.027144691878],[404899.90002095525,71321.51211193722],[404609.06661311333,71508.474008356614],[404307.4327019527,71674.425448112699],[404289.81462695682,71651.210271431482],[404269.00102028507,71662.922846437883]]]},"properties":{"OBJECTID":16926,"ACRES":9.5013071100000008,"LU15":1400,"LABEL15":"TRANSPORTATION/COMMUNICATION/UTILITIES","TYPE15":"URBAN","IS15":56.594152149999999,"DV15":0}},{"type":"Feature","id":17511,"geometry":{"type":"Polygon","coordinates":[[[407233.3546716182,67580.852598519545],[407232.88518436922,67600.275459940516],[407230.93013579125,67681.128316616596],[407221.95377578319,67847.614532193591],[407215.7402055352,67900.352615685682],[407205.60538328654,67986.374425271453],[407199.47022495192,68020.413071105722],[407184.56539912161,68103.897156104736],[407183.12511328317,68111.905670272405],[407154.10581436928,68230.577020852652],[407151.43849686644,68241.469387514604],[407148.62682270008,68253.054010021297],[407076.47145520255,68425.570397274656],[407049.41114186705,68478.100147854086],[406987.34400878561,68598.592032856002],[406969.84404378495,68632.584747016648],[406956.81257378671,68651.561415110948],[406951.37623295712,68659.484627599813],[406902.16373296041,68739.723968439648],[406913.12171628576,68562.164940357921],[406947.87558379042,68500.842884524725],[407009.35872853466,68366.656473105104],[407028.12509520538,68307.896748108687],[407046.08109603799,68254.038260016125],[407103.21024687513,68050.823115271472],[407116.49762187403,67960.386616353018],[407136.064511868,67807.660215773256],[407139.81778520707,67777.197678271099],[407129.32239936682,67727.237148266475],[407088.5186752138,67610.124193518626],[407065.25756687199,67538.716856021827],[407057.09813436575,67540.347430189067],[407034.24713020248,67462.817729593691],[407014.25045103795,67399.976647945368],[407011.80294936843,67388.145962941548],[407014.66055520001,67357.949172941415],[407021.18941353372,67334.691345441868],[407025.26748936804,67325.711704609072],[407030.98270103411,67317.141839848438],[407053.83370520285,67291.026406525008],[407079.53903436876,67274.704260681989],[407092.20633187256,67269.386029858855],[407104.02389353706,67277.155043187158],[407115.04093186837,67282.866974023316],[407143.14783103584,67279.333516521641],[407219.51283579244,67270.87880902295],[407224.8113816182,67293.477189022247],[407227.25888328592,67319.592622353404],[407223.17752661934,67328.976133770586],[407224.4078391153,67394.264717098602],[407226.73066912009,67442.791522936677],[407227.10468411876,67450.576940444793],[407233.3546716182,67580.852598519545]]]},"properties":{"OBJECTID":17511,"ACRES":3.7490495500000001,"LU15":1410,"LABEL15":"MAJOR ROADWAY","TYPE15":"URBAN","IS15":91.053936219999997,"DV15":0}},{"type":"Feature","id":17512,"geometry":{"type":"Polygon","coordinates":[[[404121.57316553401,70677.020618765993],[403986.04817412252,70760.537512101888],[403969.59479495534,70770.678896020327],[403961.33037578518,70775.774030184824],[403829.75222686987,70764.294066271861],[403929.91967745632,70702.962167940728],[404021.88471661683,70646.656506275074],[404162.52780803066,70560.54086486077],[404362.62944195123,70438.021424853912],[404383.87644670042,70425.012592601124],[404540.75638229039,70329.271314272017],[404615.9694864534,70275.724833434724],[405094.56531403353,69980.039073102598],[405094.09615487035,69969.97675727366],[405082.46888153814,69948.155934766823],[405028.03296678781,69891.131442518788],[404994.56518595089,69843.749647521239],[404977.84605929244,69799.156560855045],[404975.06391262118,69743.418155273714],[404986.21874595142,69698.818506936426],[405019.65699928731,69648.648003609196],[405072.62638153898,69606.843297184663],[405107.12762486754,69591.154352188678],[405147.43922403478,69583.749511356466],[405195.25408904167,69587.335462187897],[405237.06535711937,69598.483733852481],[405284.44387128443,69626.351460270118],[405315.09669712023,69654.228701106244],[405337.40636378911,69690.458943607693],[405348.53166961169,69737.834176934586],[405350.00148295047,69756.725215277271],[405350.06381878466,69757.430594438949],[405350.2212987853,69782.381660026469],[405350.43783378246,69790.524688354824],[405346.33941678872,69799.854066022104],[405336.5008537813,69822.250346684901],[405329.68984378822,69834.779849187034],[405502.20295019634,69730.576973604388],[406203.23993395129,69300.488594930939],[406377.28190870141,69182.312650184263],[406404.66013479227,69162.233950189184],[406418.11548845313,69152.366187770036],[406432.93796536943,69141.495802692021],[406452.28175870614,69125.03225293888],[406577.67848953907,69012.745404025438],[406565.54596786946,69131.063080780877],[406542.06766836863,69152.366187767824],[406435.62496786739,69248.946375180487],[406348.00047120999,69316.827144941286],[406053.97153170349,69494.422262186432],[405917.1998236198,69583.677333020372],[405781.31394053379,69670.18339360549],[405645.43133828719,69752.611050275867],[405522.14647986973,69828.249350433936],[405476.49762103596,69856.256184188678],[405414.47346686712,69894.615687519923],[405391.91445686517,69906.321700856031],[405384.40791020356,69910.219330855238],[405216.1303596223,70014.287692275233],[405159.73250653286,70050.275153101684],[405158.12489820615,70050.163604767367],[405134.08065495093,70065.032341435697],[404929.44064428349,70191.577692025472],[404889.84426678997,70215.43591202049],[404835.87751120614,70247.929285361563],[404801.86183120043,70268.421370354132],[404647.03241645457,70361.68594760554],[404626.19256311649,70370.347347602394],[404452.36712337285,70473.172273188597],[404409.14870587341,70499.806078193345],[404387.56443145312,70513.106904611705],[404183.80499645282,70638.671942193658],[404146.05474386842,70661.935347104212],[404147.00290470087,70661.764743768275],[404121.57316553401,70677.020618765993]],[[405129.12561236846,69666.951772769302],[405114.9064806939,69677.374980272129],[405083.65982403507,69700.101312770537],[405073.25302070152,69722.827645272628],[405063.7812548707,69750.288220269518],[405062.84621737024,69782.483365860797],[405068.50237403804,69811.836981683125],[405084.62766987289,69833.618434187243],[405100.72015736927,69853.500284184032],[405145.73647153657,69897.010695859135],[405205.98602295452,69858.670877514014],[405234.27664878423,69833.355967521507],[405248.42032128421,69811.020054188382],[405256.61256211856,69786.453174191221],[405259.5915587889,69760.393186931527],[405259.59155878669,69740.291521102496],[405253.43015378487,69713.893936105625],[405236.12703878444,69688.73322527323],[405209.59493961866,69672.630895267779],[405186.87484070053,69666.006892769612],[405160.37554986833,69664.117132768704],[405129.12561236846,69666.951772769302]]]},"properties":{"OBJECTID":17512,"ACRES":7.9702788099999999,"LU15":1410,"LABEL15":"MAJOR ROADWAY","TYPE15":"URBAN","IS15":88.520255320000004,"DV15":0}},{"type":"Feature","id":18111,"geometry":{"type":"Polygon","coordinates":[[[407412.4412556985,68919.738372181804],[407397.09482970135,68940.967332360262],[407374.1221066193,68972.737610023221],[407317.41421479243,68922.111398931476],[407301.06582228746,68905.762678355663],[407287.63704336918,68892.333899439851],[407304.32237745257,68866.495368444972],[407323.23638161441,68881.678080853759],[407350.00502887019,68903.165570688798],[407397.61320137541,68817.102750693535],[407446.87163303664,68729.359815941018],[407494.59168195253,68647.775333437006],[407501.46994903899,68633.636582189662],[407522.29831945902,68590.819738685925],[407528.40362219588,68565.637046269389],[407544.10798711859,68574.202974019427],[407528.43282161391,68641.681841689759],[407520.92102561868,68666.856988188709],[407505.36954753473,68718.975322270329],[407483.92536469985,68776.406965934089],[407474.26265436865,68798.825228187925],[407471.15636136895,68806.031906686403],[407459.37062378298,68833.375027851536],[407448.19413696002,68854.416324357473],[407435.62099936901,68878.08819302237],[407431.45466912154,68885.931681269984],[407422.61151094828,68902.580270028164],[407412.4412556985,68919.738372181804]]]},"properties":{"OBJECTID":18111,"ACRES":0.51792371000000004,"LU15":1499,"LABEL15":"STORMWATER BASIN","TYPE15":"URBAN","IS15":7.8653682099999997,"DV15":0}},{"type":"Feature","id":18307,"geometry":{"type":"Polygon","coordinates":[[[402877.86272645264,56579.595729678855],[402786.71691136505,56669.439382014869],[402592.04538470355,56499.455470024455],[402572.34758945723,56520.892106937441],[402483.531822199,56433.877517180452],[402724.28626195359,56167.558824100124],[402817.42944836995,56254.179385764888],[402772.79043003899,56302.758356853185],[402863.53992044891,56398.60626226927],[402776.30026553257,56489.752077354984],[402877.86272645264,56579.595729678855]]]},"properties":{"OBJECTID":18307,"ACRES":2.2075238100000001,"LU15":1600,"LABEL15":"MIXED URBAN OR BUILT-UP LAND","TYPE15":"URBAN","IS15":81.318086050000005,"DV15":0}},{"type":"Feature","id":18309,"geometry":{"type":"Polygon","coordinates":[[[407426.22862970806,60002.512768356784],[407328.62908736587,59897.179317610426],[407436.64724403579,59795.707407688635],[407353.50567803794,59708.91033719384],[407459.57501970307,59600.944345777025],[407465.16621587088,59596.849537687012],[407638.26232637232,59792.855707355702],[407643.63173820428,59788.904599769136],[407702.74940212024,59852.251585938866],[407589.89693753509,59957.466926688743],[407533.19068611972,59896.495591939631],[407426.22862970806,60002.512768356784]]]},"properties":{"OBJECTID":18309,"ACRES":1.70372134,"LU15":1600,"LABEL15":"MIXED URBAN OR BUILT-UP LAND","TYPE15":"URBAN","IS15":97.220609870000004,"DV15":0}},{"type":"Feature","id":18310,"geometry":{"type":"Polygon","coordinates":[[[406693.64873003273,60507.270289023123],[406655.46573553298,60538.665567439049],[406659.7085091992,60544.605188106652],[406577.92291162064,60621.089615190045],[406383.13491537003,60415.147113699612],[406297.30765920714,60324.212584273446],[406378.00237970508,60244.231773104861],[406574.00887744915,60430.904300019189],[406598.61545553245,60402.903699852948],[406693.64873003273,60507.270289023123]]]},"properties":{"OBJECTID":18310,"ACRES":1.27142537,"LU15":1600,"LABEL15":"MIXED URBAN OR BUILT-UP LAND","TYPE15":"URBAN","IS15":92.214066310000007,"DV15":0}},{"type":"Feature","id":18324,"geometry":{"type":"Polygon","coordinates":[[[401706.13573920156,57447.871880271625],[401679.88185470854,57479.356397354277],[401771.80457112205,57571.278785688301],[401666.12696095451,57687.102701014053],[401585.84464120393,57611.682576267885],[401469.96232703672,57511.856660433979],[401394.00480178738,57443.587768100777],[401477.13061978761,57350.324503182543],[401555.19345578621,57419.336832359353],[401611.36657178245,57362.286421527351],[401706.13573920156,57447.871880271625]]]},"properties":{"OBJECTID":18324,"ACRES":1.38922816,"LU15":1700,"LABEL15":"OTHER URBAN OR BUILT-UP LAND","TYPE15":"URBAN","IS15":37.417370120000001,"DV15":0}},{"type":"Feature","id":18440,"geometry":{"type":"Polygon","coordinates":[[[404099.28712086991,56561.601015016786],[404040.31348553661,56614.650449610934],[403953.38354128448,56517.095854686959],[403879.16485770349,56590.01237551932],[403792.12697402935,56491.389213186412],[403885.40861162386,56405.718124687315],[403926.24087903666,56367.571547441046],[404099.28712086991,56561.601015016786]]]},"properties":{"OBJECTID":18440,"ACRES":0.78045373000000007,"LU15":1700,"LABEL15":"OTHER URBAN OR BUILT-UP LAND","TYPE15":"URBAN","IS15":35.828371509999997,"DV15":0}},{"type":"Feature","id":18442,"geometry":{"type":"Polygon","coordinates":[[[401635.3757101213,56574.999610268787],[401551.84208453755,56663.182176690956],[401424.64417619992,56807.965351690662],[401329.82448395091,56713.946510851994],[401355.97928728559,56685.006280027555],[401347.12431811908,56676.682805847202],[401260.73013395013,56593.185269439338],[401286.80947811768,56565.714851941746],[401363.78438978526,56487.105757187906],[401450.84491119877,56567.913010264056],[401456.81110662082,56573.540951765055],[401517.94123370171,56509.133600274334],[401545.21152036765,56479.080838858703],[401643.05286012479,56566.895951934908],[401635.3757101213,56574.999610268787]]]},"properties":{"OBJECTID":18442,"ACRES":1.4165641099999999,"LU15":1700,"LABEL15":"OTHER URBAN OR BUILT-UP LAND","TYPE15":"URBAN","IS15":34.466768829999999,"DV15":0}},{"type":"Feature","id":18447,"geometry":{"type":"Polygon","coordinates":[[[406899.51281961967,56999.432160355726],[406953.92872128915,57058.979285349858],[406917.98063045129,57093.254151191897],[406912.76574587019,57098.226582180519],[406831.43848070491,57175.773999267694],[406761.97667736799,57242.000900937288],[406665.2606634511,57138.969282857208],[406621.48450428026,57092.33223702453],[406719.61783820105,56994.606054532676],[406787.42478919687,56927.084536018272],[406811.49757570546,56903.113127277305],[406899.51281961967,56999.432160355726]]]},"properties":{"OBJECTID":18447,"ACRES":1.27423098,"LU15":1700,"LABEL15":"OTHER URBAN OR BUILT-UP LAND","TYPE15":"URBAN","IS15":92.948302499999997,"DV15":0}},{"type":"Feature","id":18454,"geometry":{"type":"Polygon","coordinates":[[[406987.71769570222,57453.345950688585],[406940.47303953738,57497.811412940609],[406971.82829179167,57530.659772433261],[406724.5056236973,57756.475921857374],[406630.81158537028,57691.479988853032],[406817.82302237273,57516.20901394212],[406939.23714962008,57402.417574848987],[406987.71769570222,57453.345950688585]]]},"properties":{"OBJECTID":18454,"ACRES":1.00801615,"LU15":1700,"LABEL15":"OTHER URBAN OR BUILT-UP LAND","TYPE15":"URBAN","IS15":92.714679129999993,"DV15":0}},{"type":"Feature","id":18456,"geometry":{"type":"Polygon","coordinates":[[[402662.86578112346,57882.660380771908],[402603.97810362163,57817.778620773061],[402550.64782970527,57865.547554104225],[402438.19070553163,57737.355225186751],[402576.06477361644,57612.043467945456],[402766.84556003369,57787.233734357826],[402662.86578112346,57882.660380771908]]]},"properties":{"OBJECTID":18456,"ACRES":1.04222082,"LU15":1700,"LABEL15":"OTHER URBAN OR BUILT-UP LAND","TYPE15":"URBAN","IS15":45.186839689999999,"DV15":0}},{"type":"Feature","id":18457,"geometry":{"type":"Polygon","coordinates":[[[406344.27738153911,57667.290732776964],[406241.53546103725,57768.022486690628],[406386.97742736485,57931.158315272209],[406425.79132612416,57965.095911439661],[406373.09556537098,58017.158471356233],[406357.11364195781,58032.709293270738],[406265.64794561593,57936.429958266199],[406168.45621087041,57839.671621609778],[406220.98464911897,57788.171396520644],[406038.34196978534,57593.40308526656],[406162.3545170413,57475.83179810959],[406344.27738153911,57667.290732776964]]]},"properties":{"OBJECTID":18457,"ACRES":1.6408431800000001,"LU15":1700,"LABEL15":"OTHER URBAN OR BUILT-UP LAND","TYPE15":"URBAN","IS15":34.321345170000001,"DV15":0}},{"type":"Feature","id":18460,"geometry":{"type":"Polygon","coordinates":[[[404836.30401953601,58174.612552773753],[404824.97530203167,58186.587594439923],[404797.4851995355,58215.63281192955],[404771.4373513757,58240.197067271263],[404599.46000503731,58027.374986356939],[404586.43936178618,58042.999955102707],[404513.5225128748,57954.458137444475],[404500.50186961499,57966.176946023224],[404423.77006770554,57880.738796688012],[404495.05535820709,57816.054870929809],[404591.29105811595,57924.842054935769],[404646.23681436933,57986.015489021003],[404732.27273153636,58084.666538442747],[404746.2123362018,58072.801404679019],[404836.30401953601,58174.612552773753]]]},"properties":{"OBJECTID":18460,"ACRES":0.93975172000000007,"LU15":1700,"LABEL15":"OTHER URBAN OR BUILT-UP LAND","TYPE15":"URBAN","IS15":34.959347559999998,"DV15":0}},{"type":"Feature","id":18463,"geometry":{"type":"Polygon","coordinates":[[[401681.36741603416,58052.032745439654],[401693.09869178763,58062.483183850818],[401794.27663903747,58161.335020268649],[401812.6000932047,58179.241808603234],[401812.37043487252,58179.461624440788],[401651.76347261976,58328.756273349369],[401561.966736203,58412.227235020437],[401461.68806536682,58288.05720777504],[401455.32324870169,58282.276379437688],[401535.36573953001,58212.191217775238],[401546.79288203339,58198.182059443658],[401603.1635042064,58143.553887852635],[401519.58722779044,58062.763367022344],[401599.62446929194,57979.215633862266],[401681.36741603416,58052.032745439654]]]},"properties":{"OBJECTID":18463,"ACRES":1.60314204,"LU15":1700,"LABEL15":"OTHER URBAN OR BUILT-UP LAND","TYPE15":"URBAN","IS15":36.165577259999999,"DV15":0}},{"type":"Feature","id":18474,"geometry":{"type":"Polygon","coordinates":[[[408182.57390178385,59021.508824858931],[408283.64128495072,59131.100141097748],[408303.25312237698,59152.3661746859],[408493.74191461224,59358.920223523142],[408481.43878962274,59370.632798529376],[408450.43458653439,59400.645861855308],[408445.26071236591,59405.652413514465],[408283.64128495037,59231.299743851196],[408210.47246803675,59152.36617469271],[408073.93205870088,59005.068569015872],[408123.39783903892,58959.441035603028],[408182.57390178385,59021.508824858931]]]},"properties":{"OBJECTID":18474,"ACRES":0.85030455000000005,"LU15":1700,"LABEL15":"OTHER URBAN OR BUILT-UP LAND","TYPE15":"URBAN","IS15":43.58932918,"DV15":0}},{"type":"Feature","id":18482,"geometry":{"type":"Polygon","coordinates":[[[402020.07704045001,60653.877607356371],[401920.45453628834,60546.459515101036],[401914.61104403849,60550.685228438117],[401910.15993745648,60545.658663690519],[401889.74888903572,60522.607856780458],[401888.63340569509,60520.225971765416],[401885.65440903517,60513.831627598629],[401883.99102653534,60502.703040938213],[401883.89916320331,60500.964199264214],[401884.25349320326,60492.286395100506],[401885.55598403438,60483.953078436003],[401891.50413487351,60468.792347607894],[401892.08812320034,60462.94590260338],[401891.50413486676,60451.243170107336],[401892.08812320256,60440.127706768813],[401893.25938070117,60428.428255109131],[401895.59861486382,60419.654978681858],[401906.71079736983,60400.350555357822],[401930.69729795237,60374.61569869407],[401938.38757128583,60367.92936034943],[401957.60341211531,60351.2135145336],[401976.18933295459,60340.705005362026],[402003.22996128636,60331.912372034443],[402005.22798878344,60331.971427004857],[402022.24239045044,60332.496360365127],[402032.65903628303,60334.976670357864],[402034.52583045274,60335.422863682084],[402045.98906211631,60340.705005361175],[402072.59662045242,60361.138035353157],[402074.302653783,60362.328977853227],[402091.26489020634,60378.706897860255],[402108.36787436641,60393.444401199013],[402121.09750770393,60401.521812865954],[402138.0626968742,60409.126784525695],[402150.93012520322,60410.878749525182],[402161.45831936854,60410.878749520081],[402175.56262187014,60405.429285361402],[402185.44449186965,60400.350555355079],[402215.46542920516,60383.719683108575],[402257.46173628484,60431.480086270189],[402153.5416685348,60529.041570939655],[402143.50231853779,60538.467405109637],[402020.07704045001,60653.877607356371]]]},"properties":{"OBJECTID":18482,"ACRES":1.52325972,"LU15":1700,"LABEL15":"OTHER URBAN OR BUILT-UP LAND","TYPE15":"URBAN","IS15":18.85652447,"DV15":0}},{"type":"Feature","id":18503,"geometry":{"type":"Polygon","coordinates":[[[409952.03558595222,62494.500894610122],[410005.20575520193,62559.936459272481],[410018.56432428124,62571.487617268387],[409978.88428553508,62574.063727604924],[409934.43325895333,62576.949548601704],[409927.19278787321,62580.562730348116],[409899.51370936749,62588.242833099059],[409886.83591320575,62591.760214522677],[409864.23917362298,62608.525272859362],[409836.90195795539,62628.807712599388],[409809.56441419973,62657.909360440892],[409749.59799870267,62749.622431607262],[409662.29436753597,62873.0818303587],[409644.65726370213,62925.090584615456],[409644.65726370661,62943.630573777577],[409644.65726370027,63049.45319677674],[409642.89381578914,63067.090300604817],[409639.33804862067,63078.991851606304],[409623.06150636898,63098.60237667906],[409576.75451236824,63154.393931764185],[409503.56043303671,63242.579450933328],[409487.68710520334,63264.625994767004],[409480.38593870128,63286.228641857822],[409470.04967328341,63337.819746009991],[409463.31084162102,63371.456817855535],[409464.7590014498,63376.621505687508],[409469.20157787146,63392.47121152679],[409491.21432911407,63423.359929268372],[409545.88941661501,63500.081560605016],[409547.97930744768,63511.483440693533],[409546.77130462043,63524.773768428844],[409545.88941662374,63534.473880273879],[409539.03345920198,63547.022739686516],[409528.25198470225,63557.402312102167],[409448.73902036867,63633.951699692596],[409435.55925670167,63618.138411109219],[409515.65456895193,63547.771753941212],[409518.23986561794,63536.580831440362],[409518.23986561713,63513.332846440462],[409514.79499061807,63502.138643101447],[409471.74389561679,63453.923516440183],[409445.91356670321,63409.149983939504],[409410.61180003383,63358.349232522414],[409399.42087753693,63345.435872514994],[409398.55801836972,63337.686544190015],[409413.220062537,63319.573063355369],[409407.10787003848,63306.987786690603],[409325.60540836025,63212.256676936995],[409478.92629595142,63075.612593278383],[409576.51107452938,62988.579630857224],[409487.37706644856,62884.999457435748],[409583.31519478292,62792.49636160615],[409720.1886087007,62654.6091701896],[409743.75155370421,62630.226016858986],[409761.78301370225,62613.871062685066],[409798.14481762209,62580.84947518602],[409831.34258586919,62548.435498022176],[409918.5153117929,62464.675166850771],[409952.03558595222,62494.500894610122]]]},"properties":{"OBJECTID":18503,"ACRES":2.7895446800000001,"LU15":1700,"LABEL15":"OTHER URBAN OR BUILT-UP LAND","TYPE15":"URBAN","IS15":23.369556750000001,"DV15":0}},{"type":"Feature","id":18517,"geometry":{"type":"Polygon","coordinates":[[[408575.96615962352,65038.205124776396],[408507.00304295344,65194.937422853814],[408365.85601553397,65059.854687778003],[408463.62681736983,64967.246933358096],[408510.50041128672,64908.631565021242],[408554.78181878902,64831.787558606469],[408582.15709211543,64739.317271105036],[408681.65754929063,64798.002849268341],[408690.94001103274,64776.90577860154],[408724.75227936974,64713.477427770813],[408775.50020936818,64660.613032181653],[408777.15703019942,64659.202273860588],[408872.04102678254,64573.065963187328],[408958.1852114505,64661.636980276511],[408861.1076496999,64751.194543937163],[408864.9941248704,64755.453065603804],[408745.00617586949,64864.886901852209],[408738.80376045359,64862.067681769593],[408719.63155470404,64904.358935769225],[408680.72349603963,64947.778140272945],[408634.1484579547,64905.97966743596],[408575.96615962352,65038.205124776396]]]},"properties":{"OBJECTID":18517,"ACRES":2.23485545,"LU15":1700,"LABEL15":"OTHER URBAN OR BUILT-UP LAND","TYPE15":"URBAN","IS15":73.558502180000005,"DV15":0}},{"type":"Feature","id":18525,"geometry":{"type":"Polygon","coordinates":[[[408491.74487136828,65934.336862683165],[408487.83871119941,65949.961831441178],[408477.42206536955,65969.49328843152],[408459.19277111912,66004.649386101286],[408431.37327295879,66002.61395710615],[408432.81323070981,65958.241342437497],[408443.65638487117,65624.110449015425],[408471.45816653612,65625.406378185871],[408586.83916937129,65636.13995251646],[408624.50346411887,65639.643554438153],[408667.47221020347,65650.060200272565],[408668.26125061623,65650.846944104735],[408661.10739353544,65661.450269359906],[408570.3920237858,65792.393248937238],[408563.37136853609,65809.944394943668],[408554.9934325373,65820.187812767312],[408554.59612361738,65841.53586718213],[408552.00688995421,65980.703895932282],[408537.31761486927,65979.909934266092],[408521.69264611846,65966.888962942307],[408498.25535703555,65930.430702533442],[408491.74487136828,65934.336862683165]]]},"properties":{"OBJECTID":18525,"ACRES":1.1684589000000001,"LU15":1700,"LABEL15":"OTHER URBAN OR BUILT-UP LAND","TYPE15":"URBAN","IS15":36.53661305,"DV15":0}},{"type":"Feature","id":18528,"geometry":{"type":"Polygon","coordinates":[[[407231.75034412125,66159.494220773777],[407216.2516874508,66191.610626358961],[407175.44140161824,66268.854566354494],[407167.46405536769,66291.692447191512],[407157.48179186811,66320.268505519096],[407156.97326270386,66322.706164682444],[407143.61042853701,66386.374344446827],[407135.44771519623,66460.639287773316],[407133.00021353504,66498.995510282548],[407133.70887353527,66505.386901683247],[407139.41489886766,66573.198445863192],[407031.71104603482,66578.939904188039],[407034.72941270209,66566.886122515265],[407041.65853270498,66556.748347522836],[407052.59683103859,66549.448493355914],[407086.45175020956,66529.628979183166],[407091.3828427032,66526.745126684007],[407093.09543770022,66504.609344180979],[407100.63151187496,66399.087573605371],[407100.214846035,66330.15693719394],[407102.6361010375,66277.036964685962],[407119.532392703,66211.843525527627],[407130.66097937187,66198.588958857727],[407151.4378407058,66177.446940776819],[407157.449311623,66170.433503352673],[407159.45291653601,66153.401385191872],[407159.45291653328,66138.372871936197],[407165.46438745398,66119.336492696137],[407183.26356444723,66106.557646856847],[407231.75034412125,66159.494220773777]]]},"properties":{"OBJECTID":18528,"ACRES":0.62469541000000006,"LU15":1700,"LABEL15":"OTHER URBAN OR BUILT-UP LAND","TYPE15":"URBAN","IS15":63.457397319999998,"DV15":0}},{"type":"Feature","id":18529,"geometry":{"type":"Polygon","coordinates":[[[408529.86881086905,66672.220885609117],[408436.36965403927,66665.829822277534],[408409.81983836798,66666.780935854738],[408415.06261003349,66505.227453192114],[408424.35360195348,66218.921595351276],[408483.9322229519,66233.816250600445],[408547.04233294877,66232.538037936945],[408529.86881086905,66672.220885609117]]]},"properties":{"OBJECTID":18529,"ACRES":1.2252950499999999,"LU15":1700,"LABEL15":"OTHER URBAN OR BUILT-UP LAND","TYPE15":"URBAN","IS15":24.998701199999999,"DV15":0}},{"type":"Feature","id":18558,"geometry":{"type":"Polygon","coordinates":[[[407806.991319625,69518.008173025664],[407797.64488162455,69542.041589525135],[407783.89556528581,69562.756771186119],[407766.83851277997,69583.224578021647],[407738.95044520812,69606.248482098425],[407706.84716295311,69631.866541106225],[407691.60637978651,69631.217592269779],[407662.64187078882,69624.826857025342],[407613.5632287882,69603.17434127866],[407602.01535161817,69588.739330772733],[407589.02390778827,69568.530709765779],[407578.91926920781,69549.764999269697],[407574.54230945482,69538.474339433],[407561.89535312005,69528.421866101082],[407555.82351487316,69526.669244951423],[407544.70870770479,69522.5849355174],[407529.84029911691,69522.338873024695],[407483.6487904549,69519.451739686789],[407411.07938178617,69492.373709852385],[407391.91439386958,69478.345194608468],[407367.36949545378,69469.318965937156],[407324.89713945094,69453.699902678665],[407301.1166752064,69447.21467943849],[407220.26381853811,69413.057267437383],[407190.41085987189,69395.443785602125],[407176.1848384536,69379.432990848887],[407168.8118217013,69360.74077102133],[407161.89385654015,69331.771996941243],[407151.03068928473,69319.570905848173],[407144.86600345053,69313.825182443921],[407118.27845820127,69289.043735944957],[407091.01867019403,69261.066757765846],[407135.04023570381,69219.490725435666],[407206.11325628374,69152.366187770007],[407320.7803497939,69044.069488355031],[407324.86465920444,69040.211884517776],[407345.53358111728,69019.543290694724],[407383.28252136678,68981.794350435244],[407374.1221066193,68972.737610023221],[407397.09482970135,68940.967332360262],[407412.4412556985,68919.738372181804],[407422.61151094828,68902.580270028164],[407431.45466912154,68885.931681269984],[407435.62099936901,68878.08819302237],[407448.19413696002,68854.416324357473],[407459.37062378298,68833.375027851536],[407471.15636136895,68806.031906686403],[407474.26265436865,68798.825228187925],[407483.92536469985,68776.406965934089],[407505.36954753473,68718.975322270329],[407520.92102561868,68666.856988188709],[407528.43282161391,68641.681841689759],[407544.10798711859,68574.202974019427],[407571.37564911513,68592.949327605427],[407571.36646278331,68592.978527019688],[407593.58098528825,68610.517862029592],[407553.83861070161,68759.272485771377],[407525.58440212009,68833.625683512248],[407587.58034111734,68927.619918111974],[407606.34605162812,68963.707116277947],[407613.56322878838,68975.254993442039],[407592.19352087367,68983.182142945836],[407488.98965903692,68994.794324435017],[407436.46909478784,69009.966866263814],[407380.91375970352,69046.42512668448],[407347.92760520248,69101.9807898656],[407337.51095937414,69140.174939180026],[407335.35873270681,69172.4589953502],[407306.58615245175,69174.764108853109],[407193.35376736656,69253.086786853062],[407298.70132570359,69401.626516023607],[407360.06406386715,69437.374804103194],[407385.31073253491,69453.592619427538],[407517.390520869,69491.484275939627],[407543.3734085373,69494.731972858906],[407573.68666811899,69495.814647859865],[407639.72656228731,69487.153575932491],[407666.79212494695,69481.740529031187],[407818.35875095398,69409.204912936853],[407834.59821978386,69395.130794102748],[407854.08538554126,69374.561281434406],[407875.86158870417,69331.599753192626],[407897.6115452036,69288.690390183867],[407947.65573645633,69189.960928852146],[407795.84436029801,69129.758293356179],[407766.61672845145,69047.928732598142],[407775.68068670208,69028.113155442115],[407791.11700753769,68975.826514605287],[407842.59689145634,68919.691128185164],[407871.21888145321,68883.224665688758],[407871.77662311902,68881.620338184599],[407881.97017228359,68852.35858568651],[407903.33102195326,68803.402974930301],[407928.03799353476,68801.823909857703],[407949.78106028517,68809.859654938031],[407932.89887620235,68851.824137932781],[407941.34997478721,68854.691258184583],[407958.48904811713,68862.033763187923],[407929.92611312272,68918.345986530941],[407926.66168395104,68924.468021520021],[407899.38155478914,68897.470044020636],[407816.89451503276,68978.329790436226],[407823.83380561828,68986.89932709538],[407808.32497837604,69002.404545433441],[407815.67076420155,69019.136795438928],[407836.89152228506,69042.801446267156],[407854.44069978187,69051.781087107607],[407869.12570978521,69041.174152938649],[407888.71228479565,69057.086194602423],[407874.83435978665,69076.262665441347],[407892.793641456,69089.727205434421],[407935.63804395177,69119.107067940437],[407947.47200978646,69101.15434793313],[407996.03523286711,69138.287147688548],[408010.31341953482,69139.510898531749],[408047.85271453782,69082.79152377478],[408144.15173453745,68959.559814855311],[408075.59872203483,68872.643978189983],[408017.65920537076,68928.956201519657],[408003.37445703562,68919.166194865466],[408056.42225119966,68808.989249858671],[408138.03298037185,68874.687937356866],[408240.0475401202,68947.319025695047],[408274.32240596,68900.393266520943],[408087.842792037,68762.876809273163],[408096.81915203546,68746.147840097881],[408283.64128495328,68825.103062774811],[408302.47851762269,68833.064004859712],[408323.28917152924,68782.059841768918],[408283.64128495089,68764.406333766412],[408096.00550536957,68680.859256770345],[408121.30401120294,68622.099203679143],[408283.64128495613,68742.215433274687],[408303.29544512136,68756.758055105689],[408335.12313737068,68710.239119273581],[408283.64128495142,68669.228374527243],[408171.56014428369,68579.943776193948],[408178.08572178689,68557.348677030765],[408283.64128495083,68602.101212192298],[408326.96370487066,68620.468629517884],[408344.09621653304,68572.315838686685],[408330.23469570419,68565.380157020802],[408357.15721403511,68500.498397029485],[408283.64128495555,68465.756668603935],[408163.73863762023,68409.094052269938],[408179.24713678734,68373.185331438101],[408283.64128495392,68401.254172939371],[408352.26221070439,68419.704267271358],[408364.37504736742,68375.285064775526],[408382.12599612208,68380.04752243383],[408363.9196677045,68641.553889188144],[408353.05846895062,68771.885977609156],[408349.8908243652,68785.462065940606],[408291.75511386921,68916.175059104353],[408283.64128495514,68933.755076443296],[408256.21483062097,68993.179170183488],[408231.77754353487,69046.1268989362],[408219.55873595941,69058.798133438147],[408201.90949304285,69069.20657718835],[408175.66217020672,69073.731830612465],[408151.22488311888,69069.658676021849],[408105.06552661781,69072.826976766621],[408087.85919619887,69097.409276691236],[408080.2460224505,69103.048701104941],[408064.68076486909,69118.613958689326],[408056.03347245033,69129.422992180771],[408043.41210662259,69152.366187767228],[408037.29532095662,69163.484931940489],[408029.28943145415,69177.343828096229],[408017.74122619984,69204.770282432888],[408006.19334903709,69222.092426273215],[407994.64514378511,69226.422798189102],[407977.32365611946,69235.083542015724],[407964.33188420295,69242.301047273097],[407938.34932462766,69278.388245440321],[407923.91759494855,69313.747426689632],[407862.82454128738,69409.736736024963],[407856.01451554126,69420.437502017681],[407848.85245637124,69438.616271435501],[407846.28651662148,69449.622811106659],[407842.07064578607,69456.756983185798],[407819.37121611641,69486.266110515411],[407806.991319625,69518.008173025664]]]},"properties":{"OBJECTID":18558,"ACRES":5.8501927,"LU15":1700,"LABEL15":"OTHER URBAN OR BUILT-UP LAND","TYPE15":"URBAN","IS15":19.79570081,"DV15":0}},{"type":"Feature","id":19670,"geometry":{"type":"Polygon","coordinates":[[[403344.62754094816,58244.760050263874],[403553.59726737021,58370.376925029712],[403390.3754809539,58518.342836442163],[403380.25739095453,58528.037698942426],[403310.93338262348,58450.849205025057],[403283.64144245384,58420.807270357749],[403219.37483870116,58350.065285853008],[403283.64144245349,58291.84591410443],[403310.30674344825,58267.689794442973],[403335.93989428738,58240.672131935346],[403344.62754094816,58244.760050263874]]]},"properties":{"OBJECTID":19670,"ACRES":1.0889608900000001,"LU15":1800,"LABEL15":"RECREATIONAL LAND","TYPE15":"URBAN","IS15":45.927922209999998,"DV15":0}},{"type":"Feature","id":19674,"geometry":{"type":"Polygon","coordinates":[[[401796.1565565294,60855.104567101509],[401790.45938945841,60860.696747523813],[401758.13169820153,60892.427327112018],[401729.73214870173,60860.905080441466],[401724.74561012781,60855.370314606851],[401693.95170845365,60821.512114606325],[401690.60525845696,60817.831019603349],[401681.08756095968,60809.379592931698],[401728.02874003415,60749.636602188017],[401744.48802470125,60727.080873022736],[401789.6001392029,60688.674453781605],[401797.5899526233,60696.501209766779],[401816.87928411877,60680.573092019848],[401794.24842386757,60656.136461100774],[401841.34150553879,60607.671334940111],[401844.08461029024,60609.957419615697],[401910.15993745648,60545.658663690519],[401914.61104403849,60550.685228438117],[401920.45453628834,60546.459515101036],[402020.07704045001,60653.877607356371],[402025.76272462256,60659.208961520373],[402025.31325045129,60688.395254855044],[401921.23865545576,60794.927522099984],[401909.77509570663,60802.220814602682],[401899.61763570498,60806.125006267583],[401894.15176736744,60806.125006271053],[401887.63931319816,60805.344167932002],[401862.25222486706,60796.535130437354],[401796.1565565294,60855.104567101509]]]},"properties":{"OBJECTID":19674,"ACRES":1.2614155600000001,"LU15":1800,"LABEL15":"RECREATIONAL LAND","TYPE15":"URBAN","IS15":83.478848369999994,"DV15":0}},{"type":"Feature","id":19675,"geometry":{"type":"Polygon","coordinates":[[[403786.18932187121,60225.435878930934],[404278.87632861926,60743.519816522763],[404179.78171053185,60846.69579126859],[404172.34963878291,60852.52058277301],[404152.6885888672,60867.929344601675],[404053.07264637173,60956.715584361664],[404012.91819912201,60910.488314608112],[403963.19716995273,60892.693074611983],[403953.40060162131,60853.27222168813],[403951.94063078909,60847.397889604705],[403912.28519828588,60688.720057356244],[403890.69075328694,60674.530453176958],[403867.24887103419,60662.079690688959],[403857.72789270157,60654.753589854779],[403856.60584770492,60652.899919023206],[403840.88081352884,60626.918999849659],[403831.35983520281,60596.889532349065],[403825.5002668674,60571.984398438472],[403815.97928853484,60548.546125101959],[403798.39730270265,60525.107851772664],[403779.35534603853,60502.404485101135],[403771.29761936853,60490.682067607369],[403765.43805103668,60462.850758442066],[403762.50826687092,60449.665089277296],[403660.86772211822,60342.473374511246],[403412.24584403326,60080.281641687914],[403535.09664819948,59961.407207528682],[403786.18932187121,60225.435878930934]]]},"properties":{"OBJECTID":19675,"ACRES":5.3478526999999998,"LU15":1800,"LABEL15":"RECREATIONAL LAND","TYPE15":"URBAN","IS15":60.412624960000002,"DV15":0}},{"type":"Feature","id":19676,"geometry":{"type":"Polygon","coordinates":[[[410315.70808695705,61021.126544763007],[410321.9954759496,61042.083851933829],[410336.66539412353,61058.151405106088],[410346.80054445378,61065.404671446733],[410404.53763370117,61138.662070855476],[410428.58122078999,61163.742401277545],[410413.84535786783,61178.478264185273],[410263.93194378511,61020.255483523935],[410244.34536878887,61039.533660192799],[410239.25810861861,61044.369608519133],[410059.09245845088,60848.982532109549],[410043.77129486535,60832.367079777534],[410039.09610737435,60828.592152948717],[409967.03260320454,60754.40562151948],[409838.3448684584,60678.713515689284],[409645.06736787007,60565.002785104494],[409607.157010625,60545.202955948851],[409598.54482312436,60537.565175936914],[409575.47072228586,60517.109180105559],[409502.41640645347,60440.557495945199],[409417.62622170494,60351.702358690236],[409043.81397720287,59959.980045018427],[408855.43804161984,59762.565085524198],[408669.65724520048,59567.863703268486],[408481.43878962274,59370.632798529376],[408493.74191461224,59358.920223523142],[408303.25312237698,59152.3661746859],[408283.64128495072,59131.100141097748],[408182.57390178385,59021.508824858931],[408123.39783903892,58959.441035603028],[408100.0638962065,58934.966675102929],[408110.2449782074,58925.090710597906],[408124.75905678386,58911.011014356511],[408227.6525517925,58811.197237611865],[408283.64128495357,58868.208934606402],[408289.25019761646,58873.920209276926],[408283.64128495537,58879.285684106762],[408184.18151011976,58974.428866522983],[408283.64128495322,59072.415875276121],[408341.05488403671,59128.97941044288],[408364.8205845324,59152.366174683448],[408511.99319045077,59297.19134434974],[408644.34561603633,59435.340674365099],[408657.50175770244,59453.30356493681],[408752.69185603742,59558.900466614126],[408867.65914579143,59678.139401355053],[408965.16879328835,59777.686774434282],[409093.56453386799,59908.76590861025],[409139.40794612031,59959.609310852939],[409482.28193228139,60307.476725356762],[409541.65845394629,60373.972655357407],[409596.97002311819,60409.00211285035],[409648.25305703556,60428.309817019013],[409691.78315370169,60451.617185111681],[409773.1871903697,60543.536292607838],[409830.50039595325,60576.577565103027],[409881.78310178488,60595.898720695186],[409911.56650678732,60618.940013188752],[409909.73252095567,60632.092874023088],[409910.90049762116,60637.155199860383],[409912.06847428583,60639.491153191579],[409915.18198511866,60640.275272356928],[409932.31449678395,60647.670270692033],[409979.18809069833,60674.048170694638],[410051.6124865358,60716.882730686768],[410079.44379570655,60735.624163019413],[410098.45064745739,60751.475509279975],[410115.72718770383,60765.883945024834],[410127.02637770079,60775.307154523594],[410129.18811878818,60788.50036961252],[410127.09232245071,60801.773308934418],[410121.50375095481,60817.142044612548],[410122.90105786693,60826.223391267806],[410127.0503277838,60832.081319188743],[410134.777018369,60842.989433858827],[410207.42877595156,60911.449598769097],[410222.09902219911,60934.5030303569],[410238.16591920564,60952.66605177032],[410253.87618962652,60970.424874525132],[410269.1448598667,60981.671571192092],[410267.831214201,60982.663367102519],[410278.68355470855,60982.00621618882],[410315.70808695705,61021.126544763007]]]},"properties":{"OBJECTID":19676,"ACRES":5.2806024100000002,"LU15":1800,"LABEL15":"RECREATIONAL LAND","TYPE15":"URBAN","IS15":93.202419950000007,"DV15":0}},{"type":"Feature","id":19679,"geometry":{"type":"Polygon","coordinates":[[[408283.64128495037,61608.939673596826],[408371.84550486837,61699.215411686804],[408283.64128495089,61783.218524527678],[407966.60911061824,62085.150663432469],[407809.11894003133,61919.24187451871],[407781.16295920068,61889.487668944043],[408186.87507428264,61509.901157771004],[408283.64128495037,61608.939673596826]]]},"properties":{"OBJECTID":19679,"ACRES":3.4197476,"LU15":1800,"LABEL15":"RECREATIONAL LAND","TYPE15":"URBAN","IS15":37.139920070000002,"DV15":0}},{"type":"Feature","id":19682,"geometry":{"type":"Polygon","coordinates":[[[409831.34258586919,62548.435498022176],[409740.73974869802,62451.553145860162],[409828.28583345731,62368.614991517316],[409737.81652620342,62275.590243179817],[409775.25083453616,62237.014204856147],[409796.25833845511,62216.662867612424],[409992.98071404046,62030.35385701761],[410187.32284503954,61846.299107020881],[410203.63842920313,61863.301697692317],[410180.60829153564,61885.235380854479],[410198.35431903898,61906.530941940226],[410154.22907920438,61961.687655777234],[410140.74583844992,61997.233188349368],[410132.16613120079,62035.230159606181],[410126.03753454011,62079.355727527058],[410116.23177986912,62096.51547010892],[410095.39487929194,62108.77266344073],[410068.42938203603,62136.963551941517],[410047.59215336648,62181.089119851473],[410035.33528812579,62214.183541862731],[410009.59551020304,62281.597449017783],[410002.2411942035,62308.562618186559],[409994.88687820686,62366.170770691584],[409976.41086528811,62406.90001993889],[410010.06729404099,62442.440631262994],[409952.03558595222,62494.500894610122],[409918.5153117929,62464.675166850771],[409831.34258586919,62548.435498022176]]]},"properties":{"OBJECTID":19682,"ACRES":2.61357887,"LU15":1800,"LABEL15":"RECREATIONAL LAND","TYPE15":"URBAN","IS15":51.035404610000001,"DV15":0}},{"type":"Feature","id":19686,"geometry":{"type":"Polygon","coordinates":[[[407476.37616721017,63294.901196690953],[407667.81344836601,63485.061905601382],[407407.08168636862,63741.449844273549],[407408.08824603347,63701.818689934138],[407250.24177695427,63534.604457441987],[407253.05902853631,63531.78720585518],[407247.88220161712,63526.37415893178],[407238.43012078817,63512.19439727041],[407234.13222911913,63506.180629769333],[407253.46617994877,63487.702976441557],[407231.12370495824,63465.787009769061],[407258.14563254244,63441.185681028437],[407154.79150853585,63326.069113350291],[407129.09274103533,63302.942519190467],[407047.28909886925,63251.990521354412],[407046.67984811909,63249.079766025214],[407032.35671402974,63238.663120191195],[407002.20126253576,63266.1578158552],[407001.59398028516,63266.077763523877],[406967.46708004118,63262.43210152047],[406966.2006783695,63261.412746606002],[406796.0015436986,63238.980048687947],[406773.31917437009,63215.966971354188],[406773.73846486665,63215.580161106853],[406879.29632462008,63118.769331095988],[407111.76994103927,62898.36918134868],[407294.09601995745,63098.713596939451],[407476.37616721017,63294.901196690953]]]},"properties":{"OBJECTID":19686,"ACRES":6.0335776000000001,"LU15":1800,"LABEL15":"RECREATIONAL LAND","TYPE15":"URBAN","IS15":90.897555909999994,"DV15":0}},{"type":"Feature","id":19694,"geometry":{"type":"Polygon","coordinates":[[[406897.34418878751,69114.369216522391],[406889.0108721194,69117.146770023421],[406878.59422628768,69117.841322437089],[406873.03879119927,69116.452545691151],[406862.6221453668,69109.508005772688],[406853.59427628701,69098.396807520228],[406849.42761795316,69092.146820019378],[406848.03851311875,69087.980161689848],[406848.0385131198,69083.813503359212],[406849.83739403845,69056.030422437994],[406854.61461545283,69052.151821273976],[407115.93659937079,68817.40130652237],[407116.06127103907,68811.440032351267],[407113.613769371,68801.646744849975],[407111.9799143679,68793.480422600493],[407105.45105603721,68782.873488435172],[407038.53189852898,68710.239119269638],[407008.33510853414,68691.469471771663],[406994.46013628691,68680.85925676745],[406988.74820545426,68664.540391778617],[406993.64648961875,68651.479394275186],[407007.51818103669,68630.258636187005],[407019.76225103589,68619.651702018993],[407027.92168352939,68616.387272852051],[407037.71497103333,68617.200919519935],[407047.50825854013,68628.628062022311],[407110.34934020269,68697.998330100425],[407150.33941770083,68742.886691774533],[407208.89605912479,68789.894471772539],[407304.32237745257,68866.495368444972],[407287.63704336918,68892.333899439851],[407258.2693199573,68918.752809857993],[407191.3436007899,68851.833652359011],[407187.26224412106,68854.806087354489],[407182.37052161974,68858.362510687904],[407174.30721753649,68849.565284180455],[406897.34418878751,69114.369216522391]]]},"properties":{"OBJECTID":19694,"ACRES":1.1947546200000001,"LU15":1800,"LABEL15":"RECREATIONAL LAND","TYPE15":"URBAN","IS15":69.668066100000004,"DV15":0}},{"type":"Feature","id":19695,"geometry":{"type":"Polygon","coordinates":[[[407608.34440720559,69051.633449601839],[407648.27477354248,69060.313878444955],[407679.52471103828,69075.938847188139],[407693.41379086406,69091.564144022777],[407712.51086553576,69112.397435687933],[407715.98297145101,69143.647373190805],[407717.71918845217,69173.161093691742],[407700.35800270288,69211.355571108536],[407679.5247110374,69235.661296774837],[407653.483096454,69256.494588440037],[407592.71911037219,69284.272420021807],[407547.58042111684,69289.480742946078],[407512.78685553977,69279.991588696968],[407509.3954581194,69278.474531357351],[407448.62195762206,69251.286265532035],[407426.05244895333,69232.188862768584],[407412.16369720612,69199.203036356717],[407408.69159128575,69164.480664846909],[407413.89991420216,69131.494510354067],[407436.46909478673,69098.508355865197],[407453.83028053626,69081.14717010739],[407488.55265203788,69065.522201353378],[407488.55265203741,69046.425126688584],[407606.60819020378,69034.272263849489],[407608.34440720559,69051.633449601839]]]},"properties":{"OBJECTID":19695,"ACRES":1.36161368,"LU15":1800,"LABEL15":"RECREATIONAL LAND","TYPE15":"URBAN","IS15":64.278375249999996,"DV15":0}},{"type":"Feature","id":19696,"geometry":{"type":"Polygon","coordinates":[[[406740.72671987093,69545.045520525324],[406746.25164320454,69557.597988860725],[406741.80611403374,69590.740967183345],[406732.25593628298,69608.555892180826],[406727.3966940383,69617.620834684334],[406724.83239469788,69625.559139024772],[406698.62706653826,69657.112553603511],[406659.70621262491,69613.040791361607],[406581.67815346102,69524.687949696498],[406662.63205979019,69455.297996600522],[406662.84597012575,69455.114598021057],[406740.72671987093,69545.045520525324]]]},"properties":{"OBJECTID":19696,"ACRES":0.39042880000000002,"LU15":1800,"LABEL15":"RECREATIONAL LAND","TYPE15":"URBAN","IS15":25.785775220000001,"DV15":0}},{"type":"Feature","id":19922,"geometry":{"type":"Polygon","coordinates":[[[407718.22345254145,60467.220828451733],[407626.92901570007,60367.49169718643],[407578.36283987254,60414.237666695582],[407484.79150470055,60315.068245608221],[407535.12637778814,60267.335729518803],[407718.22345253156,60093.647756687831],[407776.28107920266,60148.775927273105],[407904.37498312059,60287.260230352091],[407718.22345254145,60467.220828451733]]]},"properties":{"OBJECTID":19922,"ACRES":1.8081084700000001,"LU15":1804,"LABEL15":"ATHLETIC FIELDS (SCHOOLS)","TYPE15":"URBAN","IS15":53.598551989999997,"DV15":0}},{"type":"Feature","id":19974,"geometry":{"type":"Polygon","coordinates":[[[403558.69272962003,56359.556799697209],[403541.48114986869,56374.937346358893],[403394.25375403359,56509.711026933895],[403341.92183770565,56463.022472025776],[403317.7548912866,56441.461491520407],[403283.64144245238,56411.026513018463],[403239.33641295397,56371.499033020293],[403283.64144245331,56325.502733931091],[403396.96700320143,56207.85073826836],[403558.69272962003,56359.556799697209]]]},"properties":{"OBJECTID":19974,"ACRES":1.1055297500000001,"LU15":1810,"LABEL15":"STADIUM, THEATERS, CULTURAL CENTERS AND ZOOS","TYPE15":"URBAN","IS15":100,"DV15":0}},{"type":"Feature","id":19978,"geometry":{"type":"Polygon","coordinates":[[[404203.86958887422,55806.55790569113],[404125.04756803514,55879.366487107814],[404010.35586829006,55985.307876270708],[404035.52970245434,56013.096862685772],[404023.3742149566,56025.511536018596],[404001.10391828476,56048.257553529089],[404145.40185803932,56137.617611021575],[404138.94517803268,56155.097891023892],[404068.35706462257,56212.02363019011],[404084.2720590352,56221.767705191596],[404064.27997303195,56238.611831604576],[403926.24087903666,56367.571547441046],[403885.40861162386,56405.718124687315],[403792.12697402935,56491.389213186412],[403713.37745961262,56563.713543605023],[403541.48114986869,56374.937346358893],[403558.69272962003,56359.556799697209],[403396.96700320143,56207.85073826836],[403685.2213479515,55898.7955821059],[403693.27152870159,55889.599734354342],[403963.68634219689,55586.493385185167],[403981.91530836915,55599.514028452613],[404469.51932003704,55101.90577169256],[404535.80527670082,55162.699613360601],[404543.13170561654,55258.654473942646],[404581.21889978816,55295.278416432528],[404568.40068395826,55308.460804771959],[404614.26017228636,55355.527967854017],[404607.15716812358,55362.585040350714],[404586.02368020231,55382.545630356042],[404613.65977978334,55428.249279112126],[404500.45987495332,55538.414413110528],[404225.60543777863,55797.752149012733],[404219.74586945237,55791.892580691587],[404203.86958887422,55806.55790569113]]]},"properties":{"OBJECTID":19978,"ACRES":13.342538040000001,"LU15":1810,"LABEL15":"STADIUM, THEATERS, CULTURAL CENTERS AND ZOOS","TYPE15":"URBAN","IS15":96.962706330000003,"DV15":0}},{"type":"Feature","id":19979,"geometry":{"type":"Polygon","coordinates":[[[406177.73440753744,56349.52401136409],[406246.71097561857,56426.557978021898],[406247.42947811924,56438.808609688698],[406247.60664312076,56441.787606358332],[406242.229357287,56460.599904686715],[406233.27268228534,56470.452247183057],[406205.50370895409,56495.534546100062],[406184.35611345049,56535.088928936311],[406172.26460219955,56550.998345934146],[406043.71499053389,56671.911489938451],[405834.3446743688,56860.917345513953],[405659.3394469528,57022.558754523838],[405542.26094095316,57132.132026192383],[405375.77538153384,57028.171276095709],[405445.15253936785,56964.087414772708],[405923.33170112415,56522.407851933924],[405947.07181111898,56514.028603603598],[405953.78767695022,56511.659841931032],[406137.42280836566,56350.419678854196],[406152.64259420446,56345.908533027003],[406161.60911170882,56343.254338851984],[406177.73440753744,56349.52401136409]]]},"properties":{"OBJECTID":19979,"ACRES":4.2876062499999996,"LU15":1810,"LABEL15":"STADIUM, THEATERS, CULTURAL CENTERS AND ZOOS","TYPE15":"URBAN","IS15":92.622519120000007,"DV15":0}},{"type":"Feature","id":19980,"geometry":{"type":"Polygon","coordinates":[[[406273.44976728677,57000.28550509971],[406060.26121728378,57196.291346680489],[405974.98546919913,57276.475897610137],[405970.20759162074,57303.526368439576],[405640.95332886727,57189.306452520199],[406015.14910278324,56831.453165602819],[406034.50306670554,56856.072538932422],[406043.36787836725,56865.495092279991],[406195.17433328327,56708.255905435719],[406175.94143212808,56679.972169356806],[406364.87707787286,56501.218917939666],[406395.40851287002,56532.260194444025],[406552.17033845349,56695.294973360622],[406558.44001095195,56713.208323346022],[406555.75300845451,56734.707624190465],[406544.10933095193,56753.519922517713],[406487.37322395667,56807.987333273813],[406436.36413962016,56844.371446862489],[406273.44976728677,57000.28550509971]]]},"properties":{"OBJECTID":19980,"ACRES":6.1363825500000004,"LU15":1810,"LABEL15":"STADIUM, THEATERS, CULTURAL CENTERS AND ZOOS","TYPE15":"URBAN","IS15":98.520934550000007,"DV15":0}},{"type":"Feature","id":19981,"geometry":{"type":"Polygon","coordinates":[[[406621.48450428026,57092.33223702453],[406665.2606634511,57138.969282857208],[406761.97667736799,57242.000900937288],[406773.53833403147,57254.317149265349],[406443.30736720416,57561.407086275198],[406241.39012011967,57433.990346344763],[406500.56250203442,57191.020031775646],[406614.15840345243,57084.527134524847],[406621.48450428026,57092.33223702453]]]},"properties":{"OBJECTID":19981,"ACRES":2.5605416600000002,"LU15":1810,"LABEL15":"STADIUM, THEATERS, CULTURAL CENTERS AND ZOOS","TYPE15":"URBAN","IS15":92.011184330000006,"DV15":0}},{"type":"Feature","id":19983,"geometry":{"type":"Polygon","coordinates":[[[407951.07436478656,65451.416896774754],[407872.638498038,65524.92363952352],[407814.8177475367,65579.110539026937],[407664.47027920332,65720.006254612046],[407632.62618278421,65749.858557106825],[407556.61583611858,65676.173993191507],[407530.44758136588,65660.074944015956],[407518.32391795312,65654.576595429447],[407518.47089929046,65643.111395275948],[407516.73468228517,65633.562857925179],[407516.73468228808,65627.486426516261],[407518.47089929093,65623.146212099819],[407542.7762968723,65579.743411780117],[407547.11651128362,65571.930763354801],[407547.98461978836,65565.854660017198],[407549.72083679517,65553.701797190326],[407540.17229945131,65494.67402810949],[407534.96397653443,65465.159979526776],[407535.83208503143,65430.43793610893],[407532.35965103371,65403.528213022008],[407525.41511111945,65365.333735607943],[407525.41511111858,65360.993521193086],[407525.41511111782,65348.840658352245],[407530.62376211543,65332.347581107832],[407540.17229945259,65320.194718273946],[407560.13748261705,65309.778072442059],[407567.08202254237,65307.174075019524],[407580.97077428456,65307.174075017771],[407613.08882028866,65317.590720851644],[407620.03336020233,65302.833532515579],[407611.35293137474,65270.715486527013],[407612.80043502984,65267.449745026308],[407613.46939695271,65264.107232018127],[407626.15309861739,65237.322508685735],[407627.30139028473,65235.027237687333],[407577.10234370828,65182.965005851103],[407607.98646828509,65150.163562271227],[407553.19294270687,65088.42385635589],[407540.17197136942,65044.15327561053],[407558.00494095113,65027.441366781743],[407561.28446195106,65030.803564775844],[407584.34543945041,65056.820573107478],[407711.00561920356,65198.77599786115],[407760.05735837255,65250.042299519606],[407810.40830753499,65302.66358534406],[407951.07436478656,65451.416896774754]]]},"properties":{"OBJECTID":19983,"ACRES":3.4217592400000001,"LU15":1810,"LABEL15":"STADIUM, THEATERS, CULTURAL CENTERS AND ZOOS","TYPE15":"URBAN","IS15":87.043736240000001,"DV15":0}}]}